Cache sync 1 at Sat Mar  7 09:24:36 UTC 2026
Cache sync 2 at Sat Mar  7 09:24:36 UTC 2026
Cache sync 3 at Sat Mar  7 09:24:36 UTC 2026
Cache sync 4 at Sat Mar  7 09:24:36 UTC 2026
Cache sync 5 at Sat Mar  7 09:24:36 UTC 2026
Cache sync 6 at Sat Mar  7 09:24:36 UTC 2026
Cache sync 7 at Sat Mar  7 09:24:36 UTC 2026
Cache sync 8 at Sat Mar  7 09:24:36 UTC 2026
Cache sync 9 at Sat Mar  7 09:24:36 UTC 2026
Cache sync 10 at Sat Mar  7 09:24:36 UTC 2026
Cache sync 11 at Sat Mar  7 09:24:36 UTC 2026
Cache sync 12 at Sat Mar  7 09:24:36 UTC 2026
Cache sync 13 at Sat Mar  7 09:24:36 UTC 2026
Cache sync 14 at Sat Mar  7 09:24:36 UTC 2026
Cache sync 15 at Sat Mar  7 09:24:36 UTC 2026
Cache sync 16 at Sat Mar  7 09:24:36 UTC 2026
Cache sync 17 at Sat Mar  7 09:24:36 UTC 2026
Cache sync 18 at Sat Mar  7 09:24:36 UTC 2026
Cache sync 19 at Sat Mar  7 09:24:36 UTC 2026
Cache sync 20 at Sat Mar  7 09:24:36 UTC 2026
Cache sync 21 at Sat Mar  7 09:24:36 UTC 2026
Cache sync 22 at Sat Mar  7 09:24:36 UTC 2026
Cache sync 23 at Sat Mar  7 09:24:36 UTC 2026
Cache sync 24 at Sat Mar  7 09:24:36 UTC 2026
Cache sync 25 at Sat Mar  7 09:24:36 UTC 2026
Cache sync 26 at Sat Mar  7 09:24:36 UTC 2026
Cache sync 27 at Sat Mar  7 09:24:36 UTC 2026
Cache sync 28 at Sat Mar  7 09:24:36 UTC 2026
Cache sync 29 at Sat Mar  7 09:24:36 UTC 2026
Cache sync 30 at Sat Mar  7 09:24:36 UTC 2026
Cache sync 31 at Sat Mar  7 09:24:36 UTC 2026
Cache sync 32 at Sat Mar  7 09:24:36 UTC 2026
Cache sync 33 at Sat Mar  7 09:24:36 UTC 2026
Cache sync 34 at Sat Mar  7 09:24:36 UTC 2026
Cache sync 35 at Sat Mar  7 09:24:36 UTC 2026
Cache sync 36 at Sat Mar  7 09:24:36 UTC 2026
Cache sync 37 at Sat Mar  7 09:24:36 UTC 2026
Cache sync 38 at Sat Mar  7 09:24:36 UTC 2026
Cache sync 39 at Sat Mar  7 09:24:36 UTC 2026
Cache sync 40 at Sat Mar  7 09:24:36 UTC 2026
Cache sync 41 at Sat Mar  7 09:24:36 UTC 2026
Cache sync 42 at Sat Mar  7 09:24:36 UTC 2026
Cache sync 43 at Sat Mar  7 09:24:36 UTC 2026
Cache sync 44 at Sat Mar  7 09:24:36 UTC 2026
Cache sync 45 at Sat Mar  7 09:24:36 UTC 2026
Cache sync 46 at Sat Mar  7 09:24:36 UTC 2026
Cache sync 47 at Sat Mar  7 09:24:36 UTC 2026
Cache sync 48 at Sat Mar  7 09:24:36 UTC 2026
Cache sync 49 at Sat Mar  7 09:24:36 UTC 2026
Cache sync 50 at Sat Mar  7 09:24:36 UTC 2026
Cache sync 51 at Sat Mar  7 09:24:36 UTC 2026
Cache sync 52 at Sat Mar  7 09:24:36 UTC 2026
Cache sync 53 at Sat Mar  7 09:24:36 UTC 2026
Cache sync 54 at Sat Mar  7 09:24:36 UTC 2026
Cache sync 55 at Sat Mar  7 09:24:36 UTC 2026
Cache sync 56 at Sat Mar  7 09:24:36 UTC 2026
Cache sync 57 at Sat Mar  7 09:24:36 UTC 2026
Cache sync 58 at Sat Mar  7 09:24:36 UTC 2026
Cache sync 59 at Sat Mar  7 09:24:36 UTC 2026
Cache sync 60 at Sat Mar  7 09:24:36 UTC 2026
Cache sync 61 at Sat Mar  7 09:24:36 UTC 2026
Cache sync 62 at Sat Mar  7 09:24:36 UTC 2026
Cache sync 63 at Sat Mar  7 09:24:36 UTC 2026
Cache sync 64 at Sat Mar  7 09:24:36 UTC 2026
Cache sync 65 at Sat Mar  7 09:24:36 UTC 2026
Cache sync 66 at Sat Mar  7 09:24:36 UTC 2026
Cache sync 67 at Sat Mar  7 09:24:36 UTC 2026
Cache sync 68 at Sat Mar  7 09:24:36 UTC 2026
Cache sync 69 at Sat Mar  7 09:24:36 UTC 2026
Cache sync 70 at Sat Mar  7 09:24:36 UTC 2026
Cache sync 71 at Sat Mar  7 09:24:36 UTC 2026
Cache sync 72 at Sat Mar  7 09:24:36 UTC 2026
Cache sync 73 at Sat Mar  7 09:24:36 UTC 2026
Cache sync 74 at Sat Mar  7 09:24:36 UTC 2026
Cache sync 75 at Sat Mar  7 09:24:36 UTC 2026
Cache sync 76 at Sat Mar  7 09:24:36 UTC 2026
Cache sync 77 at Sat Mar  7 09:24:36 UTC 2026
Cache sync 78 at Sat Mar  7 09:24:36 UTC 2026
Cache sync 79 at Sat Mar  7 09:24:36 UTC 2026
Cache sync 1 at Sat Mar  7 17:22:49 UTC 2026
Cache sync 2 at Sat Mar  7 17:22:49 UTC 2026
Cache sync 3 at Sat Mar  7 17:22:49 UTC 2026
Cache sync 4 at Sat Mar  7 17:22:49 UTC 2026
Cache sync 5 at Sat Mar  7 17:22:49 UTC 2026
Cache sync 6 at Sat Mar  7 17:22:49 UTC 2026
Cache sync 7 at Sat Mar  7 17:22:49 UTC 2026
Cache sync 8 at Sat Mar  7 17:22:49 UTC 2026
Cache sync 9 at Sat Mar  7 17:22:49 UTC 2026
Cache sync 10 at Sat Mar  7 17:22:49 UTC 2026
Cache sync 11 at Sat Mar  7 17:22:49 UTC 2026
Cache sync 12 at Sat Mar  7 17:22:49 UTC 2026
Cache sync 13 at Sat Mar  7 17:22:49 UTC 2026
Cache sync 14 at Sat Mar  7 17:22:49 UTC 2026
Cache sync 15 at Sat Mar  7 17:22:49 UTC 2026
Cache sync 16 at Sat Mar  7 17:22:49 UTC 2026
Cache sync 17 at Sat Mar  7 17:22:49 UTC 2026
Cache sync 18 at Sat Mar  7 17:22:49 UTC 2026
Cache sync 19 at Sat Mar  7 17:22:49 UTC 2026
Cache sync 20 at Sat Mar  7 17:22:49 UTC 2026
Cache sync 21 at Sat Mar  7 17:22:49 UTC 2026
Cache sync 22 at Sat Mar  7 17:22:49 UTC 2026
Cache sync 23 at Sat Mar  7 17:22:49 UTC 2026
Cache sync 24 at Sat Mar  7 17:22:49 UTC 2026
Cache sync 25 at Sat Mar  7 17:22:49 UTC 2026
Cache sync 26 at Sat Mar  7 17:22:49 UTC 2026
Cache sync 27 at Sat Mar  7 17:22:49 UTC 2026
Cache sync 28 at Sat Mar  7 17:22:49 UTC 2026
Cache sync 29 at Sat Mar  7 17:22:49 UTC 2026
Cache sync 30 at Sat Mar  7 17:22:49 UTC 2026
Cache sync 31 at Sat Mar  7 17:22:49 UTC 2026
Cache sync 32 at Sat Mar  7 17:22:49 UTC 2026
Cache sync 33 at Sat Mar  7 17:22:49 UTC 2026
Cache sync 34 at Sat Mar  7 17:22:49 UTC 2026
Cache sync 35 at Sat Mar  7 17:22:49 UTC 2026
Cache sync 36 at Sat Mar  7 17:22:49 UTC 2026
Cache sync 37 at Sat Mar  7 17:22:49 UTC 2026
Cache sync 1 at Sun Mar  8 17:24:36 UTC 2026
Cache sync 2 at Sun Mar  8 17:24:36 UTC 2026
Cache sync 3 at Sun Mar  8 17:24:36 UTC 2026
Cache sync 4 at Sun Mar  8 17:24:36 UTC 2026
Cache sync 5 at Sun Mar  8 17:24:36 UTC 2026
Cache sync 6 at Sun Mar  8 17:24:36 UTC 2026
Cache sync 7 at Sun Mar  8 17:24:36 UTC 2026
Cache sync 8 at Sun Mar  8 17:24:36 UTC 2026
Cache sync 9 at Sun Mar  8 17:24:36 UTC 2026
Cache sync 10 at Sun Mar  8 17:24:36 UTC 2026
Cache sync 11 at Sun Mar  8 17:24:36 UTC 2026
Cache sync 12 at Sun Mar  8 17:24:36 UTC 2026
Cache sync 13 at Sun Mar  8 17:24:36 UTC 2026
Cache sync 14 at Sun Mar  8 17:24:36 UTC 2026
Cache sync 15 at Sun Mar  8 17:24:36 UTC 2026
Cache sync 16 at Sun Mar  8 17:24:36 UTC 2026
Cache sync 17 at Sun Mar  8 17:24:36 UTC 2026
Cache sync 18 at Sun Mar  8 17:24:36 UTC 2026
Cache sync 19 at Sun Mar  8 17:24:36 UTC 2026
Cache sync 20 at Sun Mar  8 17:24:36 UTC 2026
Cache sync 21 at Sun Mar  8 17:24:36 UTC 2026
Cache sync 22 at Sun Mar  8 17:24:36 UTC 2026
Cache sync 23 at Sun Mar  8 17:24:36 UTC 2026
Cache sync 24 at Sun Mar  8 17:24:36 UTC 2026
Cache sync 25 at Sun Mar  8 17:24:36 UTC 2026
Cache sync 26 at Sun Mar  8 17:24:36 UTC 2026
Cache sync 27 at Sun Mar  8 17:24:36 UTC 2026
Cache sync 28 at Sun Mar  8 17:24:36 UTC 2026
Cache sync 29 at Sun Mar  8 17:24:36 UTC 2026
Cache sync 30 at Sun Mar  8 17:24:36 UTC 2026
Cache sync 31 at Sun Mar  8 17:24:36 UTC 2026
Cache sync 32 at Sun Mar  8 17:24:36 UTC 2026
Cache sync 33 at Sun Mar  8 17:24:36 UTC 2026
Cache sync 34 at Sun Mar  8 17:24:36 UTC 2026
Cache sync 35 at Sun Mar  8 17:24:36 UTC 2026
Cache sync 36 at Sun Mar  8 17:24:36 UTC 2026
Cache sync 37 at Sun Mar  8 17:24:36 UTC 2026
Cache sync 38 at Sun Mar  8 17:24:36 UTC 2026
Cache sync 39 at Sun Mar  8 17:24:37 UTC 2026
Cache sync 40 at Sun Mar  8 17:24:37 UTC 2026
Cache sync 41 at Sun Mar  8 17:24:37 UTC 2026
Cache sync 42 at Sun Mar  8 17:24:37 UTC 2026
Cache sync 43 at Sun Mar  8 17:24:37 UTC 2026
Cache sync 44 at Sun Mar  8 17:24:37 UTC 2026
Cache sync 45 at Sun Mar  8 17:24:37 UTC 2026
Cache sync 46 at Sun Mar  8 17:24:37 UTC 2026
Cache sync 47 at Sun Mar  8 17:24:37 UTC 2026
Cache sync 48 at Sun Mar  8 17:24:37 UTC 2026
Cache sync 49 at Sun Mar  8 17:24:37 UTC 2026
Cache sync 50 at Sun Mar  8 17:24:37 UTC 2026
Cache sync 51 at Sun Mar  8 17:24:37 UTC 2026
Cache sync 52 at Sun Mar  8 17:24:37 UTC 2026
Cache sync 53 at Sun Mar  8 17:24:37 UTC 2026
Cache sync 54 at Sun Mar  8 17:24:37 UTC 2026
Cache sync 55 at Sun Mar  8 17:24:37 UTC 2026
Cache sync 56 at Sun Mar  8 17:24:37 UTC 2026
Cache sync 57 at Sun Mar  8 17:24:37 UTC 2026
Cache sync 58 at Sun Mar  8 17:24:37 UTC 2026
Cache sync 59 at Sun Mar  8 17:24:37 UTC 2026
Cache sync 60 at Sun Mar  8 17:24:37 UTC 2026
Cache sync 61 at Sun Mar  8 17:24:37 UTC 2026
Cache sync 62 at Sun Mar  8 17:24:37 UTC 2026
Cache sync 63 at Sun Mar  8 17:24:37 UTC 2026
Cache sync 64 at Sun Mar  8 17:24:37 UTC 2026
Cache sync 65 at Sun Mar  8 17:24:37 UTC 2026
Cache sync 66 at Sun Mar  8 17:24:37 UTC 2026
Cache sync 67 at Sun Mar  8 17:24:37 UTC 2026
Cache sync 68 at Sun Mar  8 17:24:37 UTC 2026
Cache sync 69 at Sun Mar  8 17:24:37 UTC 2026
Cache sync 70 at Sun Mar  8 17:24:37 UTC 2026
Cache sync 71 at Sun Mar  8 17:24:37 UTC 2026
Cache sync 72 at Sun Mar  8 17:24:37 UTC 2026
Cache sync 1 at Wed Mar 11 17:50:17 UTC 2026
Cache sync 2 at Wed Mar 11 17:50:17 UTC 2026
Cache sync 3 at Wed Mar 11 17:50:17 UTC 2026
Cache sync 4 at Wed Mar 11 17:50:17 UTC 2026
Cache sync 5 at Wed Mar 11 17:50:17 UTC 2026
Cache sync 6 at Wed Mar 11 17:50:17 UTC 2026
Cache sync 7 at Wed Mar 11 17:50:17 UTC 2026
Cache sync 8 at Wed Mar 11 17:50:17 UTC 2026
Cache sync 9 at Wed Mar 11 17:50:17 UTC 2026
Cache sync 10 at Wed Mar 11 17:50:17 UTC 2026
Cache sync 11 at Wed Mar 11 17:50:17 UTC 2026
Cache sync 12 at Wed Mar 11 17:50:17 UTC 2026
Cache sync 13 at Wed Mar 11 17:50:17 UTC 2026
Cache sync 14 at Wed Mar 11 17:50:17 UTC 2026
Cache sync 15 at Wed Mar 11 17:50:17 UTC 2026
Cache sync 16 at Wed Mar 11 17:50:17 UTC 2026
Cache sync 17 at Wed Mar 11 17:50:17 UTC 2026
Cache sync 18 at Wed Mar 11 17:50:17 UTC 2026
Cache sync 19 at Wed Mar 11 17:50:17 UTC 2026
Cache sync 20 at Wed Mar 11 17:50:17 UTC 2026
Cache sync 21 at Wed Mar 11 17:50:17 UTC 2026
Cache sync 22 at Wed Mar 11 17:50:17 UTC 2026
Cache sync 23 at Wed Mar 11 17:50:17 UTC 2026
Cache sync 24 at Wed Mar 11 17:50:17 UTC 2026
Cache sync 25 at Wed Mar 11 17:50:17 UTC 2026
Cache sync 26 at Wed Mar 11 17:50:17 UTC 2026
Cache sync 27 at Wed Mar 11 17:50:17 UTC 2026
Cache sync 28 at Wed Mar 11 17:50:17 UTC 2026
Cache sync 29 at Wed Mar 11 17:50:17 UTC 2026
Cache sync 30 at Wed Mar 11 17:50:17 UTC 2026
Cache sync 31 at Wed Mar 11 17:50:17 UTC 2026
Cache sync 32 at Wed Mar 11 17:50:17 UTC 2026
Cache sync 33 at Wed Mar 11 17:50:17 UTC 2026
Cache sync 34 at Wed Mar 11 17:50:17 UTC 2026
Cache sync 35 at Wed Mar 11 17:50:17 UTC 2026
Cache sync 36 at Wed Mar 11 17:50:17 UTC 2026
Cache sync 37 at Wed Mar 11 17:50:18 UTC 2026
Cache sync 38 at Wed Mar 11 17:50:18 UTC 2026
Cache sync 39 at Wed Mar 11 17:50:18 UTC 2026
Cache sync 40 at Wed Mar 11 17:50:18 UTC 2026
Cache sync 41 at Wed Mar 11 17:50:18 UTC 2026
Cache sync 42 at Wed Mar 11 17:50:18 UTC 2026
Cache sync 43 at Wed Mar 11 17:50:18 UTC 2026
Cache sync 44 at Wed Mar 11 17:50:18 UTC 2026
Cache sync 45 at Wed Mar 11 17:50:18 UTC 2026
Cache sync 46 at Wed Mar 11 17:50:18 UTC 2026
Cache sync 47 at Wed Mar 11 17:50:18 UTC 2026
Cache sync 48 at Wed Mar 11 17:50:18 UTC 2026
Cache sync 49 at Wed Mar 11 17:50:18 UTC 2026
Cache sync 50 at Wed Mar 11 17:50:18 UTC 2026
Cache sync 51 at Wed Mar 11 17:50:18 UTC 2026
Cache sync 52 at Wed Mar 11 17:50:18 UTC 2026
Cache sync 53 at Wed Mar 11 17:50:18 UTC 2026
Cache sync 54 at Wed Mar 11 17:50:18 UTC 2026
Cache sync 55 at Wed Mar 11 17:50:18 UTC 2026
Cache sync 56 at Wed Mar 11 17:50:18 UTC 2026
Cache sync 57 at Wed Mar 11 17:50:18 UTC 2026
Cache sync 58 at Wed Mar 11 17:50:18 UTC 2026
Cache sync 59 at Wed Mar 11 17:50:18 UTC 2026
Cache sync 60 at Wed Mar 11 17:50:18 UTC 2026
Cache sync 61 at Wed Mar 11 17:50:18 UTC 2026
Cache sync 62 at Wed Mar 11 17:50:18 UTC 2026
Cache sync 63 at Wed Mar 11 17:50:18 UTC 2026
Cache sync 64 at Wed Mar 11 17:50:18 UTC 2026
Cache sync 65 at Wed Mar 11 17:50:18 UTC 2026
Cache sync 66 at Wed Mar 11 17:50:18 UTC 2026
Cache sync 67 at Wed Mar 11 17:50:18 UTC 2026
Cache sync 68 at Wed Mar 11 17:50:18 UTC 2026
Cache sync 69 at Wed Mar 11 17:50:18 UTC 2026
Cache sync 70 at Wed Mar 11 17:50:18 UTC 2026
Cache sync 71 at Wed Mar 11 17:50:18 UTC 2026
Cache sync 72 at Wed Mar 11 17:50:18 UTC 2026
Cache sync 73 at Wed Mar 11 17:50:18 UTC 2026
Cache sync 74 at Wed Mar 11 17:50:18 UTC 2026
Cache sync 75 at Wed Mar 11 17:50:18 UTC 2026
Cache sync 76 at Wed Mar 11 17:50:18 UTC 2026
Cache sync 77 at Wed Mar 11 17:50:18 UTC 2026
Cache sync 78 at Wed Mar 11 17:50:18 UTC 2026
Cache sync 79 at Wed Mar 11 17:50:18 UTC 2026
Cache sync 80 at Wed Mar 11 17:50:18 UTC 2026
Cache sync 81 at Wed Mar 11 17:50:18 UTC 2026
Cache sync 82 at Wed Mar 11 17:50:18 UTC 2026
Cache sync 83 at Wed Mar 11 17:50:18 UTC 2026
Cache sync 84 at Wed Mar 11 17:50:18 UTC 2026
Cache sync 85 at Wed Mar 11 17:50:18 UTC 2026
Cache sync 1 at Thu Mar 12 17:49:56 UTC 2026
Cache sync 2 at Thu Mar 12 17:49:56 UTC 2026
Cache sync 3 at Thu Mar 12 17:49:56 UTC 2026
Cache sync 4 at Thu Mar 12 17:49:56 UTC 2026
Cache sync 5 at Thu Mar 12 17:49:56 UTC 2026
Cache sync 6 at Thu Mar 12 17:49:56 UTC 2026
Cache sync 7 at Thu Mar 12 17:49:56 UTC 2026
Cache sync 8 at Thu Mar 12 17:49:56 UTC 2026
Cache sync 9 at Thu Mar 12 17:49:56 UTC 2026
Cache sync 10 at Thu Mar 12 17:49:56 UTC 2026
Cache sync 11 at Thu Mar 12 17:49:56 UTC 2026
Cache sync 12 at Thu Mar 12 17:49:56 UTC 2026
Cache sync 13 at Thu Mar 12 17:49:56 UTC 2026
Cache sync 14 at Thu Mar 12 17:49:56 UTC 2026
Cache sync 15 at Thu Mar 12 17:49:56 UTC 2026
Cache sync 16 at Thu Mar 12 17:49:56 UTC 2026
Cache sync 17 at Thu Mar 12 17:49:56 UTC 2026
Cache sync 18 at Thu Mar 12 17:49:56 UTC 2026
Cache sync 19 at Thu Mar 12 17:49:56 UTC 2026
Cache sync 20 at Thu Mar 12 17:49:56 UTC 2026
Cache sync 21 at Thu Mar 12 17:49:56 UTC 2026
Cache sync 22 at Thu Mar 12 17:49:56 UTC 2026
Cache sync 23 at Thu Mar 12 17:49:56 UTC 2026
Cache sync 24 at Thu Mar 12 17:49:56 UTC 2026
Cache sync 25 at Thu Mar 12 17:49:56 UTC 2026
Cache sync 26 at Thu Mar 12 17:49:56 UTC 2026
Cache sync 27 at Thu Mar 12 17:49:56 UTC 2026
Cache sync 28 at Thu Mar 12 17:49:56 UTC 2026
Cache sync 29 at Thu Mar 12 17:49:56 UTC 2026
Cache sync 30 at Thu Mar 12 17:49:56 UTC 2026
Cache sync 31 at Thu Mar 12 17:49:56 UTC 2026
Cache sync 32 at Thu Mar 12 17:49:56 UTC 2026
Cache sync 33 at Thu Mar 12 17:49:57 UTC 2026
Cache sync 34 at Thu Mar 12 17:49:57 UTC 2026
Cache sync 35 at Thu Mar 12 17:49:57 UTC 2026
Cache sync 36 at Thu Mar 12 17:49:57 UTC 2026
Cache sync 37 at Thu Mar 12 17:49:57 UTC 2026
Cache sync 38 at Thu Mar 12 17:49:57 UTC 2026
Cache sync 39 at Thu Mar 12 17:49:57 UTC 2026
Cache sync 40 at Thu Mar 12 17:49:57 UTC 2026
Cache sync 41 at Thu Mar 12 17:49:57 UTC 2026
Cache sync 42 at Thu Mar 12 17:49:57 UTC 2026
Cache sync 43 at Thu Mar 12 17:49:57 UTC 2026
Cache sync 44 at Thu Mar 12 17:49:57 UTC 2026
Cache sync 45 at Thu Mar 12 17:49:57 UTC 2026
Cache sync 46 at Thu Mar 12 17:49:57 UTC 2026
Cache sync 47 at Thu Mar 12 17:49:57 UTC 2026
Cache sync 48 at Thu Mar 12 17:49:57 UTC 2026
Cache sync 49 at Thu Mar 12 17:49:57 UTC 2026
Cache sync 50 at Thu Mar 12 17:49:57 UTC 2026
Cache sync 51 at Thu Mar 12 17:49:57 UTC 2026
Cache sync 52 at Thu Mar 12 17:49:57 UTC 2026
Cache sync 53 at Thu Mar 12 17:49:57 UTC 2026
Cache sync 54 at Thu Mar 12 17:49:57 UTC 2026
Cache sync 55 at Thu Mar 12 17:49:57 UTC 2026
Cache sync 56 at Thu Mar 12 17:49:57 UTC 2026
Cache sync 57 at Thu Mar 12 17:49:57 UTC 2026
Cache sync 58 at Thu Mar 12 17:49:57 UTC 2026
Cache sync 1 at Fri Mar 13 17:36:04 UTC 2026
Cache sync 2 at Fri Mar 13 17:36:04 UTC 2026
Cache sync 3 at Fri Mar 13 17:36:04 UTC 2026
Cache sync 4 at Fri Mar 13 17:36:04 UTC 2026
Cache sync 5 at Fri Mar 13 17:36:04 UTC 2026
Cache sync 6 at Fri Mar 13 17:36:04 UTC 2026
Cache sync 7 at Fri Mar 13 17:36:04 UTC 2026
Cache sync 8 at Fri Mar 13 17:36:04 UTC 2026
Cache sync 9 at Fri Mar 13 17:36:04 UTC 2026
Cache sync 10 at Fri Mar 13 17:36:04 UTC 2026
Cache sync 11 at Fri Mar 13 17:36:04 UTC 2026
Cache sync 12 at Fri Mar 13 17:36:04 UTC 2026
Cache sync 13 at Fri Mar 13 17:36:04 UTC 2026
Cache sync 14 at Fri Mar 13 17:36:04 UTC 2026
Cache sync 15 at Fri Mar 13 17:36:04 UTC 2026
Cache sync 16 at Fri Mar 13 17:36:04 UTC 2026
Cache sync 17 at Fri Mar 13 17:36:04 UTC 2026
Cache sync 18 at Fri Mar 13 17:36:04 UTC 2026
Cache sync 19 at Fri Mar 13 17:36:04 UTC 2026
Cache sync 20 at Fri Mar 13 17:36:04 UTC 2026
Cache sync 21 at Fri Mar 13 17:36:04 UTC 2026
Cache sync 22 at Fri Mar 13 17:36:04 UTC 2026
Cache sync 23 at Fri Mar 13 17:36:04 UTC 2026
Cache sync 24 at Fri Mar 13 17:36:04 UTC 2026
Cache sync 25 at Fri Mar 13 17:36:04 UTC 2026
Cache sync 26 at Fri Mar 13 17:36:04 UTC 2026
Cache sync 27 at Fri Mar 13 17:36:04 UTC 2026
Cache sync 28 at Fri Mar 13 17:36:04 UTC 2026
Cache sync 29 at Fri Mar 13 17:36:04 UTC 2026
Cache sync 30 at Fri Mar 13 17:36:04 UTC 2026
Cache sync 31 at Fri Mar 13 17:36:04 UTC 2026
Cache sync 32 at Fri Mar 13 17:36:04 UTC 2026
Cache sync 33 at Fri Mar 13 17:36:04 UTC 2026
Cache sync 34 at Fri Mar 13 17:36:04 UTC 2026
Cache sync 35 at Fri Mar 13 17:36:04 UTC 2026
Cache sync 36 at Fri Mar 13 17:36:04 UTC 2026
Cache sync 37 at Fri Mar 13 17:36:04 UTC 2026
Cache sync 38 at Fri Mar 13 17:36:04 UTC 2026
Cache sync 39 at Fri Mar 13 17:36:04 UTC 2026
Cache sync 40 at Fri Mar 13 17:36:04 UTC 2026
Cache sync 41 at Fri Mar 13 17:36:04 UTC 2026
Cache sync 42 at Fri Mar 13 17:36:04 UTC 2026
Cache sync 43 at Fri Mar 13 17:36:04 UTC 2026
Cache sync 44 at Fri Mar 13 17:36:04 UTC 2026
Cache sync 45 at Fri Mar 13 17:36:04 UTC 2026
Cache sync 46 at Fri Mar 13 17:36:04 UTC 2026
Cache sync 1 at Sat Mar 14 17:28:06 UTC 2026
Cache sync 2 at Sat Mar 14 17:28:06 UTC 2026
Cache sync 3 at Sat Mar 14 17:28:06 UTC 2026
Cache sync 4 at Sat Mar 14 17:28:06 UTC 2026
Cache sync 5 at Sat Mar 14 17:28:06 UTC 2026
Cache sync 6 at Sat Mar 14 17:28:06 UTC 2026
Cache sync 7 at Sat Mar 14 17:28:06 UTC 2026
Cache sync 8 at Sat Mar 14 17:28:06 UTC 2026
Cache sync 9 at Sat Mar 14 17:28:06 UTC 2026
Cache sync 10 at Sat Mar 14 17:28:06 UTC 2026
Cache sync 11 at Sat Mar 14 17:28:06 UTC 2026
Cache sync 12 at Sat Mar 14 17:28:06 UTC 2026
Cache sync 13 at Sat Mar 14 17:28:06 UTC 2026
Cache sync 14 at Sat Mar 14 17:28:06 UTC 2026
Cache sync 15 at Sat Mar 14 17:28:06 UTC 2026
Cache sync 16 at Sat Mar 14 17:28:06 UTC 2026
Cache sync 17 at Sat Mar 14 17:28:06 UTC 2026
Cache sync 18 at Sat Mar 14 17:28:06 UTC 2026
Cache sync 19 at Sat Mar 14 17:28:06 UTC 2026
Cache sync 1 at Sun Mar 15 17:28:56 UTC 2026
Cache sync 2 at Sun Mar 15 17:28:56 UTC 2026
Cache sync 3 at Sun Mar 15 17:28:56 UTC 2026
Cache sync 4 at Sun Mar 15 17:28:56 UTC 2026
Cache sync 5 at Sun Mar 15 17:28:56 UTC 2026
Cache sync 6 at Sun Mar 15 17:28:56 UTC 2026
Cache sync 7 at Sun Mar 15 17:28:56 UTC 2026
Cache sync 8 at Sun Mar 15 17:28:56 UTC 2026
Cache sync 9 at Sun Mar 15 17:28:56 UTC 2026
Cache sync 10 at Sun Mar 15 17:28:56 UTC 2026
Cache sync 11 at Sun Mar 15 17:28:56 UTC 2026
Cache sync 12 at Sun Mar 15 17:28:56 UTC 2026
Cache sync 13 at Sun Mar 15 17:28:56 UTC 2026
Cache sync 14 at Sun Mar 15 17:28:56 UTC 2026
Cache sync 15 at Sun Mar 15 17:28:56 UTC 2026
Cache sync 16 at Sun Mar 15 17:28:56 UTC 2026
Cache sync 17 at Sun Mar 15 17:28:56 UTC 2026
Cache sync 18 at Sun Mar 15 17:28:56 UTC 2026
Cache sync 19 at Sun Mar 15 17:28:56 UTC 2026
Cache sync 20 at Sun Mar 15 17:28:56 UTC 2026
Cache sync 21 at Sun Mar 15 17:28:56 UTC 2026
Cache sync 22 at Sun Mar 15 17:28:56 UTC 2026
Cache sync 23 at Sun Mar 15 17:28:56 UTC 2026
Cache sync 24 at Sun Mar 15 17:28:56 UTC 2026
Cache sync 25 at Sun Mar 15 17:28:56 UTC 2026
Cache sync 26 at Sun Mar 15 17:28:56 UTC 2026
Cache sync 27 at Sun Mar 15 17:28:56 UTC 2026
Cache sync 28 at Sun Mar 15 17:28:56 UTC 2026
Cache sync 29 at Sun Mar 15 17:28:56 UTC 2026
Cache sync 30 at Sun Mar 15 17:28:56 UTC 2026
Cache sync 31 at Sun Mar 15 17:28:56 UTC 2026
Cache sync 32 at Sun Mar 15 17:28:56 UTC 2026
Cache sync 33 at Sun Mar 15 17:28:56 UTC 2026
Cache sync 34 at Sun Mar 15 17:28:56 UTC 2026
Cache sync 35 at Sun Mar 15 17:28:56 UTC 2026
Cache sync 36 at Sun Mar 15 17:28:56 UTC 2026
Cache sync 37 at Sun Mar 15 17:28:56 UTC 2026
Cache sync 38 at Sun Mar 15 17:28:56 UTC 2026
Cache sync 39 at Sun Mar 15 17:28:56 UTC 2026
Cache sync 40 at Sun Mar 15 17:28:56 UTC 2026
Cache sync 41 at Sun Mar 15 17:28:56 UTC 2026
Cache sync 42 at Sun Mar 15 17:28:56 UTC 2026
Cache sync 43 at Sun Mar 15 17:28:56 UTC 2026
Cache sync 44 at Sun Mar 15 17:28:56 UTC 2026
Cache sync 45 at Sun Mar 15 17:28:56 UTC 2026
Cache sync 46 at Sun Mar 15 17:28:56 UTC 2026
Cache sync 47 at Sun Mar 15 17:28:56 UTC 2026
Cache sync 48 at Sun Mar 15 17:28:56 UTC 2026
Cache sync 49 at Sun Mar 15 17:28:56 UTC 2026
Cache sync 50 at Sun Mar 15 17:28:56 UTC 2026
Cache sync 51 at Sun Mar 15 17:28:56 UTC 2026
Cache sync 1 at Mon Mar 16 18:00:56 UTC 2026
Cache sync 2 at Mon Mar 16 18:00:56 UTC 2026
Cache sync 3 at Mon Mar 16 18:00:56 UTC 2026
Cache sync 4 at Mon Mar 16 18:00:56 UTC 2026
Cache sync 5 at Mon Mar 16 18:00:56 UTC 2026
Cache sync 1 at Tue Mar 17 17:59:08 UTC 2026
Cache sync 2 at Tue Mar 17 17:59:08 UTC 2026
Cache sync 3 at Tue Mar 17 17:59:08 UTC 2026
Cache sync 4 at Tue Mar 17 17:59:08 UTC 2026
Cache sync 5 at Tue Mar 17 17:59:08 UTC 2026
Cache sync 6 at Tue Mar 17 17:59:08 UTC 2026
Cache sync 7 at Tue Mar 17 17:59:08 UTC 2026
Cache sync 8 at Tue Mar 17 17:59:08 UTC 2026
Cache sync 9 at Tue Mar 17 17:59:08 UTC 2026
Cache sync 10 at Tue Mar 17 17:59:08 UTC 2026
Cache sync 11 at Tue Mar 17 17:59:08 UTC 2026
Cache sync 12 at Tue Mar 17 17:59:08 UTC 2026
Cache sync 13 at Tue Mar 17 17:59:08 UTC 2026
Cache sync 14 at Tue Mar 17 17:59:08 UTC 2026
Cache sync 15 at Tue Mar 17 17:59:08 UTC 2026
Cache sync 16 at Tue Mar 17 17:59:08 UTC 2026
Cache sync 17 at Tue Mar 17 17:59:08 UTC 2026
Cache sync 18 at Tue Mar 17 17:59:08 UTC 2026
Cache sync 19 at Tue Mar 17 17:59:08 UTC 2026
Cache sync 1 at Wed Mar 18 18:00:27 UTC 2026
Cache sync 2 at Wed Mar 18 18:00:27 UTC 2026
Cache sync 3 at Wed Mar 18 18:00:27 UTC 2026
Cache sync 4 at Wed Mar 18 18:00:27 UTC 2026
Cache sync 5 at Wed Mar 18 18:00:27 UTC 2026
Cache sync 6 at Wed Mar 18 18:00:27 UTC 2026
Cache sync 7 at Wed Mar 18 18:00:27 UTC 2026
Cache sync 8 at Wed Mar 18 18:00:28 UTC 2026
Cache sync 9 at Wed Mar 18 18:00:28 UTC 2026
Cache sync 10 at Wed Mar 18 18:00:28 UTC 2026
Cache sync 11 at Wed Mar 18 18:00:28 UTC 2026
Cache sync 12 at Wed Mar 18 18:00:28 UTC 2026
Cache sync 13 at Wed Mar 18 18:00:28 UTC 2026
Cache sync 14 at Wed Mar 18 18:00:28 UTC 2026
Cache sync 15 at Wed Mar 18 18:00:28 UTC 2026
Cache sync 16 at Wed Mar 18 18:00:28 UTC 2026
Cache sync 17 at Wed Mar 18 18:00:28 UTC 2026
Cache sync 18 at Wed Mar 18 18:00:28 UTC 2026
Cache sync 19 at Wed Mar 18 18:00:28 UTC 2026
Cache sync 20 at Wed Mar 18 18:00:28 UTC 2026
Cache sync 21 at Wed Mar 18 18:00:28 UTC 2026
Cache sync 22 at Wed Mar 18 18:00:28 UTC 2026
Cache sync 23 at Wed Mar 18 18:00:28 UTC 2026
Cache sync 24 at Wed Mar 18 18:00:28 UTC 2026
Cache sync 25 at Wed Mar 18 18:00:28 UTC 2026
Cache sync 26 at Wed Mar 18 18:00:28 UTC 2026
Cache sync 27 at Wed Mar 18 18:00:28 UTC 2026
Cache sync 28 at Wed Mar 18 18:00:28 UTC 2026
Cache sync 29 at Wed Mar 18 18:00:28 UTC 2026
Cache sync 30 at Wed Mar 18 18:00:28 UTC 2026
Cache sync 31 at Wed Mar 18 18:00:28 UTC 2026
Cache sync 32 at Wed Mar 18 18:00:28 UTC 2026
Cache sync 33 at Wed Mar 18 18:00:28 UTC 2026
Cache sync 34 at Wed Mar 18 18:00:28 UTC 2026
Cache sync 35 at Wed Mar 18 18:00:28 UTC 2026
Cache sync 36 at Wed Mar 18 18:00:28 UTC 2026
Cache sync 37 at Wed Mar 18 18:00:28 UTC 2026
Cache sync 38 at Wed Mar 18 18:00:28 UTC 2026
Cache sync 1 at Thu Mar 19 17:53:07 UTC 2026
Cache sync 2 at Thu Mar 19 17:53:07 UTC 2026
Cache sync 3 at Thu Mar 19 17:53:07 UTC 2026
Cache sync 4 at Thu Mar 19 17:53:07 UTC 2026
Cache sync 5 at Thu Mar 19 17:53:07 UTC 2026
Cache sync 6 at Thu Mar 19 17:53:07 UTC 2026
Cache sync 7 at Thu Mar 19 17:53:07 UTC 2026
Cache sync 8 at Thu Mar 19 17:53:07 UTC 2026
Cache sync 9 at Thu Mar 19 17:53:07 UTC 2026
Cache sync 10 at Thu Mar 19 17:53:07 UTC 2026
Cache sync 11 at Thu Mar 19 17:53:07 UTC 2026
Cache sync 12 at Thu Mar 19 17:53:07 UTC 2026
Cache sync 13 at Thu Mar 19 17:53:07 UTC 2026
Cache sync 14 at Thu Mar 19 17:53:07 UTC 2026
Cache sync 15 at Thu Mar 19 17:53:07 UTC 2026
Cache sync 16 at Thu Mar 19 17:53:07 UTC 2026
Cache sync 17 at Thu Mar 19 17:53:07 UTC 2026
Cache sync 18 at Thu Mar 19 17:53:07 UTC 2026
Cache sync 19 at Thu Mar 19 17:53:07 UTC 2026
Cache sync 20 at Thu Mar 19 17:53:07 UTC 2026
Cache sync 21 at Thu Mar 19 17:53:07 UTC 2026
Cache sync 22 at Thu Mar 19 17:53:07 UTC 2026
Cache sync 23 at Thu Mar 19 17:53:07 UTC 2026
Cache sync 24 at Thu Mar 19 17:53:07 UTC 2026
Cache sync 25 at Thu Mar 19 17:53:07 UTC 2026
Cache sync 26 at Thu Mar 19 17:53:07 UTC 2026
Cache sync 27 at Thu Mar 19 17:53:07 UTC 2026
Cache sync 28 at Thu Mar 19 17:53:07 UTC 2026
Cache sync 29 at Thu Mar 19 17:53:07 UTC 2026
Cache sync 30 at Thu Mar 19 17:53:07 UTC 2026
Cache sync 31 at Thu Mar 19 17:53:07 UTC 2026
Cache sync 32 at Thu Mar 19 17:53:07 UTC 2026
Cache sync 33 at Thu Mar 19 17:53:07 UTC 2026
Cache sync 34 at Thu Mar 19 17:53:07 UTC 2026
Cache sync 35 at Thu Mar 19 17:53:07 UTC 2026
Cache sync 36 at Thu Mar 19 17:53:07 UTC 2026
Cache sync 37 at Thu Mar 19 17:53:07 UTC 2026
Cache sync 38 at Thu Mar 19 17:53:07 UTC 2026
Cache sync 39 at Thu Mar 19 17:53:07 UTC 2026
Cache sync 40 at Thu Mar 19 17:53:07 UTC 2026
Cache sync 41 at Thu Mar 19 17:53:07 UTC 2026
Cache sync 42 at Thu Mar 19 17:53:07 UTC 2026
Cache sync 1 at Fri Mar 20 17:36:19 UTC 2026
Cache sync 2 at Fri Mar 20 17:36:19 UTC 2026
Cache sync 3 at Fri Mar 20 17:36:19 UTC 2026
Cache sync 4 at Fri Mar 20 17:36:19 UTC 2026
Cache sync 5 at Fri Mar 20 17:36:19 UTC 2026
Cache sync 6 at Fri Mar 20 17:36:19 UTC 2026
Cache sync 7 at Fri Mar 20 17:36:19 UTC 2026
Cache sync 8 at Fri Mar 20 17:36:19 UTC 2026
Cache sync 9 at Fri Mar 20 17:36:19 UTC 2026
Cache sync 10 at Fri Mar 20 17:36:19 UTC 2026
Cache sync 11 at Fri Mar 20 17:36:19 UTC 2026
Cache sync 12 at Fri Mar 20 17:36:20 UTC 2026
Cache sync 13 at Fri Mar 20 17:36:20 UTC 2026
Cache sync 14 at Fri Mar 20 17:36:20 UTC 2026
Cache sync 15 at Fri Mar 20 17:36:20 UTC 2026
Cache sync 16 at Fri Mar 20 17:36:20 UTC 2026
Cache sync 17 at Fri Mar 20 17:36:20 UTC 2026
Cache sync 18 at Fri Mar 20 17:36:20 UTC 2026
Cache sync 19 at Fri Mar 20 17:36:20 UTC 2026
Cache sync 20 at Fri Mar 20 17:36:20 UTC 2026
Cache sync 21 at Fri Mar 20 17:36:20 UTC 2026
Cache sync 22 at Fri Mar 20 17:36:20 UTC 2026
Cache sync 23 at Fri Mar 20 17:36:20 UTC 2026
Cache sync 24 at Fri Mar 20 17:36:20 UTC 2026
Cache sync 25 at Fri Mar 20 17:36:20 UTC 2026
Cache sync 26 at Fri Mar 20 17:36:20 UTC 2026
Cache sync 27 at Fri Mar 20 17:36:20 UTC 2026
Cache sync 28 at Fri Mar 20 17:36:20 UTC 2026
Cache sync 29 at Fri Mar 20 17:36:20 UTC 2026
Cache sync 30 at Fri Mar 20 17:36:20 UTC 2026
Cache sync 31 at Fri Mar 20 17:36:20 UTC 2026
Cache sync 32 at Fri Mar 20 17:36:20 UTC 2026
Cache sync 33 at Fri Mar 20 17:36:20 UTC 2026
Cache sync 34 at Fri Mar 20 17:36:20 UTC 2026
Cache sync 35 at Fri Mar 20 17:36:20 UTC 2026
Cache sync 36 at Fri Mar 20 17:36:20 UTC 2026
Cache sync 37 at Fri Mar 20 17:36:20 UTC 2026
Cache sync 38 at Fri Mar 20 17:36:20 UTC 2026
Cache sync 39 at Fri Mar 20 17:36:20 UTC 2026
Cache sync 1 at Sat Mar 21 17:26:41 UTC 2026
Cache sync 2 at Sat Mar 21 17:26:41 UTC 2026
Cache sync 3 at Sat Mar 21 17:26:41 UTC 2026
Cache sync 4 at Sat Mar 21 17:26:41 UTC 2026
Cache sync 5 at Sat Mar 21 17:26:41 UTC 2026
Cache sync 6 at Sat Mar 21 17:26:41 UTC 2026
Cache sync 7 at Sat Mar 21 17:26:41 UTC 2026
Cache sync 8 at Sat Mar 21 17:26:41 UTC 2026
Cache sync 9 at Sat Mar 21 17:26:41 UTC 2026
Cache sync 10 at Sat Mar 21 17:26:41 UTC 2026
Cache sync 11 at Sat Mar 21 17:26:41 UTC 2026
Cache sync 12 at Sat Mar 21 17:26:41 UTC 2026
Cache sync 13 at Sat Mar 21 17:26:41 UTC 2026
Cache sync 14 at Sat Mar 21 17:26:41 UTC 2026
Cache sync 15 at Sat Mar 21 17:26:41 UTC 2026
Cache sync 16 at Sat Mar 21 17:26:41 UTC 2026
Cache sync 17 at Sat Mar 21 17:26:41 UTC 2026
Cache sync 18 at Sat Mar 21 17:26:41 UTC 2026
Cache sync 19 at Sat Mar 21 17:26:41 UTC 2026
Cache sync 20 at Sat Mar 21 17:26:41 UTC 2026
Cache sync 21 at Sat Mar 21 17:26:41 UTC 2026
Cache sync 22 at Sat Mar 21 17:26:41 UTC 2026
Cache sync 23 at Sat Mar 21 17:26:41 UTC 2026
Cache sync 24 at Sat Mar 21 17:26:41 UTC 2026
Cache sync 25 at Sat Mar 21 17:26:41 UTC 2026
Cache sync 26 at Sat Mar 21 17:26:41 UTC 2026
Cache sync 27 at Sat Mar 21 17:26:41 UTC 2026
Cache sync 28 at Sat Mar 21 17:26:41 UTC 2026
Cache sync 29 at Sat Mar 21 17:26:41 UTC 2026
Cache sync 30 at Sat Mar 21 17:26:41 UTC 2026
Cache sync 31 at Sat Mar 21 17:26:41 UTC 2026
Cache sync 32 at Sat Mar 21 17:26:41 UTC 2026
Cache sync 33 at Sat Mar 21 17:26:41 UTC 2026
Cache sync 34 at Sat Mar 21 17:26:41 UTC 2026
Cache sync 35 at Sat Mar 21 17:26:41 UTC 2026
Cache sync 36 at Sat Mar 21 17:26:41 UTC 2026
Cache sync 37 at Sat Mar 21 17:26:41 UTC 2026
Cache sync 38 at Sat Mar 21 17:26:41 UTC 2026
Cache sync 1 at Sun Mar 22 17:26:41 UTC 2026
Cache sync 2 at Sun Mar 22 17:26:41 UTC 2026
Cache sync 3 at Sun Mar 22 17:26:41 UTC 2026
Cache sync 4 at Sun Mar 22 17:26:41 UTC 2026
Cache sync 5 at Sun Mar 22 17:26:41 UTC 2026
Cache sync 6 at Sun Mar 22 17:26:41 UTC 2026
Cache sync 7 at Sun Mar 22 17:26:41 UTC 2026
Cache sync 8 at Sun Mar 22 17:26:41 UTC 2026
Cache sync 9 at Sun Mar 22 17:26:42 UTC 2026
Cache sync 10 at Sun Mar 22 17:26:42 UTC 2026
Cache sync 11 at Sun Mar 22 17:26:42 UTC 2026
Cache sync 12 at Sun Mar 22 17:26:42 UTC 2026
Cache sync 13 at Sun Mar 22 17:26:42 UTC 2026
Cache sync 14 at Sun Mar 22 17:26:42 UTC 2026
Cache sync 15 at Sun Mar 22 17:26:42 UTC 2026
Cache sync 16 at Sun Mar 22 17:26:42 UTC 2026
Cache sync 17 at Sun Mar 22 17:26:42 UTC 2026
Cache sync 18 at Sun Mar 22 17:26:42 UTC 2026
Cache sync 19 at Sun Mar 22 17:26:42 UTC 2026
Cache sync 20 at Sun Mar 22 17:26:42 UTC 2026
Cache sync 21 at Sun Mar 22 17:26:42 UTC 2026
Cache sync 22 at Sun Mar 22 17:26:42 UTC 2026
Cache sync 23 at Sun Mar 22 17:26:42 UTC 2026
Cache sync 24 at Sun Mar 22 17:26:42 UTC 2026
Cache sync 25 at Sun Mar 22 17:26:42 UTC 2026
Cache sync 26 at Sun Mar 22 17:26:42 UTC 2026
Cache sync 27 at Sun Mar 22 17:26:42 UTC 2026
Cache sync 28 at Sun Mar 22 17:26:42 UTC 2026
Cache sync 29 at Sun Mar 22 17:26:42 UTC 2026
Cache sync 30 at Sun Mar 22 17:26:42 UTC 2026
Cache sync 31 at Sun Mar 22 17:26:42 UTC 2026
Cache sync 32 at Sun Mar 22 17:26:42 UTC 2026
Cache sync 33 at Sun Mar 22 17:26:42 UTC 2026
Cache sync 34 at Sun Mar 22 17:26:42 UTC 2026
Cache sync 35 at Sun Mar 22 17:26:42 UTC 2026
Cache sync 36 at Sun Mar 22 17:26:42 UTC 2026
Cache sync 37 at Sun Mar 22 17:26:42 UTC 2026
Cache sync 38 at Sun Mar 22 17:26:42 UTC 2026
Cache sync 39 at Sun Mar 22 17:26:42 UTC 2026
Cache sync 40 at Sun Mar 22 17:26:42 UTC 2026
Cache sync 41 at Sun Mar 22 17:26:42 UTC 2026
Cache sync 42 at Sun Mar 22 17:26:42 UTC 2026
Cache sync 43 at Sun Mar 22 17:26:42 UTC 2026
Cache sync 44 at Sun Mar 22 17:26:42 UTC 2026
Cache sync 45 at Sun Mar 22 17:26:42 UTC 2026
Cache sync 46 at Sun Mar 22 17:26:42 UTC 2026
Cache sync 47 at Sun Mar 22 17:26:42 UTC 2026
Cache sync 48 at Sun Mar 22 17:26:42 UTC 2026
Cache sync 49 at Sun Mar 22 17:26:42 UTC 2026
Cache sync 50 at Sun Mar 22 17:26:42 UTC 2026
Cache sync 51 at Sun Mar 22 17:26:42 UTC 2026
Cache sync 52 at Sun Mar 22 17:26:42 UTC 2026
Cache sync 53 at Sun Mar 22 17:26:42 UTC 2026
Cache sync 54 at Sun Mar 22 17:26:42 UTC 2026
Cache sync 55 at Sun Mar 22 17:26:42 UTC 2026
Cache sync 56 at Sun Mar 22 17:26:42 UTC 2026
Cache sync 57 at Sun Mar 22 17:26:42 UTC 2026
Cache sync 58 at Sun Mar 22 17:26:42 UTC 2026
Cache sync 59 at Sun Mar 22 17:26:42 UTC 2026
Cache sync 60 at Sun Mar 22 17:26:42 UTC 2026
Cache sync 61 at Sun Mar 22 17:26:42 UTC 2026
Cache sync 62 at Sun Mar 22 17:26:42 UTC 2026
Cache sync 63 at Sun Mar 22 17:26:42 UTC 2026
Cache sync 64 at Sun Mar 22 17:26:42 UTC 2026
Cache sync 65 at Sun Mar 22 17:26:42 UTC 2026
Cache sync 66 at Sun Mar 22 17:26:42 UTC 2026
Cache sync 67 at Sun Mar 22 17:26:42 UTC 2026
Cache sync 68 at Sun Mar 22 17:26:42 UTC 2026
Cache sync 69 at Sun Mar 22 17:26:42 UTC 2026
Cache sync 1 at Mon Mar 23 17:51:42 UTC 2026
Cache sync 2 at Mon Mar 23 17:51:42 UTC 2026
Cache sync 3 at Mon Mar 23 17:51:42 UTC 2026
Cache sync 4 at Mon Mar 23 17:51:43 UTC 2026
Cache sync 5 at Mon Mar 23 17:51:43 UTC 2026
Cache sync 6 at Mon Mar 23 17:51:43 UTC 2026
Cache sync 7 at Mon Mar 23 17:51:43 UTC 2026
Cache sync 8 at Mon Mar 23 17:51:43 UTC 2026
Cache sync 9 at Mon Mar 23 17:51:43 UTC 2026
Cache sync 10 at Mon Mar 23 17:51:43 UTC 2026
Cache sync 11 at Mon Mar 23 17:51:43 UTC 2026
Cache sync 12 at Mon Mar 23 17:51:43 UTC 2026
Cache sync 13 at Mon Mar 23 17:51:43 UTC 2026
Cache sync 14 at Mon Mar 23 17:51:43 UTC 2026
Cache sync 15 at Mon Mar 23 17:51:43 UTC 2026
Cache sync 16 at Mon Mar 23 17:51:43 UTC 2026
Cache sync 17 at Mon Mar 23 17:51:43 UTC 2026
Cache sync 18 at Mon Mar 23 17:51:43 UTC 2026
Cache sync 19 at Mon Mar 23 17:51:43 UTC 2026
Cache sync 20 at Mon Mar 23 17:51:43 UTC 2026
Cache sync 21 at Mon Mar 23 17:51:43 UTC 2026
Cache sync 22 at Mon Mar 23 17:51:43 UTC 2026
Cache sync 23 at Mon Mar 23 17:51:43 UTC 2026
Cache sync 24 at Mon Mar 23 17:51:43 UTC 2026
Cache sync 25 at Mon Mar 23 17:51:43 UTC 2026
Cache sync 26 at Mon Mar 23 17:51:43 UTC 2026
Cache sync 27 at Mon Mar 23 17:51:43 UTC 2026
Cache sync 28 at Mon Mar 23 17:51:43 UTC 2026
Cache sync 29 at Mon Mar 23 17:51:43 UTC 2026
Cache sync 30 at Mon Mar 23 17:51:43 UTC 2026
Cache sync 31 at Mon Mar 23 17:51:43 UTC 2026
Cache sync 32 at Mon Mar 23 17:51:43 UTC 2026
Cache sync 33 at Mon Mar 23 17:51:43 UTC 2026
Cache sync 34 at Mon Mar 23 17:51:43 UTC 2026
Cache sync 35 at Mon Mar 23 17:51:43 UTC 2026
Cache sync 36 at Mon Mar 23 17:51:43 UTC 2026
Cache sync 37 at Mon Mar 23 17:51:43 UTC 2026
Cache sync 38 at Mon Mar 23 17:51:43 UTC 2026
Cache sync 39 at Mon Mar 23 17:51:43 UTC 2026
Cache sync 40 at Mon Mar 23 17:51:43 UTC 2026
Cache sync 41 at Mon Mar 23 17:51:43 UTC 2026
Cache sync 42 at Mon Mar 23 17:51:43 UTC 2026
Cache sync 43 at Mon Mar 23 17:51:43 UTC 2026
Cache sync 44 at Mon Mar 23 17:51:43 UTC 2026
Cache sync 45 at Mon Mar 23 17:51:43 UTC 2026
Cache sync 46 at Mon Mar 23 17:51:43 UTC 2026
Cache sync 47 at Mon Mar 23 17:51:43 UTC 2026
Cache sync 48 at Mon Mar 23 17:51:43 UTC 2026
Cache sync 49 at Mon Mar 23 17:51:43 UTC 2026
Cache sync 50 at Mon Mar 23 17:51:43 UTC 2026
Cache sync 51 at Mon Mar 23 17:51:43 UTC 2026
Cache sync 52 at Mon Mar 23 17:51:43 UTC 2026
Cache sync 53 at Mon Mar 23 17:51:43 UTC 2026
Cache sync 54 at Mon Mar 23 17:51:43 UTC 2026
Cache sync 55 at Mon Mar 23 17:51:43 UTC 2026
Cache sync 56 at Mon Mar 23 17:51:43 UTC 2026
Cache sync 57 at Mon Mar 23 17:51:43 UTC 2026
Cache sync 58 at Mon Mar 23 17:51:43 UTC 2026
Cache sync 59 at Mon Mar 23 17:51:43 UTC 2026
Cache sync 60 at Mon Mar 23 17:51:43 UTC 2026
Cache sync 61 at Mon Mar 23 17:51:43 UTC 2026
Cache sync 62 at Mon Mar 23 17:51:43 UTC 2026
Cache sync 63 at Mon Mar 23 17:51:43 UTC 2026
Cache sync 64 at Mon Mar 23 17:51:43 UTC 2026
Cache sync 65 at Mon Mar 23 17:51:43 UTC 2026
Cache sync 66 at Mon Mar 23 17:51:43 UTC 2026
Cache sync 67 at Mon Mar 23 17:51:43 UTC 2026
Cache sync 68 at Mon Mar 23 17:51:43 UTC 2026
Cache sync 69 at Mon Mar 23 17:51:43 UTC 2026
Cache sync 70 at Mon Mar 23 17:51:43 UTC 2026
Cache sync 71 at Mon Mar 23 17:51:43 UTC 2026
Cache sync 72 at Mon Mar 23 17:51:43 UTC 2026
Cache sync 73 at Mon Mar 23 17:51:43 UTC 2026
Cache sync 74 at Mon Mar 23 17:51:43 UTC 2026
Cache sync 75 at Mon Mar 23 17:51:43 UTC 2026
Cache sync 76 at Mon Mar 23 17:51:43 UTC 2026
Cache sync 77 at Mon Mar 23 17:51:43 UTC 2026
Cache sync 78 at Mon Mar 23 17:51:43 UTC 2026
Cache sync 79 at Mon Mar 23 17:51:43 UTC 2026
Cache sync 80 at Mon Mar 23 17:51:43 UTC 2026
Cache sync 81 at Mon Mar 23 17:51:43 UTC 2026
Cache sync 82 at Mon Mar 23 17:51:43 UTC 2026
Cache sync 1 at Tue Mar 24 17:57:04 UTC 2026
Cache sync 2 at Tue Mar 24 17:57:04 UTC 2026
Cache sync 3 at Tue Mar 24 17:57:04 UTC 2026
Cache sync 4 at Tue Mar 24 17:57:04 UTC 2026
Cache sync 5 at Tue Mar 24 17:57:04 UTC 2026
Cache sync 6 at Tue Mar 24 17:57:04 UTC 2026
Cache sync 7 at Tue Mar 24 17:57:04 UTC 2026
Cache sync 8 at Tue Mar 24 17:57:04 UTC 2026
Cache sync 9 at Tue Mar 24 17:57:04 UTC 2026
Cache sync 10 at Tue Mar 24 17:57:04 UTC 2026
Cache sync 11 at Tue Mar 24 17:57:04 UTC 2026
Cache sync 12 at Tue Mar 24 17:57:04 UTC 2026
Cache sync 13 at Tue Mar 24 17:57:04 UTC 2026
Cache sync 14 at Tue Mar 24 17:57:04 UTC 2026
Cache sync 15 at Tue Mar 24 17:57:04 UTC 2026
Cache sync 16 at Tue Mar 24 17:57:04 UTC 2026
Cache sync 17 at Tue Mar 24 17:57:04 UTC 2026
Cache sync 18 at Tue Mar 24 17:57:04 UTC 2026
Cache sync 19 at Tue Mar 24 17:57:04 UTC 2026
Cache sync 20 at Tue Mar 24 17:57:04 UTC 2026
Cache sync 21 at Tue Mar 24 17:57:04 UTC 2026
Cache sync 22 at Tue Mar 24 17:57:04 UTC 2026
Cache sync 23 at Tue Mar 24 17:57:04 UTC 2026
Cache sync 24 at Tue Mar 24 17:57:04 UTC 2026
Cache sync 25 at Tue Mar 24 17:57:04 UTC 2026
Cache sync 26 at Tue Mar 24 17:57:04 UTC 2026
Cache sync 27 at Tue Mar 24 17:57:04 UTC 2026
Cache sync 28 at Tue Mar 24 17:57:04 UTC 2026
Cache sync 29 at Tue Mar 24 17:57:04 UTC 2026
Cache sync 30 at Tue Mar 24 17:57:04 UTC 2026
Cache sync 31 at Tue Mar 24 17:57:04 UTC 2026
Cache sync 32 at Tue Mar 24 17:57:04 UTC 2026
Cache sync 33 at Tue Mar 24 17:57:04 UTC 2026
Cache sync 34 at Tue Mar 24 17:57:04 UTC 2026
Cache sync 35 at Tue Mar 24 17:57:04 UTC 2026
Cache sync 36 at Tue Mar 24 17:57:04 UTC 2026
Cache sync 37 at Tue Mar 24 17:57:05 UTC 2026
Cache sync 38 at Tue Mar 24 17:57:05 UTC 2026
Cache sync 39 at Tue Mar 24 17:57:05 UTC 2026
Cache sync 40 at Tue Mar 24 17:57:05 UTC 2026
Cache sync 41 at Tue Mar 24 17:57:05 UTC 2026
Cache sync 42 at Tue Mar 24 17:57:05 UTC 2026
Cache sync 43 at Tue Mar 24 17:57:05 UTC 2026
Cache sync 44 at Tue Mar 24 17:57:05 UTC 2026
Cache sync 45 at Tue Mar 24 17:57:05 UTC 2026
Cache sync 46 at Tue Mar 24 17:57:05 UTC 2026
Cache sync 47 at Tue Mar 24 17:57:05 UTC 2026
Cache sync 48 at Tue Mar 24 17:57:05 UTC 2026
Cache sync 49 at Tue Mar 24 17:57:05 UTC 2026
Cache sync 50 at Tue Mar 24 17:57:05 UTC 2026
Cache sync 51 at Tue Mar 24 17:57:05 UTC 2026
Cache sync 52 at Tue Mar 24 17:57:05 UTC 2026
Cache sync 1 at Wed Mar 25 17:59:52 UTC 2026
Cache sync 2 at Wed Mar 25 17:59:52 UTC 2026
Cache sync 3 at Wed Mar 25 17:59:52 UTC 2026
Cache sync 4 at Wed Mar 25 17:59:52 UTC 2026
Cache sync 5 at Wed Mar 25 17:59:52 UTC 2026
Cache sync 6 at Wed Mar 25 17:59:52 UTC 2026
Cache sync 7 at Wed Mar 25 17:59:52 UTC 2026
Cache sync 8 at Wed Mar 25 17:59:52 UTC 2026
Cache sync 9 at Wed Mar 25 17:59:52 UTC 2026
Cache sync 10 at Wed Mar 25 17:59:52 UTC 2026
Cache sync 11 at Wed Mar 25 17:59:52 UTC 2026
Cache sync 12 at Wed Mar 25 17:59:52 UTC 2026
Cache sync 13 at Wed Mar 25 17:59:52 UTC 2026
Cache sync 14 at Wed Mar 25 17:59:52 UTC 2026
Cache sync 15 at Wed Mar 25 17:59:52 UTC 2026
Cache sync 16 at Wed Mar 25 17:59:52 UTC 2026
Cache sync 17 at Wed Mar 25 17:59:52 UTC 2026
Cache sync 18 at Wed Mar 25 17:59:52 UTC 2026
Cache sync 19 at Wed Mar 25 17:59:52 UTC 2026
Cache sync 20 at Wed Mar 25 17:59:52 UTC 2026
Cache sync 21 at Wed Mar 25 17:59:52 UTC 2026
Cache sync 22 at Wed Mar 25 17:59:52 UTC 2026
Cache sync 23 at Wed Mar 25 17:59:52 UTC 2026
Cache sync 24 at Wed Mar 25 17:59:52 UTC 2026
Cache sync 25 at Wed Mar 25 17:59:52 UTC 2026
Cache sync 26 at Wed Mar 25 17:59:52 UTC 2026
Cache sync 27 at Wed Mar 25 17:59:52 UTC 2026
Cache sync 1 at Thu Mar 26 18:00:36 UTC 2026
Cache sync 2 at Thu Mar 26 18:00:36 UTC 2026
Cache sync 3 at Thu Mar 26 18:00:36 UTC 2026
Cache sync 4 at Thu Mar 26 18:00:36 UTC 2026
Cache sync 5 at Thu Mar 26 18:00:36 UTC 2026
Cache sync 6 at Thu Mar 26 18:00:36 UTC 2026
Cache sync 7 at Thu Mar 26 18:00:36 UTC 2026
Cache sync 8 at Thu Mar 26 18:00:36 UTC 2026
Cache sync 9 at Thu Mar 26 18:00:36 UTC 2026
Cache sync 10 at Thu Mar 26 18:00:36 UTC 2026
Cache sync 11 at Thu Mar 26 18:00:36 UTC 2026
Cache sync 12 at Thu Mar 26 18:00:36 UTC 2026
Cache sync 13 at Thu Mar 26 18:00:36 UTC 2026
Cache sync 14 at Thu Mar 26 18:00:36 UTC 2026
Cache sync 15 at Thu Mar 26 18:00:36 UTC 2026
Cache sync 16 at Thu Mar 26 18:00:36 UTC 2026
Cache sync 17 at Thu Mar 26 18:00:36 UTC 2026
Cache sync 18 at Thu Mar 26 18:00:36 UTC 2026
Cache sync 19 at Thu Mar 26 18:00:36 UTC 2026
Cache sync 20 at Thu Mar 26 18:00:36 UTC 2026
Cache sync 21 at Thu Mar 26 18:00:36 UTC 2026
Cache sync 22 at Thu Mar 26 18:00:36 UTC 2026
Cache sync 23 at Thu Mar 26 18:00:36 UTC 2026
Cache sync 24 at Thu Mar 26 18:00:36 UTC 2026
Cache sync 25 at Thu Mar 26 18:00:36 UTC 2026
Cache sync 26 at Thu Mar 26 18:00:36 UTC 2026
Cache sync 27 at Thu Mar 26 18:00:36 UTC 2026
Cache sync 28 at Thu Mar 26 18:00:36 UTC 2026
Cache sync 29 at Thu Mar 26 18:00:36 UTC 2026
Cache sync 30 at Thu Mar 26 18:00:36 UTC 2026
Cache sync 31 at Thu Mar 26 18:00:36 UTC 2026
Cache sync 32 at Thu Mar 26 18:00:36 UTC 2026
Cache sync 33 at Thu Mar 26 18:00:36 UTC 2026
Cache sync 34 at Thu Mar 26 18:00:36 UTC 2026
Cache sync 35 at Thu Mar 26 18:00:36 UTC 2026
Cache sync 1 at Fri Mar 27 17:50:55 UTC 2026
Cache sync 2 at Fri Mar 27 17:50:55 UTC 2026
Cache sync 3 at Fri Mar 27 17:50:55 UTC 2026
Cache sync 4 at Fri Mar 27 17:50:55 UTC 2026
Cache sync 5 at Fri Mar 27 17:50:55 UTC 2026
Cache sync 6 at Fri Mar 27 17:50:55 UTC 2026
Cache sync 7 at Fri Mar 27 17:50:55 UTC 2026
Cache sync 8 at Fri Mar 27 17:50:55 UTC 2026
Cache sync 9 at Fri Mar 27 17:50:55 UTC 2026
Cache sync 10 at Fri Mar 27 17:50:55 UTC 2026
Cache sync 11 at Fri Mar 27 17:50:55 UTC 2026
Cache sync 12 at Fri Mar 27 17:50:55 UTC 2026
Cache sync 13 at Fri Mar 27 17:50:55 UTC 2026
Cache sync 14 at Fri Mar 27 17:50:55 UTC 2026
Cache sync 15 at Fri Mar 27 17:50:55 UTC 2026
Cache sync 16 at Fri Mar 27 17:50:55 UTC 2026
Cache sync 17 at Fri Mar 27 17:50:55 UTC 2026
Cache sync 18 at Fri Mar 27 17:50:55 UTC 2026
Cache sync 19 at Fri Mar 27 17:50:55 UTC 2026
Cache sync 20 at Fri Mar 27 17:50:55 UTC 2026
Cache sync 21 at Fri Mar 27 17:50:55 UTC 2026
Cache sync 22 at Fri Mar 27 17:50:55 UTC 2026
Cache sync 23 at Fri Mar 27 17:50:55 UTC 2026
Cache sync 24 at Fri Mar 27 17:50:55 UTC 2026
Cache sync 25 at Fri Mar 27 17:50:55 UTC 2026
Cache sync 26 at Fri Mar 27 17:50:55 UTC 2026
Cache sync 27 at Fri Mar 27 17:50:55 UTC 2026
Cache sync 28 at Fri Mar 27 17:50:55 UTC 2026
Cache sync 29 at Fri Mar 27 17:50:55 UTC 2026
Cache sync 30 at Fri Mar 27 17:50:55 UTC 2026
Cache sync 31 at Fri Mar 27 17:50:55 UTC 2026
Cache sync 32 at Fri Mar 27 17:50:55 UTC 2026
Cache sync 33 at Fri Mar 27 17:50:55 UTC 2026
Cache sync 34 at Fri Mar 27 17:50:55 UTC 2026
Cache sync 35 at Fri Mar 27 17:50:56 UTC 2026
Cache sync 36 at Fri Mar 27 17:50:56 UTC 2026
Cache sync 37 at Fri Mar 27 17:50:56 UTC 2026
Cache sync 38 at Fri Mar 27 17:50:56 UTC 2026
Cache sync 39 at Fri Mar 27 17:50:56 UTC 2026
Cache sync 40 at Fri Mar 27 17:50:56 UTC 2026
Cache sync 41 at Fri Mar 27 17:50:56 UTC 2026
Cache sync 42 at Fri Mar 27 17:50:56 UTC 2026
Cache sync 43 at Fri Mar 27 17:50:56 UTC 2026
Cache sync 44 at Fri Mar 27 17:50:56 UTC 2026
Cache sync 45 at Fri Mar 27 17:50:56 UTC 2026
Cache sync 46 at Fri Mar 27 17:50:56 UTC 2026
Cache sync 47 at Fri Mar 27 17:50:56 UTC 2026
Cache sync 48 at Fri Mar 27 17:50:56 UTC 2026
Cache sync 49 at Fri Mar 27 17:50:56 UTC 2026
Cache sync 50 at Fri Mar 27 17:50:56 UTC 2026
Cache sync 51 at Fri Mar 27 17:50:56 UTC 2026
Cache sync 52 at Fri Mar 27 17:50:56 UTC 2026
Cache sync 53 at Fri Mar 27 17:50:56 UTC 2026
Cache sync 54 at Fri Mar 27 17:50:56 UTC 2026
Cache sync 55 at Fri Mar 27 17:50:56 UTC 2026
Cache sync 56 at Fri Mar 27 17:50:56 UTC 2026
Cache sync 57 at Fri Mar 27 17:50:56 UTC 2026
Cache sync 58 at Fri Mar 27 17:50:56 UTC 2026
Cache sync 59 at Fri Mar 27 17:50:56 UTC 2026
Cache sync 60 at Fri Mar 27 17:50:56 UTC 2026
Cache sync 61 at Fri Mar 27 17:50:56 UTC 2026
Cache sync 62 at Fri Mar 27 17:50:56 UTC 2026
Cache sync 63 at Fri Mar 27 17:50:56 UTC 2026
Cache sync 64 at Fri Mar 27 17:50:56 UTC 2026
Cache sync 65 at Fri Mar 27 17:50:56 UTC 2026
Cache sync 66 at Fri Mar 27 17:50:56 UTC 2026
Cache sync 67 at Fri Mar 27 17:50:56 UTC 2026
Cache sync 68 at Fri Mar 27 17:50:56 UTC 2026
Cache sync 1 at Sat Mar 28 17:30:28 UTC 2026
Cache sync 2 at Sat Mar 28 17:30:28 UTC 2026
Cache sync 3 at Sat Mar 28 17:30:28 UTC 2026
Cache sync 4 at Sat Mar 28 17:30:28 UTC 2026
Cache sync 5 at Sat Mar 28 17:30:28 UTC 2026
Cache sync 6 at Sat Mar 28 17:30:28 UTC 2026
Cache sync 7 at Sat Mar 28 17:30:28 UTC 2026
Cache sync 8 at Sat Mar 28 17:30:28 UTC 2026
Cache sync 9 at Sat Mar 28 17:30:28 UTC 2026
Cache sync 10 at Sat Mar 28 17:30:29 UTC 2026
Cache sync 11 at Sat Mar 28 17:30:29 UTC 2026
Cache sync 12 at Sat Mar 28 17:30:29 UTC 2026
Cache sync 13 at Sat Mar 28 17:30:29 UTC 2026
Cache sync 14 at Sat Mar 28 17:30:29 UTC 2026
Cache sync 15 at Sat Mar 28 17:30:29 UTC 2026
Cache sync 16 at Sat Mar 28 17:30:29 UTC 2026
Cache sync 17 at Sat Mar 28 17:30:29 UTC 2026
Cache sync 18 at Sat Mar 28 17:30:29 UTC 2026
Cache sync 19 at Sat Mar 28 17:30:29 UTC 2026
Cache sync 20 at Sat Mar 28 17:30:29 UTC 2026
Cache sync 21 at Sat Mar 28 17:30:29 UTC 2026
Cache sync 22 at Sat Mar 28 17:30:29 UTC 2026
Cache sync 23 at Sat Mar 28 17:30:29 UTC 2026
Cache sync 24 at Sat Mar 28 17:30:29 UTC 2026
Cache sync 25 at Sat Mar 28 17:30:29 UTC 2026
Cache sync 26 at Sat Mar 28 17:30:29 UTC 2026
Cache sync 27 at Sat Mar 28 17:30:29 UTC 2026
Cache sync 28 at Sat Mar 28 17:30:29 UTC 2026
Cache sync 1 at Sun Mar 29 17:32:41 UTC 2026
Cache sync 2 at Sun Mar 29 17:32:41 UTC 2026
Cache sync 3 at Sun Mar 29 17:32:41 UTC 2026
Cache sync 4 at Sun Mar 29 17:32:41 UTC 2026
Cache sync 5 at Sun Mar 29 17:32:41 UTC 2026
Cache sync 6 at Sun Mar 29 17:32:41 UTC 2026
Cache sync 7 at Sun Mar 29 17:32:41 UTC 2026
Cache sync 8 at Sun Mar 29 17:32:41 UTC 2026
Cache sync 9 at Sun Mar 29 17:32:41 UTC 2026
Cache sync 10 at Sun Mar 29 17:32:41 UTC 2026
Cache sync 11 at Sun Mar 29 17:32:41 UTC 2026
Cache sync 12 at Sun Mar 29 17:32:41 UTC 2026
Cache sync 13 at Sun Mar 29 17:32:41 UTC 2026
Cache sync 14 at Sun Mar 29 17:32:41 UTC 2026
Cache sync 15 at Sun Mar 29 17:32:41 UTC 2026
Cache sync 16 at Sun Mar 29 17:32:41 UTC 2026
Cache sync 17 at Sun Mar 29 17:32:41 UTC 2026
Cache sync 18 at Sun Mar 29 17:32:41 UTC 2026
Cache sync 19 at Sun Mar 29 17:32:41 UTC 2026
Cache sync 20 at Sun Mar 29 17:32:41 UTC 2026
Cache sync 21 at Sun Mar 29 17:32:41 UTC 2026
Cache sync 22 at Sun Mar 29 17:32:41 UTC 2026
Cache sync 23 at Sun Mar 29 17:32:41 UTC 2026
Cache sync 24 at Sun Mar 29 17:32:41 UTC 2026
Cache sync 25 at Sun Mar 29 17:32:41 UTC 2026
Cache sync 26 at Sun Mar 29 17:32:41 UTC 2026
Cache sync 27 at Sun Mar 29 17:32:41 UTC 2026
Cache sync 28 at Sun Mar 29 17:32:41 UTC 2026
Cache sync 29 at Sun Mar 29 17:32:41 UTC 2026
Cache sync 30 at Sun Mar 29 17:32:41 UTC 2026
Cache sync 31 at Sun Mar 29 17:32:41 UTC 2026
Cache sync 32 at Sun Mar 29 17:32:41 UTC 2026
Cache sync 33 at Sun Mar 29 17:32:41 UTC 2026
Cache sync 34 at Sun Mar 29 17:32:41 UTC 2026
Cache sync 35 at Sun Mar 29 17:32:41 UTC 2026
Cache sync 36 at Sun Mar 29 17:32:41 UTC 2026
Cache sync 37 at Sun Mar 29 17:32:41 UTC 2026
Cache sync 38 at Sun Mar 29 17:32:41 UTC 2026
Cache sync 39 at Sun Mar 29 17:32:41 UTC 2026
Cache sync 40 at Sun Mar 29 17:32:41 UTC 2026
Cache sync 41 at Sun Mar 29 17:32:41 UTC 2026
Cache sync 42 at Sun Mar 29 17:32:41 UTC 2026
Cache sync 43 at Sun Mar 29 17:32:41 UTC 2026
Cache sync 44 at Sun Mar 29 17:32:41 UTC 2026
Cache sync 45 at Sun Mar 29 17:32:41 UTC 2026
Cache sync 46 at Sun Mar 29 17:32:41 UTC 2026
Cache sync 47 at Sun Mar 29 17:32:41 UTC 2026
Cache sync 48 at Sun Mar 29 17:32:41 UTC 2026
Cache sync 49 at Sun Mar 29 17:32:41 UTC 2026
Cache sync 50 at Sun Mar 29 17:32:41 UTC 2026
Cache sync 51 at Sun Mar 29 17:32:41 UTC 2026
Cache sync 52 at Sun Mar 29 17:32:41 UTC 2026
Cache sync 53 at Sun Mar 29 17:32:41 UTC 2026
Cache sync 54 at Sun Mar 29 17:32:41 UTC 2026
Cache sync 55 at Sun Mar 29 17:32:41 UTC 2026
Cache sync 56 at Sun Mar 29 17:32:41 UTC 2026
Cache sync 57 at Sun Mar 29 17:32:41 UTC 2026
Cache sync 58 at Sun Mar 29 17:32:41 UTC 2026
Cache sync 59 at Sun Mar 29 17:32:41 UTC 2026
Cache sync 60 at Sun Mar 29 17:32:41 UTC 2026
Cache sync 61 at Sun Mar 29 17:32:41 UTC 2026
Cache sync 62 at Sun Mar 29 17:32:41 UTC 2026
Cache sync 63 at Sun Mar 29 17:32:41 UTC 2026
Cache sync 64 at Sun Mar 29 17:32:41 UTC 2026
Cache sync 65 at Sun Mar 29 17:32:41 UTC 2026
Cache sync 66 at Sun Mar 29 17:32:41 UTC 2026
Cache sync 67 at Sun Mar 29 17:32:41 UTC 2026
Cache sync 1 at Mon Mar 30 17:55:01 UTC 2026
Cache sync 2 at Mon Mar 30 17:55:01 UTC 2026
Cache sync 3 at Mon Mar 30 17:55:01 UTC 2026
Cache sync 4 at Mon Mar 30 17:55:01 UTC 2026
Cache sync 5 at Mon Mar 30 17:55:01 UTC 2026
Cache sync 6 at Mon Mar 30 17:55:01 UTC 2026
Cache sync 7 at Mon Mar 30 17:55:01 UTC 2026
Cache sync 8 at Mon Mar 30 17:55:01 UTC 2026
Cache sync 9 at Mon Mar 30 17:55:01 UTC 2026
Cache sync 10 at Mon Mar 30 17:55:01 UTC 2026
Cache sync 11 at Mon Mar 30 17:55:01 UTC 2026
Cache sync 12 at Mon Mar 30 17:55:01 UTC 2026
Cache sync 13 at Mon Mar 30 17:55:01 UTC 2026
Cache sync 14 at Mon Mar 30 17:55:01 UTC 2026
Cache sync 15 at Mon Mar 30 17:55:01 UTC 2026
Cache sync 16 at Mon Mar 30 17:55:01 UTC 2026
Cache sync 17 at Mon Mar 30 17:55:01 UTC 2026
Cache sync 18 at Mon Mar 30 17:55:01 UTC 2026
Cache sync 19 at Mon Mar 30 17:55:01 UTC 2026
Cache sync 20 at Mon Mar 30 17:55:01 UTC 2026
Cache sync 21 at Mon Mar 30 17:55:01 UTC 2026
Cache sync 22 at Mon Mar 30 17:55:02 UTC 2026
Cache sync 23 at Mon Mar 30 17:55:02 UTC 2026
Cache sync 24 at Mon Mar 30 17:55:02 UTC 2026
Cache sync 25 at Mon Mar 30 17:55:02 UTC 2026
Cache sync 26 at Mon Mar 30 17:55:02 UTC 2026
Cache sync 27 at Mon Mar 30 17:55:02 UTC 2026
Cache sync 28 at Mon Mar 30 17:55:02 UTC 2026
Cache sync 29 at Mon Mar 30 17:55:02 UTC 2026
Cache sync 30 at Mon Mar 30 17:55:02 UTC 2026
Cache sync 31 at Mon Mar 30 17:55:02 UTC 2026
Cache sync 32 at Mon Mar 30 17:55:02 UTC 2026
Cache sync 33 at Mon Mar 30 17:55:02 UTC 2026
Cache sync 34 at Mon Mar 30 17:55:02 UTC 2026
Cache sync 35 at Mon Mar 30 17:55:02 UTC 2026
Cache sync 36 at Mon Mar 30 17:55:02 UTC 2026
Cache sync 37 at Mon Mar 30 17:55:02 UTC 2026
Cache sync 38 at Mon Mar 30 17:55:02 UTC 2026
Cache sync 39 at Mon Mar 30 17:55:02 UTC 2026
Cache sync 40 at Mon Mar 30 17:55:02 UTC 2026
Cache sync 41 at Mon Mar 30 17:55:02 UTC 2026
Cache sync 42 at Mon Mar 30 17:55:02 UTC 2026
Cache sync 43 at Mon Mar 30 17:55:02 UTC 2026
Cache sync 1 at Tue Mar 31 17:56:20 UTC 2026
Cache sync 2 at Tue Mar 31 17:56:20 UTC 2026
Cache sync 3 at Tue Mar 31 17:56:20 UTC 2026
Cache sync 4 at Tue Mar 31 17:56:20 UTC 2026
Cache sync 5 at Tue Mar 31 17:56:20 UTC 2026
Cache sync 6 at Tue Mar 31 17:56:20 UTC 2026
Cache sync 7 at Tue Mar 31 17:56:20 UTC 2026
Cache sync 8 at Tue Mar 31 17:56:20 UTC 2026
Cache sync 9 at Tue Mar 31 17:56:20 UTC 2026
Cache sync 10 at Tue Mar 31 17:56:20 UTC 2026
Cache sync 11 at Tue Mar 31 17:56:20 UTC 2026
Cache sync 12 at Tue Mar 31 17:56:20 UTC 2026
Cache sync 13 at Tue Mar 31 17:56:20 UTC 2026
Cache sync 14 at Tue Mar 31 17:56:20 UTC 2026
Cache sync 15 at Tue Mar 31 17:56:20 UTC 2026
Cache sync 16 at Tue Mar 31 17:56:20 UTC 2026
Cache sync 17 at Tue Mar 31 17:56:20 UTC 2026
Cache sync 18 at Tue Mar 31 17:56:20 UTC 2026
Cache sync 19 at Tue Mar 31 17:56:20 UTC 2026
Cache sync 20 at Tue Mar 31 17:56:20 UTC 2026
Cache sync 21 at Tue Mar 31 17:56:20 UTC 2026
Cache sync 22 at Tue Mar 31 17:56:20 UTC 2026
Cache sync 23 at Tue Mar 31 17:56:20 UTC 2026
Cache sync 24 at Tue Mar 31 17:56:20 UTC 2026
Cache sync 25 at Tue Mar 31 17:56:20 UTC 2026
Cache sync 26 at Tue Mar 31 17:56:20 UTC 2026
Cache sync 27 at Tue Mar 31 17:56:20 UTC 2026
Cache sync 28 at Tue Mar 31 17:56:20 UTC 2026
Cache sync 29 at Tue Mar 31 17:56:20 UTC 2026
Cache sync 30 at Tue Mar 31 17:56:20 UTC 2026
Cache sync 31 at Tue Mar 31 17:56:20 UTC 2026
Cache sync 32 at Tue Mar 31 17:56:20 UTC 2026
Cache sync 33 at Tue Mar 31 17:56:20 UTC 2026
Cache sync 34 at Tue Mar 31 17:56:20 UTC 2026
Cache sync 35 at Tue Mar 31 17:56:20 UTC 2026
Cache sync 36 at Tue Mar 31 17:56:20 UTC 2026
Cache sync 37 at Tue Mar 31 17:56:20 UTC 2026
Cache sync 38 at Tue Mar 31 17:56:20 UTC 2026
Cache sync 39 at Tue Mar 31 17:56:20 UTC 2026
Cache sync 40 at Tue Mar 31 17:56:20 UTC 2026
Cache sync 41 at Tue Mar 31 17:56:20 UTC 2026
Cache sync 42 at Tue Mar 31 17:56:20 UTC 2026
Cache sync 43 at Tue Mar 31 17:56:20 UTC 2026
Cache sync 44 at Tue Mar 31 17:56:20 UTC 2026
Cache sync 45 at Tue Mar 31 17:56:20 UTC 2026
Cache sync 46 at Tue Mar 31 17:56:20 UTC 2026
Cache sync 47 at Tue Mar 31 17:56:20 UTC 2026
Cache sync 48 at Tue Mar 31 17:56:20 UTC 2026
Cache sync 49 at Tue Mar 31 17:56:20 UTC 2026
Cache sync 50 at Tue Mar 31 17:56:20 UTC 2026
Cache sync 51 at Tue Mar 31 17:56:20 UTC 2026
Cache sync 52 at Tue Mar 31 17:56:20 UTC 2026
Cache sync 53 at Tue Mar 31 17:56:20 UTC 2026
Cache sync 54 at Tue Mar 31 17:56:20 UTC 2026
Cache sync 55 at Tue Mar 31 17:56:20 UTC 2026
Cache sync 56 at Tue Mar 31 17:56:20 UTC 2026
Cache sync 57 at Tue Mar 31 17:56:20 UTC 2026
Cache sync 58 at Tue Mar 31 17:56:20 UTC 2026
Cache sync 59 at Tue Mar 31 17:56:20 UTC 2026
Cache sync 60 at Tue Mar 31 17:56:20 UTC 2026
Cache sync 61 at Tue Mar 31 17:56:20 UTC 2026
Cache sync 62 at Tue Mar 31 17:56:20 UTC 2026
Cache sync 63 at Tue Mar 31 17:56:20 UTC 2026
Cache sync 64 at Tue Mar 31 17:56:20 UTC 2026
Cache sync 65 at Tue Mar 31 17:56:20 UTC 2026
Cache sync 66 at Tue Mar 31 17:56:20 UTC 2026
Cache sync 67 at Tue Mar 31 17:56:20 UTC 2026
Cache sync 68 at Tue Mar 31 17:56:20 UTC 2026
Cache sync 69 at Tue Mar 31 17:56:20 UTC 2026
Cache sync 70 at Tue Mar 31 17:56:20 UTC 2026
Cache sync 71 at Tue Mar 31 17:56:20 UTC 2026
Cache sync 72 at Tue Mar 31 17:56:20 UTC 2026
Cache sync 1 at Wed Apr  1 17:52:12 UTC 2026
Cache sync 2 at Wed Apr  1 17:52:12 UTC 2026
Cache sync 3 at Wed Apr  1 17:52:12 UTC 2026
Cache sync 4 at Wed Apr  1 17:52:12 UTC 2026
Cache sync 5 at Wed Apr  1 17:52:12 UTC 2026
Cache sync 6 at Wed Apr  1 17:52:12 UTC 2026
Cache sync 7 at Wed Apr  1 17:52:12 UTC 2026
Cache sync 8 at Wed Apr  1 17:52:12 UTC 2026
Cache sync 9 at Wed Apr  1 17:52:12 UTC 2026
Cache sync 10 at Wed Apr  1 17:52:12 UTC 2026
Cache sync 11 at Wed Apr  1 17:52:12 UTC 2026
Cache sync 12 at Wed Apr  1 17:52:12 UTC 2026
Cache sync 13 at Wed Apr  1 17:52:12 UTC 2026
Cache sync 14 at Wed Apr  1 17:52:12 UTC 2026
Cache sync 15 at Wed Apr  1 17:52:12 UTC 2026
Cache sync 16 at Wed Apr  1 17:52:12 UTC 2026
Cache sync 17 at Wed Apr  1 17:52:12 UTC 2026
Cache sync 1 at Thu Apr  2 17:50:53 UTC 2026
Cache sync 2 at Thu Apr  2 17:50:53 UTC 2026
Cache sync 3 at Thu Apr  2 17:50:53 UTC 2026
Cache sync 4 at Thu Apr  2 17:50:53 UTC 2026
Cache sync 5 at Thu Apr  2 17:50:53 UTC 2026
Cache sync 6 at Thu Apr  2 17:50:53 UTC 2026
Cache sync 7 at Thu Apr  2 17:50:53 UTC 2026
Cache sync 8 at Thu Apr  2 17:50:53 UTC 2026
Cache sync 9 at Thu Apr  2 17:50:53 UTC 2026
Cache sync 10 at Thu Apr  2 17:50:53 UTC 2026
Cache sync 11 at Thu Apr  2 17:50:53 UTC 2026
Cache sync 12 at Thu Apr  2 17:50:53 UTC 2026
Cache sync 13 at Thu Apr  2 17:50:53 UTC 2026
Cache sync 14 at Thu Apr  2 17:50:53 UTC 2026
Cache sync 15 at Thu Apr  2 17:50:53 UTC 2026
Cache sync 16 at Thu Apr  2 17:50:53 UTC 2026
Cache sync 17 at Thu Apr  2 17:50:53 UTC 2026
Cache sync 18 at Thu Apr  2 17:50:53 UTC 2026
Cache sync 19 at Thu Apr  2 17:50:53 UTC 2026
Cache sync 20 at Thu Apr  2 17:50:53 UTC 2026
Cache sync 21 at Thu Apr  2 17:50:53 UTC 2026
Cache sync 22 at Thu Apr  2 17:50:53 UTC 2026
Cache sync 23 at Thu Apr  2 17:50:53 UTC 2026
Cache sync 24 at Thu Apr  2 17:50:53 UTC 2026
Cache sync 25 at Thu Apr  2 17:50:53 UTC 2026
Cache sync 26 at Thu Apr  2 17:50:53 UTC 2026
Cache sync 27 at Thu Apr  2 17:50:53 UTC 2026
Cache sync 28 at Thu Apr  2 17:50:53 UTC 2026
Cache sync 29 at Thu Apr  2 17:50:53 UTC 2026
Cache sync 30 at Thu Apr  2 17:50:53 UTC 2026
Cache sync 31 at Thu Apr  2 17:50:53 UTC 2026
Cache sync 32 at Thu Apr  2 17:50:53 UTC 2026
Cache sync 33 at Thu Apr  2 17:50:53 UTC 2026
Cache sync 34 at Thu Apr  2 17:50:53 UTC 2026
Cache sync 35 at Thu Apr  2 17:50:53 UTC 2026
Cache sync 36 at Thu Apr  2 17:50:53 UTC 2026
Cache sync 37 at Thu Apr  2 17:50:53 UTC 2026
Cache sync 38 at Thu Apr  2 17:50:53 UTC 2026
Cache sync 39 at Thu Apr  2 17:50:53 UTC 2026
Cache sync 40 at Thu Apr  2 17:50:53 UTC 2026
Cache sync 41 at Thu Apr  2 17:50:53 UTC 2026
Cache sync 42 at Thu Apr  2 17:50:53 UTC 2026
Cache sync 43 at Thu Apr  2 17:50:53 UTC 2026
Cache sync 44 at Thu Apr  2 17:50:53 UTC 2026
Cache sync 45 at Thu Apr  2 17:50:53 UTC 2026
Cache sync 46 at Thu Apr  2 17:50:53 UTC 2026
Cache sync 47 at Thu Apr  2 17:50:53 UTC 2026
Cache sync 48 at Thu Apr  2 17:50:53 UTC 2026
Cache sync 49 at Thu Apr  2 17:50:53 UTC 2026
Cache sync 50 at Thu Apr  2 17:50:53 UTC 2026
Cache sync 51 at Thu Apr  2 17:50:53 UTC 2026
Cache sync 52 at Thu Apr  2 17:50:53 UTC 2026
Cache sync 53 at Thu Apr  2 17:50:53 UTC 2026
Cache sync 54 at Thu Apr  2 17:50:53 UTC 2026
Cache sync 55 at Thu Apr  2 17:50:53 UTC 2026
Cache sync 56 at Thu Apr  2 17:50:53 UTC 2026
Cache sync 57 at Thu Apr  2 17:50:53 UTC 2026
Cache sync 58 at Thu Apr  2 17:50:53 UTC 2026
Cache sync 59 at Thu Apr  2 17:50:53 UTC 2026
Cache sync 60 at Thu Apr  2 17:50:53 UTC 2026
Cache sync 61 at Thu Apr  2 17:50:53 UTC 2026
Cache sync 62 at Thu Apr  2 17:50:54 UTC 2026
Cache sync 63 at Thu Apr  2 17:50:54 UTC 2026
Cache sync 64 at Thu Apr  2 17:50:54 UTC 2026
Cache sync 65 at Thu Apr  2 17:50:54 UTC 2026
Cache sync 66 at Thu Apr  2 17:50:54 UTC 2026
Cache sync 67 at Thu Apr  2 17:50:54 UTC 2026
Cache sync 68 at Thu Apr  2 17:50:54 UTC 2026
Cache sync 69 at Thu Apr  2 17:50:54 UTC 2026
Cache sync 70 at Thu Apr  2 17:50:54 UTC 2026
Cache sync 71 at Thu Apr  2 17:50:54 UTC 2026
Cache sync 72 at Thu Apr  2 17:50:54 UTC 2026
Cache sync 73 at Thu Apr  2 17:50:54 UTC 2026
Cache sync 74 at Thu Apr  2 17:50:54 UTC 2026
Cache sync 75 at Thu Apr  2 17:50:54 UTC 2026
Cache sync 76 at Thu Apr  2 17:50:54 UTC 2026
Cache sync 77 at Thu Apr  2 17:50:54 UTC 2026
Cache sync 78 at Thu Apr  2 17:50:54 UTC 2026
Cache sync 79 at Thu Apr  2 17:50:54 UTC 2026
Cache sync 80 at Thu Apr  2 17:50:54 UTC 2026
Cache sync 81 at Thu Apr  2 17:50:54 UTC 2026
Cache sync 82 at Thu Apr  2 17:50:54 UTC 2026
Cache sync 1 at Fri Apr  3 17:35:53 UTC 2026
Cache sync 2 at Fri Apr  3 17:35:53 UTC 2026
Cache sync 3 at Fri Apr  3 17:35:53 UTC 2026
Cache sync 4 at Fri Apr  3 17:35:53 UTC 2026
Cache sync 5 at Fri Apr  3 17:35:53 UTC 2026
Cache sync 6 at Fri Apr  3 17:35:53 UTC 2026
Cache sync 7 at Fri Apr  3 17:35:53 UTC 2026
Cache sync 8 at Fri Apr  3 17:35:53 UTC 2026
Cache sync 9 at Fri Apr  3 17:35:53 UTC 2026
Cache sync 1 at Sun Apr  5 17:33:34 UTC 2026
Cache sync 2 at Sun Apr  5 17:33:34 UTC 2026
Cache sync 3 at Sun Apr  5 17:33:34 UTC 2026
Cache sync 4 at Sun Apr  5 17:33:34 UTC 2026
Cache sync 5 at Sun Apr  5 17:33:34 UTC 2026
Cache sync 6 at Sun Apr  5 17:33:34 UTC 2026
Cache sync 7 at Sun Apr  5 17:33:34 UTC 2026
Cache sync 8 at Sun Apr  5 17:33:34 UTC 2026
Cache sync 9 at Sun Apr  5 17:33:34 UTC 2026
Cache sync 10 at Sun Apr  5 17:33:34 UTC 2026
Cache sync 11 at Sun Apr  5 17:33:34 UTC 2026
Cache sync 12 at Sun Apr  5 17:33:34 UTC 2026
Cache sync 13 at Sun Apr  5 17:33:35 UTC 2026
Cache sync 14 at Sun Apr  5 17:33:35 UTC 2026
Cache sync 15 at Sun Apr  5 17:33:35 UTC 2026
Cache sync 16 at Sun Apr  5 17:33:35 UTC 2026
Cache sync 17 at Sun Apr  5 17:33:35 UTC 2026
Cache sync 18 at Sun Apr  5 17:33:35 UTC 2026
Cache sync 19 at Sun Apr  5 17:33:35 UTC 2026
Cache sync 20 at Sun Apr  5 17:33:35 UTC 2026
Cache sync 21 at Sun Apr  5 17:33:35 UTC 2026
Cache sync 22 at Sun Apr  5 17:33:35 UTC 2026
Cache sync 23 at Sun Apr  5 17:33:35 UTC 2026
Cache sync 24 at Sun Apr  5 17:33:35 UTC 2026
Cache sync 25 at Sun Apr  5 17:33:35 UTC 2026
Cache sync 26 at Sun Apr  5 17:33:35 UTC 2026
Cache sync 27 at Sun Apr  5 17:33:35 UTC 2026
Cache sync 28 at Sun Apr  5 17:33:35 UTC 2026
Cache sync 29 at Sun Apr  5 17:33:35 UTC 2026
Cache sync 30 at Sun Apr  5 17:33:35 UTC 2026
Cache sync 31 at Sun Apr  5 17:33:35 UTC 2026
Cache sync 32 at Sun Apr  5 17:33:35 UTC 2026
Cache sync 33 at Sun Apr  5 17:33:35 UTC 2026
Cache sync 34 at Sun Apr  5 17:33:35 UTC 2026
Cache sync 35 at Sun Apr  5 17:33:35 UTC 2026
Cache sync 36 at Sun Apr  5 17:33:35 UTC 2026
Cache sync 37 at Sun Apr  5 17:33:35 UTC 2026
Cache sync 38 at Sun Apr  5 17:33:35 UTC 2026
Cache sync 39 at Sun Apr  5 17:33:35 UTC 2026
Cache sync 40 at Sun Apr  5 17:33:35 UTC 2026
Cache sync 41 at Sun Apr  5 17:33:35 UTC 2026
Cache sync 42 at Sun Apr  5 17:33:35 UTC 2026
Cache sync 43 at Sun Apr  5 17:33:35 UTC 2026
Cache sync 44 at Sun Apr  5 17:33:35 UTC 2026
Cache sync 45 at Sun Apr  5 17:33:35 UTC 2026
Cache sync 46 at Sun Apr  5 17:33:35 UTC 2026
Cache sync 47 at Sun Apr  5 17:33:35 UTC 2026
Cache sync 48 at Sun Apr  5 17:33:35 UTC 2026
Cache sync 49 at Sun Apr  5 17:33:35 UTC 2026
Cache sync 50 at Sun Apr  5 17:33:35 UTC 2026
Cache sync 51 at Sun Apr  5 17:33:35 UTC 2026
Cache sync 52 at Sun Apr  5 17:33:35 UTC 2026
Cache sync 53 at Sun Apr  5 17:33:35 UTC 2026
Cache sync 54 at Sun Apr  5 17:33:35 UTC 2026
Cache sync 55 at Sun Apr  5 17:33:35 UTC 2026
Cache sync 56 at Sun Apr  5 17:33:35 UTC 2026
Cache sync 57 at Sun Apr  5 17:33:35 UTC 2026
Cache sync 58 at Sun Apr  5 17:33:35 UTC 2026
Cache sync 59 at Sun Apr  5 17:33:35 UTC 2026
Cache sync 60 at Sun Apr  5 17:33:35 UTC 2026
Cache sync 61 at Sun Apr  5 17:33:35 UTC 2026
Cache sync 62 at Sun Apr  5 17:33:35 UTC 2026
Cache sync 63 at Sun Apr  5 17:33:35 UTC 2026
Cache sync 64 at Sun Apr  5 17:33:35 UTC 2026
Cache sync 65 at Sun Apr  5 17:33:35 UTC 2026
Cache sync 66 at Sun Apr  5 17:33:35 UTC 2026
Cache sync 67 at Sun Apr  5 17:33:35 UTC 2026
Cache sync 68 at Sun Apr  5 17:33:35 UTC 2026
Cache sync 69 at Sun Apr  5 17:33:35 UTC 2026
Cache sync 70 at Sun Apr  5 17:33:35 UTC 2026
Cache sync 71 at Sun Apr  5 17:33:35 UTC 2026
Cache sync 72 at Sun Apr  5 17:33:35 UTC 2026
Cache sync 73 at Sun Apr  5 17:33:35 UTC 2026
Cache sync 74 at Sun Apr  5 17:33:35 UTC 2026
Cache sync 75 at Sun Apr  5 17:33:35 UTC 2026
Cache sync 76 at Sun Apr  5 17:33:35 UTC 2026
Cache sync 77 at Sun Apr  5 17:33:35 UTC 2026
Cache sync 78 at Sun Apr  5 17:33:35 UTC 2026
Cache sync 79 at Sun Apr  5 17:33:35 UTC 2026
Cache sync 80 at Sun Apr  5 17:33:35 UTC 2026
Cache sync 81 at Sun Apr  5 17:33:35 UTC 2026
Cache sync 82 at Sun Apr  5 17:33:35 UTC 2026
Cache sync 1 at Mon Apr  6 17:46:08 UTC 2026
Cache sync 2 at Mon Apr  6 17:46:08 UTC 2026
Cache sync 3 at Mon Apr  6 17:46:08 UTC 2026
Cache sync 4 at Mon Apr  6 17:46:08 UTC 2026
Cache sync 5 at Mon Apr  6 17:46:08 UTC 2026
Cache sync 6 at Mon Apr  6 17:46:08 UTC 2026
Cache sync 7 at Mon Apr  6 17:46:08 UTC 2026
Cache sync 8 at Mon Apr  6 17:46:08 UTC 2026
Cache sync 9 at Mon Apr  6 17:46:08 UTC 2026
Cache sync 10 at Mon Apr  6 17:46:08 UTC 2026
Cache sync 11 at Mon Apr  6 17:46:08 UTC 2026
Cache sync 12 at Mon Apr  6 17:46:08 UTC 2026
Cache sync 13 at Mon Apr  6 17:46:08 UTC 2026
Cache sync 14 at Mon Apr  6 17:46:08 UTC 2026
Cache sync 15 at Mon Apr  6 17:46:08 UTC 2026
Cache sync 16 at Mon Apr  6 17:46:08 UTC 2026
Cache sync 17 at Mon Apr  6 17:46:08 UTC 2026
Cache sync 18 at Mon Apr  6 17:46:08 UTC 2026
Cache sync 19 at Mon Apr  6 17:46:08 UTC 2026
Cache sync 20 at Mon Apr  6 17:46:08 UTC 2026
Cache sync 21 at Mon Apr  6 17:46:08 UTC 2026
Cache sync 22 at Mon Apr  6 17:46:08 UTC 2026
Cache sync 23 at Mon Apr  6 17:46:08 UTC 2026
Cache sync 24 at Mon Apr  6 17:46:08 UTC 2026
Cache sync 25 at Mon Apr  6 17:46:08 UTC 2026
Cache sync 26 at Mon Apr  6 17:46:08 UTC 2026
Cache sync 1 at Tue Apr  7 17:58:09 UTC 2026
Cache sync 2 at Tue Apr  7 17:58:09 UTC 2026
Cache sync 3 at Tue Apr  7 17:58:09 UTC 2026
Cache sync 4 at Tue Apr  7 17:58:09 UTC 2026
Cache sync 5 at Tue Apr  7 17:58:09 UTC 2026
Cache sync 6 at Tue Apr  7 17:58:09 UTC 2026
Cache sync 7 at Tue Apr  7 17:58:09 UTC 2026
Cache sync 8 at Tue Apr  7 17:58:09 UTC 2026
Cache sync 9 at Tue Apr  7 17:58:09 UTC 2026
Cache sync 10 at Tue Apr  7 17:58:09 UTC 2026
Cache sync 11 at Tue Apr  7 17:58:09 UTC 2026
Cache sync 12 at Tue Apr  7 17:58:09 UTC 2026
Cache sync 13 at Tue Apr  7 17:58:09 UTC 2026
Cache sync 14 at Tue Apr  7 17:58:09 UTC 2026
Cache sync 15 at Tue Apr  7 17:58:09 UTC 2026
Cache sync 16 at Tue Apr  7 17:58:09 UTC 2026
Cache sync 17 at Tue Apr  7 17:58:09 UTC 2026
Cache sync 18 at Tue Apr  7 17:58:09 UTC 2026
Cache sync 19 at Tue Apr  7 17:58:09 UTC 2026
Cache sync 20 at Tue Apr  7 17:58:09 UTC 2026
Cache sync 21 at Tue Apr  7 17:58:09 UTC 2026
Cache sync 22 at Tue Apr  7 17:58:09 UTC 2026
Cache sync 23 at Tue Apr  7 17:58:09 UTC 2026
Cache sync 24 at Tue Apr  7 17:58:09 UTC 2026
Cache sync 25 at Tue Apr  7 17:58:09 UTC 2026
Cache sync 26 at Tue Apr  7 17:58:09 UTC 2026
Cache sync 27 at Tue Apr  7 17:58:09 UTC 2026
Cache sync 28 at Tue Apr  7 17:58:09 UTC 2026
Cache sync 29 at Tue Apr  7 17:58:09 UTC 2026
Cache sync 30 at Tue Apr  7 17:58:09 UTC 2026
Cache sync 31 at Tue Apr  7 17:58:09 UTC 2026
Cache sync 32 at Tue Apr  7 17:58:09 UTC 2026
Cache sync 33 at Tue Apr  7 17:58:09 UTC 2026
Cache sync 34 at Tue Apr  7 17:58:09 UTC 2026
Cache sync 35 at Tue Apr  7 17:58:09 UTC 2026
Cache sync 36 at Tue Apr  7 17:58:09 UTC 2026
Cache sync 37 at Tue Apr  7 17:58:09 UTC 2026
Cache sync 38 at Tue Apr  7 17:58:09 UTC 2026
Cache sync 39 at Tue Apr  7 17:58:09 UTC 2026
Cache sync 40 at Tue Apr  7 17:58:09 UTC 2026
Cache sync 41 at Tue Apr  7 17:58:09 UTC 2026
Cache sync 42 at Tue Apr  7 17:58:09 UTC 2026
Cache sync 43 at Tue Apr  7 17:58:09 UTC 2026
Cache sync 44 at Tue Apr  7 17:58:09 UTC 2026
Cache sync 45 at Tue Apr  7 17:58:09 UTC 2026
Cache sync 46 at Tue Apr  7 17:58:09 UTC 2026
Cache sync 47 at Tue Apr  7 17:58:10 UTC 2026
Cache sync 48 at Tue Apr  7 17:58:10 UTC 2026
Cache sync 49 at Tue Apr  7 17:58:10 UTC 2026
Cache sync 50 at Tue Apr  7 17:58:10 UTC 2026
Cache sync 51 at Tue Apr  7 17:58:10 UTC 2026
Cache sync 52 at Tue Apr  7 17:58:10 UTC 2026
Cache sync 53 at Tue Apr  7 17:58:10 UTC 2026
Cache sync 54 at Tue Apr  7 17:58:10 UTC 2026
Cache sync 55 at Tue Apr  7 17:58:10 UTC 2026
Cache sync 56 at Tue Apr  7 17:58:10 UTC 2026
Cache sync 57 at Tue Apr  7 17:58:10 UTC 2026
Cache sync 58 at Tue Apr  7 17:58:10 UTC 2026
Cache sync 59 at Tue Apr  7 17:58:10 UTC 2026
Cache sync 60 at Tue Apr  7 17:58:10 UTC 2026
Cache sync 61 at Tue Apr  7 17:58:10 UTC 2026
Cache sync 62 at Tue Apr  7 17:58:10 UTC 2026
Cache sync 63 at Tue Apr  7 17:58:10 UTC 2026
Cache sync 64 at Tue Apr  7 17:58:10 UTC 2026
Cache sync 65 at Tue Apr  7 17:58:10 UTC 2026
Cache sync 66 at Tue Apr  7 17:58:10 UTC 2026
Cache sync 67 at Tue Apr  7 17:58:10 UTC 2026
Cache sync 68 at Tue Apr  7 17:58:10 UTC 2026
Cache sync 69 at Tue Apr  7 17:58:10 UTC 2026
Cache sync 70 at Tue Apr  7 17:58:10 UTC 2026
Cache sync 1 at Thu Apr  9 17:59:18 UTC 2026
Cache sync 2 at Thu Apr  9 17:59:18 UTC 2026
Cache sync 3 at Thu Apr  9 17:59:18 UTC 2026
Cache sync 4 at Thu Apr  9 17:59:18 UTC 2026
Cache sync 5 at Thu Apr  9 17:59:18 UTC 2026
Cache sync 6 at Thu Apr  9 17:59:18 UTC 2026
Cache sync 7 at Thu Apr  9 17:59:18 UTC 2026
Cache sync 8 at Thu Apr  9 17:59:18 UTC 2026
Cache sync 9 at Thu Apr  9 17:59:18 UTC 2026
Cache sync 10 at Thu Apr  9 17:59:18 UTC 2026
Cache sync 11 at Thu Apr  9 17:59:18 UTC 2026
Cache sync 12 at Thu Apr  9 17:59:18 UTC 2026
Cache sync 13 at Thu Apr  9 17:59:18 UTC 2026
Cache sync 14 at Thu Apr  9 17:59:18 UTC 2026
Cache sync 15 at Thu Apr  9 17:59:18 UTC 2026
Cache sync 16 at Thu Apr  9 17:59:18 UTC 2026
Cache sync 17 at Thu Apr  9 17:59:18 UTC 2026
Cache sync 18 at Thu Apr  9 17:59:18 UTC 2026
Cache sync 19 at Thu Apr  9 17:59:18 UTC 2026
Cache sync 20 at Thu Apr  9 17:59:18 UTC 2026
Cache sync 21 at Thu Apr  9 17:59:18 UTC 2026
Cache sync 22 at Thu Apr  9 17:59:18 UTC 2026
Cache sync 23 at Thu Apr  9 17:59:18 UTC 2026
Cache sync 24 at Thu Apr  9 17:59:18 UTC 2026
Cache sync 1 at Fri Apr 10 17:50:06 UTC 2026
Cache sync 2 at Fri Apr 10 17:50:06 UTC 2026
Cache sync 3 at Fri Apr 10 17:50:06 UTC 2026
Cache sync 4 at Fri Apr 10 17:50:06 UTC 2026
Cache sync 5 at Fri Apr 10 17:50:06 UTC 2026
Cache sync 6 at Fri Apr 10 17:50:06 UTC 2026
Cache sync 7 at Fri Apr 10 17:50:06 UTC 2026
Cache sync 8 at Fri Apr 10 17:50:06 UTC 2026
Cache sync 9 at Fri Apr 10 17:50:06 UTC 2026
Cache sync 10 at Fri Apr 10 17:50:06 UTC 2026
Cache sync 11 at Fri Apr 10 17:50:06 UTC 2026
Cache sync 12 at Fri Apr 10 17:50:06 UTC 2026
Cache sync 13 at Fri Apr 10 17:50:06 UTC 2026
Cache sync 14 at Fri Apr 10 17:50:06 UTC 2026
Cache sync 15 at Fri Apr 10 17:50:06 UTC 2026
Cache sync 16 at Fri Apr 10 17:50:06 UTC 2026
Cache sync 1 at Sat Apr 11 17:33:05 UTC 2026
Cache sync 2 at Sat Apr 11 17:33:05 UTC 2026
Cache sync 3 at Sat Apr 11 17:33:05 UTC 2026
Cache sync 4 at Sat Apr 11 17:33:05 UTC 2026
Cache sync 5 at Sat Apr 11 17:33:05 UTC 2026
Cache sync 6 at Sat Apr 11 17:33:05 UTC 2026
Cache sync 7 at Sat Apr 11 17:33:05 UTC 2026
Cache sync 8 at Sat Apr 11 17:33:05 UTC 2026
Cache sync 9 at Sat Apr 11 17:33:05 UTC 2026
Cache sync 10 at Sat Apr 11 17:33:05 UTC 2026
Cache sync 11 at Sat Apr 11 17:33:05 UTC 2026
Cache sync 12 at Sat Apr 11 17:33:05 UTC 2026
Cache sync 13 at Sat Apr 11 17:33:05 UTC 2026
Cache sync 14 at Sat Apr 11 17:33:05 UTC 2026
Cache sync 15 at Sat Apr 11 17:33:05 UTC 2026
Cache sync 16 at Sat Apr 11 17:33:05 UTC 2026
Cache sync 17 at Sat Apr 11 17:33:05 UTC 2026
Cache sync 18 at Sat Apr 11 17:33:05 UTC 2026
Cache sync 19 at Sat Apr 11 17:33:05 UTC 2026
Cache sync 20 at Sat Apr 11 17:33:05 UTC 2026
Cache sync 21 at Sat Apr 11 17:33:05 UTC 2026
Cache sync 22 at Sat Apr 11 17:33:05 UTC 2026
Cache sync 23 at Sat Apr 11 17:33:05 UTC 2026
Cache sync 24 at Sat Apr 11 17:33:05 UTC 2026
Cache sync 25 at Sat Apr 11 17:33:05 UTC 2026
Cache sync 26 at Sat Apr 11 17:33:05 UTC 2026
Cache sync 27 at Sat Apr 11 17:33:05 UTC 2026
Cache sync 28 at Sat Apr 11 17:33:05 UTC 2026
Cache sync 29 at Sat Apr 11 17:33:05 UTC 2026
Cache sync 30 at Sat Apr 11 17:33:05 UTC 2026
Cache sync 31 at Sat Apr 11 17:33:05 UTC 2026
Cache sync 32 at Sat Apr 11 17:33:05 UTC 2026
Cache sync 33 at Sat Apr 11 17:33:05 UTC 2026
Cache sync 34 at Sat Apr 11 17:33:05 UTC 2026
Cache sync 35 at Sat Apr 11 17:33:05 UTC 2026
Cache sync 36 at Sat Apr 11 17:33:05 UTC 2026
Cache sync 37 at Sat Apr 11 17:33:05 UTC 2026
Cache sync 38 at Sat Apr 11 17:33:05 UTC 2026
Cache sync 39 at Sat Apr 11 17:33:05 UTC 2026
Cache sync 40 at Sat Apr 11 17:33:05 UTC 2026
Cache sync 41 at Sat Apr 11 17:33:05 UTC 2026
Cache sync 42 at Sat Apr 11 17:33:05 UTC 2026
Cache sync 43 at Sat Apr 11 17:33:05 UTC 2026
Cache sync 44 at Sat Apr 11 17:33:05 UTC 2026
Cache sync 45 at Sat Apr 11 17:33:05 UTC 2026
Cache sync 46 at Sat Apr 11 17:33:05 UTC 2026
Cache sync 47 at Sat Apr 11 17:33:05 UTC 2026
Cache sync 48 at Sat Apr 11 17:33:05 UTC 2026
Cache sync 49 at Sat Apr 11 17:33:05 UTC 2026
Cache sync 50 at Sat Apr 11 17:33:05 UTC 2026
Cache sync 51 at Sat Apr 11 17:33:05 UTC 2026
Cache sync 52 at Sat Apr 11 17:33:05 UTC 2026
Cache sync 53 at Sat Apr 11 17:33:05 UTC 2026
Cache sync 54 at Sat Apr 11 17:33:05 UTC 2026
Cache sync 55 at Sat Apr 11 17:33:05 UTC 2026
Cache sync 1 at Sun Apr 12 17:36:02 UTC 2026
Cache sync 2 at Sun Apr 12 17:36:02 UTC 2026
Cache sync 3 at Sun Apr 12 17:36:02 UTC 2026
Cache sync 4 at Sun Apr 12 17:36:02 UTC 2026
Cache sync 5 at Sun Apr 12 17:36:02 UTC 2026
Cache sync 6 at Sun Apr 12 17:36:02 UTC 2026
Cache sync 7 at Sun Apr 12 17:36:02 UTC 2026
Cache sync 8 at Sun Apr 12 17:36:02 UTC 2026
Cache sync 9 at Sun Apr 12 17:36:02 UTC 2026
Cache sync 10 at Sun Apr 12 17:36:02 UTC 2026
Cache sync 11 at Sun Apr 12 17:36:02 UTC 2026
Cache sync 12 at Sun Apr 12 17:36:02 UTC 2026
Cache sync 13 at Sun Apr 12 17:36:02 UTC 2026
Cache sync 14 at Sun Apr 12 17:36:02 UTC 2026
Cache sync 15 at Sun Apr 12 17:36:02 UTC 2026
Cache sync 16 at Sun Apr 12 17:36:02 UTC 2026
Cache sync 17 at Sun Apr 12 17:36:02 UTC 2026
Cache sync 18 at Sun Apr 12 17:36:02 UTC 2026
Cache sync 19 at Sun Apr 12 17:36:02 UTC 2026
Cache sync 20 at Sun Apr 12 17:36:02 UTC 2026
Cache sync 21 at Sun Apr 12 17:36:02 UTC 2026
Cache sync 22 at Sun Apr 12 17:36:02 UTC 2026
Cache sync 23 at Sun Apr 12 17:36:02 UTC 2026
Cache sync 24 at Sun Apr 12 17:36:02 UTC 2026
Cache sync 25 at Sun Apr 12 17:36:02 UTC 2026
Cache sync 26 at Sun Apr 12 17:36:02 UTC 2026
Cache sync 27 at Sun Apr 12 17:36:02 UTC 2026
Cache sync 28 at Sun Apr 12 17:36:02 UTC 2026
Cache sync 29 at Sun Apr 12 17:36:02 UTC 2026
Cache sync 30 at Sun Apr 12 17:36:02 UTC 2026
Cache sync 31 at Sun Apr 12 17:36:02 UTC 2026
Cache sync 32 at Sun Apr 12 17:36:02 UTC 2026
Cache sync 33 at Sun Apr 12 17:36:02 UTC 2026
Cache sync 34 at Sun Apr 12 17:36:02 UTC 2026
Cache sync 35 at Sun Apr 12 17:36:02 UTC 2026
Cache sync 36 at Sun Apr 12 17:36:02 UTC 2026
Cache sync 37 at Sun Apr 12 17:36:02 UTC 2026
Cache sync 38 at Sun Apr 12 17:36:02 UTC 2026
Cache sync 39 at Sun Apr 12 17:36:02 UTC 2026
Cache sync 40 at Sun Apr 12 17:36:02 UTC 2026
Cache sync 41 at Sun Apr 12 17:36:02 UTC 2026
Cache sync 42 at Sun Apr 12 17:36:02 UTC 2026
Cache sync 43 at Sun Apr 12 17:36:02 UTC 2026
Cache sync 44 at Sun Apr 12 17:36:02 UTC 2026
Cache sync 45 at Sun Apr 12 17:36:02 UTC 2026
Cache sync 46 at Sun Apr 12 17:36:02 UTC 2026
Cache sync 47 at Sun Apr 12 17:36:02 UTC 2026
Cache sync 48 at Sun Apr 12 17:36:02 UTC 2026
Cache sync 49 at Sun Apr 12 17:36:02 UTC 2026
Cache sync 50 at Sun Apr 12 17:36:02 UTC 2026
Cache sync 51 at Sun Apr 12 17:36:02 UTC 2026
Cache sync 52 at Sun Apr 12 17:36:02 UTC 2026
Cache sync 53 at Sun Apr 12 17:36:02 UTC 2026
Cache sync 54 at Sun Apr 12 17:36:02 UTC 2026
Cache sync 55 at Sun Apr 12 17:36:02 UTC 2026
Cache sync 56 at Sun Apr 12 17:36:02 UTC 2026
Cache sync 57 at Sun Apr 12 17:36:02 UTC 2026
Cache sync 58 at Sun Apr 12 17:36:02 UTC 2026
Cache sync 59 at Sun Apr 12 17:36:02 UTC 2026
Cache sync 60 at Sun Apr 12 17:36:02 UTC 2026
Cache sync 61 at Sun Apr 12 17:36:02 UTC 2026
Cache sync 62 at Sun Apr 12 17:36:02 UTC 2026
Cache sync 63 at Sun Apr 12 17:36:02 UTC 2026
Cache sync 64 at Sun Apr 12 17:36:02 UTC 2026
Cache sync 65 at Sun Apr 12 17:36:02 UTC 2026
Cache sync 66 at Sun Apr 12 17:36:02 UTC 2026
Cache sync 67 at Sun Apr 12 17:36:02 UTC 2026
Cache sync 1 at Mon Apr 13 18:02:18 UTC 2026
Cache sync 2 at Mon Apr 13 18:02:18 UTC 2026
Cache sync 3 at Mon Apr 13 18:02:18 UTC 2026
Cache sync 4 at Mon Apr 13 18:02:18 UTC 2026
Cache sync 1 at Wed Apr 15 18:06:04 UTC 2026
Cache sync 2 at Wed Apr 15 18:06:04 UTC 2026
Cache sync 3 at Wed Apr 15 18:06:04 UTC 2026
Cache sync 4 at Wed Apr 15 18:06:04 UTC 2026
Cache sync 5 at Wed Apr 15 18:06:04 UTC 2026
Cache sync 6 at Wed Apr 15 18:06:04 UTC 2026
Cache sync 7 at Wed Apr 15 18:06:04 UTC 2026
Cache sync 8 at Wed Apr 15 18:06:04 UTC 2026
Cache sync 9 at Wed Apr 15 18:06:04 UTC 2026
Cache sync 10 at Wed Apr 15 18:06:04 UTC 2026
Cache sync 11 at Wed Apr 15 18:06:04 UTC 2026
Cache sync 12 at Wed Apr 15 18:06:04 UTC 2026
Cache sync 13 at Wed Apr 15 18:06:04 UTC 2026
Cache sync 14 at Wed Apr 15 18:06:04 UTC 2026
Cache sync 15 at Wed Apr 15 18:06:04 UTC 2026
Cache sync 16 at Wed Apr 15 18:06:04 UTC 2026
Cache sync 17 at Wed Apr 15 18:06:04 UTC 2026
Cache sync 18 at Wed Apr 15 18:06:04 UTC 2026
Cache sync 19 at Wed Apr 15 18:06:04 UTC 2026
Cache sync 20 at Wed Apr 15 18:06:04 UTC 2026
Cache sync 21 at Wed Apr 15 18:06:04 UTC 2026
Cache sync 22 at Wed Apr 15 18:06:04 UTC 2026
Cache sync 23 at Wed Apr 15 18:06:04 UTC 2026
Cache sync 24 at Wed Apr 15 18:06:04 UTC 2026
Cache sync 25 at Wed Apr 15 18:06:04 UTC 2026
Cache sync 26 at Wed Apr 15 18:06:04 UTC 2026
Cache sync 27 at Wed Apr 15 18:06:04 UTC 2026
Cache sync 28 at Wed Apr 15 18:06:04 UTC 2026
Cache sync 29 at Wed Apr 15 18:06:04 UTC 2026
Cache sync 30 at Wed Apr 15 18:06:04 UTC 2026
Cache sync 31 at Wed Apr 15 18:06:04 UTC 2026
Cache sync 32 at Wed Apr 15 18:06:04 UTC 2026
Cache sync 33 at Wed Apr 15 18:06:04 UTC 2026
Cache sync 34 at Wed Apr 15 18:06:04 UTC 2026
Cache sync 35 at Wed Apr 15 18:06:04 UTC 2026
Cache sync 36 at Wed Apr 15 18:06:04 UTC 2026
Cache sync 37 at Wed Apr 15 18:06:04 UTC 2026
Cache sync 38 at Wed Apr 15 18:06:04 UTC 2026
Cache sync 39 at Wed Apr 15 18:06:04 UTC 2026
Cache sync 40 at Wed Apr 15 18:06:04 UTC 2026
Cache sync 41 at Wed Apr 15 18:06:04 UTC 2026
Cache sync 1 at Thu Apr 16 18:08:21 UTC 2026
Cache sync 2 at Thu Apr 16 18:08:21 UTC 2026
Cache sync 3 at Thu Apr 16 18:08:21 UTC 2026
Cache sync 4 at Thu Apr 16 18:08:21 UTC 2026
Cache sync 5 at Thu Apr 16 18:08:21 UTC 2026
Cache sync 6 at Thu Apr 16 18:08:21 UTC 2026
Cache sync 7 at Thu Apr 16 18:08:21 UTC 2026
Cache sync 8 at Thu Apr 16 18:08:21 UTC 2026
Cache sync 9 at Thu Apr 16 18:08:21 UTC 2026
Cache sync 10 at Thu Apr 16 18:08:21 UTC 2026
Cache sync 11 at Thu Apr 16 18:08:21 UTC 2026
Cache sync 12 at Thu Apr 16 18:08:21 UTC 2026
Cache sync 13 at Thu Apr 16 18:08:21 UTC 2026
Cache sync 14 at Thu Apr 16 18:08:21 UTC 2026
Cache sync 15 at Thu Apr 16 18:08:21 UTC 2026
Cache sync 16 at Thu Apr 16 18:08:21 UTC 2026
Cache sync 17 at Thu Apr 16 18:08:21 UTC 2026
Cache sync 18 at Thu Apr 16 18:08:21 UTC 2026
Cache sync 19 at Thu Apr 16 18:08:21 UTC 2026
Cache sync 20 at Thu Apr 16 18:08:21 UTC 2026
Cache sync 21 at Thu Apr 16 18:08:21 UTC 2026
Cache sync 22 at Thu Apr 16 18:08:21 UTC 2026
Cache sync 23 at Thu Apr 16 18:08:21 UTC 2026
Cache sync 24 at Thu Apr 16 18:08:21 UTC 2026
Cache sync 25 at Thu Apr 16 18:08:21 UTC 2026
Cache sync 26 at Thu Apr 16 18:08:21 UTC 2026
Cache sync 27 at Thu Apr 16 18:08:21 UTC 2026
Cache sync 28 at Thu Apr 16 18:08:21 UTC 2026
Cache sync 29 at Thu Apr 16 18:08:21 UTC 2026
Cache sync 30 at Thu Apr 16 18:08:21 UTC 2026
Cache sync 31 at Thu Apr 16 18:08:21 UTC 2026
Cache sync 32 at Thu Apr 16 18:08:21 UTC 2026
Cache sync 33 at Thu Apr 16 18:08:21 UTC 2026
Cache sync 34 at Thu Apr 16 18:08:21 UTC 2026
Cache sync 35 at Thu Apr 16 18:08:21 UTC 2026
Cache sync 36 at Thu Apr 16 18:08:21 UTC 2026
Cache sync 37 at Thu Apr 16 18:08:21 UTC 2026
Cache sync 38 at Thu Apr 16 18:08:21 UTC 2026
Cache sync 39 at Thu Apr 16 18:08:21 UTC 2026
Cache sync 40 at Thu Apr 16 18:08:21 UTC 2026
Cache sync 41 at Thu Apr 16 18:08:21 UTC 2026
Cache sync 42 at Thu Apr 16 18:08:21 UTC 2026
Cache sync 43 at Thu Apr 16 18:08:22 UTC 2026
Cache sync 44 at Thu Apr 16 18:08:22 UTC 2026
Cache sync 45 at Thu Apr 16 18:08:22 UTC 2026
Cache sync 46 at Thu Apr 16 18:08:22 UTC 2026
Cache sync 47 at Thu Apr 16 18:08:22 UTC 2026
Cache sync 48 at Thu Apr 16 18:08:22 UTC 2026
Cache sync 1 at Fri Apr 17 17:50:46 UTC 2026
Cache sync 2 at Fri Apr 17 17:50:46 UTC 2026
Cache sync 3 at Fri Apr 17 17:50:46 UTC 2026
Cache sync 4 at Fri Apr 17 17:50:46 UTC 2026
Cache sync 5 at Fri Apr 17 17:50:46 UTC 2026
Cache sync 6 at Fri Apr 17 17:50:46 UTC 2026
Cache sync 7 at Fri Apr 17 17:50:46 UTC 2026
Cache sync 8 at Fri Apr 17 17:50:46 UTC 2026
Cache sync 9 at Fri Apr 17 17:50:46 UTC 2026
Cache sync 10 at Fri Apr 17 17:50:46 UTC 2026
Cache sync 11 at Fri Apr 17 17:50:46 UTC 2026
Cache sync 12 at Fri Apr 17 17:50:46 UTC 2026
Cache sync 13 at Fri Apr 17 17:50:46 UTC 2026
Cache sync 14 at Fri Apr 17 17:50:46 UTC 2026
Cache sync 15 at Fri Apr 17 17:50:46 UTC 2026
Cache sync 16 at Fri Apr 17 17:50:46 UTC 2026
Cache sync 17 at Fri Apr 17 17:50:46 UTC 2026
Cache sync 18 at Fri Apr 17 17:50:46 UTC 2026
Cache sync 19 at Fri Apr 17 17:50:46 UTC 2026
Cache sync 20 at Fri Apr 17 17:50:46 UTC 2026
Cache sync 21 at Fri Apr 17 17:50:46 UTC 2026
Cache sync 22 at Fri Apr 17 17:50:46 UTC 2026
Cache sync 23 at Fri Apr 17 17:50:46 UTC 2026
Cache sync 24 at Fri Apr 17 17:50:46 UTC 2026
Cache sync 25 at Fri Apr 17 17:50:46 UTC 2026
Cache sync 26 at Fri Apr 17 17:50:46 UTC 2026
Cache sync 27 at Fri Apr 17 17:50:46 UTC 2026
Cache sync 28 at Fri Apr 17 17:50:46 UTC 2026
Cache sync 29 at Fri Apr 17 17:50:46 UTC 2026
Cache sync 30 at Fri Apr 17 17:50:46 UTC 2026
Cache sync 31 at Fri Apr 17 17:50:46 UTC 2026
Cache sync 32 at Fri Apr 17 17:50:46 UTC 2026
Cache sync 33 at Fri Apr 17 17:50:46 UTC 2026
Cache sync 34 at Fri Apr 17 17:50:46 UTC 2026
Cache sync 35 at Fri Apr 17 17:50:46 UTC 2026
Cache sync 36 at Fri Apr 17 17:50:46 UTC 2026
Cache sync 37 at Fri Apr 17 17:50:46 UTC 2026
Cache sync 38 at Fri Apr 17 17:50:46 UTC 2026
Cache sync 39 at Fri Apr 17 17:50:46 UTC 2026
Cache sync 40 at Fri Apr 17 17:50:46 UTC 2026
Cache sync 41 at Fri Apr 17 17:50:46 UTC 2026
Cache sync 42 at Fri Apr 17 17:50:46 UTC 2026
Cache sync 43 at Fri Apr 17 17:50:46 UTC 2026
Cache sync 44 at Fri Apr 17 17:50:46 UTC 2026
Cache sync 45 at Fri Apr 17 17:50:46 UTC 2026
Cache sync 46 at Fri Apr 17 17:50:46 UTC 2026
Cache sync 47 at Fri Apr 17 17:50:46 UTC 2026
Cache sync 48 at Fri Apr 17 17:50:46 UTC 2026
Cache sync 49 at Fri Apr 17 17:50:46 UTC 2026
Cache sync 50 at Fri Apr 17 17:50:46 UTC 2026
Cache sync 51 at Fri Apr 17 17:50:46 UTC 2026
Cache sync 52 at Fri Apr 17 17:50:46 UTC 2026
Cache sync 53 at Fri Apr 17 17:50:46 UTC 2026
Cache sync 54 at Fri Apr 17 17:50:46 UTC 2026
Cache sync 55 at Fri Apr 17 17:50:46 UTC 2026
Cache sync 56 at Fri Apr 17 17:50:46 UTC 2026
Cache sync 57 at Fri Apr 17 17:50:46 UTC 2026
Cache sync 58 at Fri Apr 17 17:50:46 UTC 2026
Cache sync 59 at Fri Apr 17 17:50:46 UTC 2026
Cache sync 60 at Fri Apr 17 17:50:46 UTC 2026
Cache sync 61 at Fri Apr 17 17:50:46 UTC 2026
Cache sync 62 at Fri Apr 17 17:50:46 UTC 2026
Cache sync 63 at Fri Apr 17 17:50:46 UTC 2026
Cache sync 64 at Fri Apr 17 17:50:46 UTC 2026
Cache sync 1 at Sun Apr 19 17:36:42 UTC 2026
Cache sync 2 at Sun Apr 19 17:36:42 UTC 2026
Cache sync 3 at Sun Apr 19 17:36:42 UTC 2026
Cache sync 4 at Sun Apr 19 17:36:42 UTC 2026
Cache sync 5 at Sun Apr 19 17:36:42 UTC 2026
Cache sync 6 at Sun Apr 19 17:36:42 UTC 2026
Cache sync 7 at Sun Apr 19 17:36:42 UTC 2026
Cache sync 8 at Sun Apr 19 17:36:42 UTC 2026
Cache sync 9 at Sun Apr 19 17:36:42 UTC 2026
Cache sync 10 at Sun Apr 19 17:36:42 UTC 2026
Cache sync 11 at Sun Apr 19 17:36:42 UTC 2026
Cache sync 12 at Sun Apr 19 17:36:42 UTC 2026
Cache sync 13 at Sun Apr 19 17:36:42 UTC 2026
Cache sync 14 at Sun Apr 19 17:36:42 UTC 2026
Cache sync 15 at Sun Apr 19 17:36:42 UTC 2026
Cache sync 16 at Sun Apr 19 17:36:42 UTC 2026
Cache sync 17 at Sun Apr 19 17:36:42 UTC 2026
Cache sync 18 at Sun Apr 19 17:36:42 UTC 2026
Cache sync 19 at Sun Apr 19 17:36:42 UTC 2026
Cache sync 20 at Sun Apr 19 17:36:42 UTC 2026
Cache sync 21 at Sun Apr 19 17:36:42 UTC 2026
Cache sync 22 at Sun Apr 19 17:36:42 UTC 2026
Cache sync 23 at Sun Apr 19 17:36:42 UTC 2026
Cache sync 24 at Sun Apr 19 17:36:42 UTC 2026
Cache sync 25 at Sun Apr 19 17:36:42 UTC 2026
Cache sync 26 at Sun Apr 19 17:36:42 UTC 2026
Cache sync 27 at Sun Apr 19 17:36:42 UTC 2026
Cache sync 28 at Sun Apr 19 17:36:42 UTC 2026
Cache sync 29 at Sun Apr 19 17:36:42 UTC 2026
Cache sync 30 at Sun Apr 19 17:36:42 UTC 2026
Cache sync 31 at Sun Apr 19 17:36:42 UTC 2026
Cache sync 32 at Sun Apr 19 17:36:42 UTC 2026
Cache sync 33 at Sun Apr 19 17:36:42 UTC 2026
Cache sync 34 at Sun Apr 19 17:36:42 UTC 2026
Cache sync 35 at Sun Apr 19 17:36:42 UTC 2026
Cache sync 36 at Sun Apr 19 17:36:42 UTC 2026
Cache sync 37 at Sun Apr 19 17:36:42 UTC 2026
Cache sync 38 at Sun Apr 19 17:36:42 UTC 2026
Cache sync 39 at Sun Apr 19 17:36:42 UTC 2026
Cache sync 40 at Sun Apr 19 17:36:42 UTC 2026
Cache sync 41 at Sun Apr 19 17:36:42 UTC 2026
Cache sync 42 at Sun Apr 19 17:36:42 UTC 2026
Cache sync 43 at Sun Apr 19 17:36:42 UTC 2026
Cache sync 44 at Sun Apr 19 17:36:42 UTC 2026
Cache sync 45 at Sun Apr 19 17:36:42 UTC 2026
Cache sync 46 at Sun Apr 19 17:36:42 UTC 2026
Cache sync 47 at Sun Apr 19 17:36:42 UTC 2026
Cache sync 48 at Sun Apr 19 17:36:42 UTC 2026
Cache sync 49 at Sun Apr 19 17:36:42 UTC 2026
Cache sync 50 at Sun Apr 19 17:36:42 UTC 2026
Cache sync 51 at Sun Apr 19 17:36:42 UTC 2026
Cache sync 52 at Sun Apr 19 17:36:42 UTC 2026
Cache sync 53 at Sun Apr 19 17:36:42 UTC 2026
Cache sync 54 at Sun Apr 19 17:36:42 UTC 2026
Cache sync 1 at Mon Apr 20 17:58:50 UTC 2026
Cache sync 2 at Mon Apr 20 17:58:50 UTC 2026
Cache sync 3 at Mon Apr 20 17:58:50 UTC 2026
Cache sync 4 at Mon Apr 20 17:58:50 UTC 2026
Cache sync 5 at Mon Apr 20 17:58:50 UTC 2026
Cache sync 6 at Mon Apr 20 17:58:50 UTC 2026
Cache sync 7 at Mon Apr 20 17:58:50 UTC 2026
Cache sync 8 at Mon Apr 20 17:58:50 UTC 2026
Cache sync 9 at Mon Apr 20 17:58:50 UTC 2026
Cache sync 10 at Mon Apr 20 17:58:50 UTC 2026
Cache sync 11 at Mon Apr 20 17:58:50 UTC 2026
Cache sync 12 at Mon Apr 20 17:58:50 UTC 2026
Cache sync 13 at Mon Apr 20 17:58:50 UTC 2026
Cache sync 14 at Mon Apr 20 17:58:50 UTC 2026
Cache sync 15 at Mon Apr 20 17:58:50 UTC 2026
Cache sync 16 at Mon Apr 20 17:58:50 UTC 2026
Cache sync 17 at Mon Apr 20 17:58:50 UTC 2026
Cache sync 18 at Mon Apr 20 17:58:50 UTC 2026
Cache sync 19 at Mon Apr 20 17:58:50 UTC 2026
Cache sync 20 at Mon Apr 20 17:58:50 UTC 2026
Cache sync 21 at Mon Apr 20 17:58:50 UTC 2026
Cache sync 22 at Mon Apr 20 17:58:50 UTC 2026
Cache sync 23 at Mon Apr 20 17:58:51 UTC 2026
Cache sync 24 at Mon Apr 20 17:58:51 UTC 2026
Cache sync 25 at Mon Apr 20 17:58:51 UTC 2026
Cache sync 26 at Mon Apr 20 17:58:51 UTC 2026
Cache sync 27 at Mon Apr 20 17:58:51 UTC 2026
Cache sync 28 at Mon Apr 20 17:58:51 UTC 2026
Cache sync 29 at Mon Apr 20 17:58:51 UTC 2026
Cache sync 30 at Mon Apr 20 17:58:51 UTC 2026
Cache sync 31 at Mon Apr 20 17:58:51 UTC 2026
Cache sync 32 at Mon Apr 20 17:58:51 UTC 2026
Cache sync 33 at Mon Apr 20 17:58:51 UTC 2026
Cache sync 34 at Mon Apr 20 17:58:51 UTC 2026
Cache sync 35 at Mon Apr 20 17:58:51 UTC 2026
Cache sync 36 at Mon Apr 20 17:58:51 UTC 2026
Cache sync 37 at Mon Apr 20 17:58:51 UTC 2026
Cache sync 38 at Mon Apr 20 17:58:51 UTC 2026
Cache sync 39 at Mon Apr 20 17:58:51 UTC 2026
Cache sync 40 at Mon Apr 20 17:58:51 UTC 2026
Cache sync 41 at Mon Apr 20 17:58:51 UTC 2026
Cache sync 42 at Mon Apr 20 17:58:51 UTC 2026
Cache sync 43 at Mon Apr 20 17:58:51 UTC 2026
Cache sync 44 at Mon Apr 20 17:58:51 UTC 2026
Cache sync 45 at Mon Apr 20 17:58:51 UTC 2026
Cache sync 1 at Tue Apr 21 17:59:15 UTC 2026
Cache sync 2 at Tue Apr 21 17:59:15 UTC 2026
Cache sync 3 at Tue Apr 21 17:59:15 UTC 2026
Cache sync 4 at Tue Apr 21 17:59:15 UTC 2026
Cache sync 5 at Tue Apr 21 17:59:15 UTC 2026
Cache sync 6 at Tue Apr 21 17:59:15 UTC 2026
Cache sync 7 at Tue Apr 21 17:59:15 UTC 2026
Cache sync 8 at Tue Apr 21 17:59:15 UTC 2026
Cache sync 1 at Wed Apr 22 18:00:15 UTC 2026
Cache sync 2 at Wed Apr 22 18:00:15 UTC 2026
Cache sync 3 at Wed Apr 22 18:00:15 UTC 2026
Cache sync 4 at Wed Apr 22 18:00:15 UTC 2026
Cache sync 5 at Wed Apr 22 18:00:15 UTC 2026
Cache sync 6 at Wed Apr 22 18:00:15 UTC 2026
Cache sync 7 at Wed Apr 22 18:00:15 UTC 2026
Cache sync 8 at Wed Apr 22 18:00:15 UTC 2026
Cache sync 9 at Wed Apr 22 18:00:15 UTC 2026
Cache sync 10 at Wed Apr 22 18:00:15 UTC 2026
Cache sync 11 at Wed Apr 22 18:00:15 UTC 2026
Cache sync 12 at Wed Apr 22 18:00:15 UTC 2026
Cache sync 13 at Wed Apr 22 18:00:15 UTC 2026
Cache sync 14 at Wed Apr 22 18:00:15 UTC 2026
Cache sync 15 at Wed Apr 22 18:00:15 UTC 2026
Cache sync 16 at Wed Apr 22 18:00:15 UTC 2026
Cache sync 17 at Wed Apr 22 18:00:15 UTC 2026
Cache sync 18 at Wed Apr 22 18:00:15 UTC 2026
Cache sync 19 at Wed Apr 22 18:00:15 UTC 2026
Cache sync 20 at Wed Apr 22 18:00:15 UTC 2026
Cache sync 21 at Wed Apr 22 18:00:15 UTC 2026
Cache sync 22 at Wed Apr 22 18:00:15 UTC 2026
Cache sync 23 at Wed Apr 22 18:00:15 UTC 2026
Cache sync 24 at Wed Apr 22 18:00:15 UTC 2026
Cache sync 25 at Wed Apr 22 18:00:15 UTC 2026
Cache sync 26 at Wed Apr 22 18:00:15 UTC 2026
Cache sync 27 at Wed Apr 22 18:00:15 UTC 2026
Cache sync 28 at Wed Apr 22 18:00:15 UTC 2026
Cache sync 29 at Wed Apr 22 18:00:15 UTC 2026
Cache sync 30 at Wed Apr 22 18:00:15 UTC 2026
Cache sync 31 at Wed Apr 22 18:00:15 UTC 2026
Cache sync 32 at Wed Apr 22 18:00:15 UTC 2026
Cache sync 33 at Wed Apr 22 18:00:15 UTC 2026
Cache sync 34 at Wed Apr 22 18:00:15 UTC 2026
Cache sync 35 at Wed Apr 22 18:00:15 UTC 2026
Cache sync 36 at Wed Apr 22 18:00:15 UTC 2026
Cache sync 37 at Wed Apr 22 18:00:15 UTC 2026
Cache sync 38 at Wed Apr 22 18:00:15 UTC 2026
Cache sync 39 at Wed Apr 22 18:00:15 UTC 2026
Cache sync 40 at Wed Apr 22 18:00:15 UTC 2026
Cache sync 41 at Wed Apr 22 18:00:15 UTC 2026
Cache sync 42 at Wed Apr 22 18:00:15 UTC 2026
Cache sync 43 at Wed Apr 22 18:00:15 UTC 2026
Cache sync 44 at Wed Apr 22 18:00:15 UTC 2026
Cache sync 45 at Wed Apr 22 18:00:15 UTC 2026
Cache sync 46 at Wed Apr 22 18:00:15 UTC 2026
Cache sync 47 at Wed Apr 22 18:00:15 UTC 2026
Cache sync 48 at Wed Apr 22 18:00:15 UTC 2026
Cache sync 49 at Wed Apr 22 18:00:15 UTC 2026
Cache sync 50 at Wed Apr 22 18:00:15 UTC 2026
Cache sync 51 at Wed Apr 22 18:00:15 UTC 2026
Cache sync 52 at Wed Apr 22 18:00:15 UTC 2026
Cache sync 53 at Wed Apr 22 18:00:15 UTC 2026
Cache sync 54 at Wed Apr 22 18:00:15 UTC 2026
Cache sync 55 at Wed Apr 22 18:00:15 UTC 2026
Cache sync 56 at Wed Apr 22 18:00:15 UTC 2026
Cache sync 57 at Wed Apr 22 18:00:15 UTC 2026
Cache sync 1 at Thu Apr 23 18:05:29 UTC 2026
Cache sync 2 at Thu Apr 23 18:05:29 UTC 2026
Cache sync 3 at Thu Apr 23 18:05:29 UTC 2026
Cache sync 4 at Thu Apr 23 18:05:29 UTC 2026
Cache sync 5 at Thu Apr 23 18:05:29 UTC 2026
Cache sync 6 at Thu Apr 23 18:05:29 UTC 2026
Cache sync 7 at Thu Apr 23 18:05:29 UTC 2026
Cache sync 8 at Thu Apr 23 18:05:29 UTC 2026
Cache sync 9 at Thu Apr 23 18:05:29 UTC 2026
Cache sync 10 at Thu Apr 23 18:05:29 UTC 2026
Cache sync 11 at Thu Apr 23 18:05:29 UTC 2026
Cache sync 12 at Thu Apr 23 18:05:29 UTC 2026
Cache sync 13 at Thu Apr 23 18:05:29 UTC 2026
Cache sync 14 at Thu Apr 23 18:05:29 UTC 2026
Cache sync 15 at Thu Apr 23 18:05:29 UTC 2026
Cache sync 16 at Thu Apr 23 18:05:29 UTC 2026
Cache sync 17 at Thu Apr 23 18:05:29 UTC 2026
Cache sync 18 at Thu Apr 23 18:05:29 UTC 2026
Cache sync 19 at Thu Apr 23 18:05:29 UTC 2026
Cache sync 20 at Thu Apr 23 18:05:29 UTC 2026
Cache sync 21 at Thu Apr 23 18:05:29 UTC 2026
Cache sync 22 at Thu Apr 23 18:05:29 UTC 2026
Cache sync 23 at Thu Apr 23 18:05:29 UTC 2026
Cache sync 24 at Thu Apr 23 18:05:29 UTC 2026
Cache sync 25 at Thu Apr 23 18:05:29 UTC 2026
Cache sync 26 at Thu Apr 23 18:05:29 UTC 2026
Cache sync 27 at Thu Apr 23 18:05:29 UTC 2026
Cache sync 28 at Thu Apr 23 18:05:29 UTC 2026
Cache sync 29 at Thu Apr 23 18:05:29 UTC 2026
Cache sync 30 at Thu Apr 23 18:05:29 UTC 2026
Cache sync 31 at Thu Apr 23 18:05:29 UTC 2026
Cache sync 32 at Thu Apr 23 18:05:29 UTC 2026
Cache sync 33 at Thu Apr 23 18:05:29 UTC 2026
Cache sync 34 at Thu Apr 23 18:05:29 UTC 2026
Cache sync 35 at Thu Apr 23 18:05:29 UTC 2026
Cache sync 36 at Thu Apr 23 18:05:29 UTC 2026
Cache sync 37 at Thu Apr 23 18:05:29 UTC 2026
Cache sync 38 at Thu Apr 23 18:05:29 UTC 2026
Cache sync 1 at Fri Apr 24 17:50:57 UTC 2026
Cache sync 2 at Fri Apr 24 17:50:57 UTC 2026
Cache sync 3 at Fri Apr 24 17:50:57 UTC 2026
Cache sync 4 at Fri Apr 24 17:50:57 UTC 2026
Cache sync 5 at Fri Apr 24 17:50:57 UTC 2026
Cache sync 6 at Fri Apr 24 17:50:57 UTC 2026
Cache sync 7 at Fri Apr 24 17:50:57 UTC 2026
Cache sync 8 at Fri Apr 24 17:50:58 UTC 2026
Cache sync 9 at Fri Apr 24 17:50:58 UTC 2026
Cache sync 10 at Fri Apr 24 17:50:58 UTC 2026
Cache sync 11 at Fri Apr 24 17:50:58 UTC 2026
Cache sync 12 at Fri Apr 24 17:50:58 UTC 2026
Cache sync 13 at Fri Apr 24 17:50:58 UTC 2026
Cache sync 14 at Fri Apr 24 17:50:58 UTC 2026
Cache sync 15 at Fri Apr 24 17:50:59 UTC 2026
Cache sync 16 at Fri Apr 24 17:50:59 UTC 2026
Cache sync 17 at Fri Apr 24 17:50:59 UTC 2026
Cache sync 18 at Fri Apr 24 17:50:59 UTC 2026
Cache sync 19 at Fri Apr 24 17:51:00 UTC 2026
Cache sync 20 at Fri Apr 24 17:51:00 UTC 2026
Cache sync 21 at Fri Apr 24 17:51:00 UTC 2026
Cache sync 22 at Fri Apr 24 17:51:00 UTC 2026
Cache sync 23 at Fri Apr 24 17:51:01 UTC 2026
Cache sync 24 at Fri Apr 24 17:51:01 UTC 2026
Cache sync 25 at Fri Apr 24 17:51:01 UTC 2026
Cache sync 26 at Fri Apr 24 17:51:01 UTC 2026
Cache sync 27 at Fri Apr 24 17:51:01 UTC 2026
Cache sync 28 at Fri Apr 24 17:51:01 UTC 2026
Cache sync 29 at Fri Apr 24 17:51:01 UTC 2026
Cache sync 30 at Fri Apr 24 17:51:01 UTC 2026
Cache sync 31 at Fri Apr 24 17:51:01 UTC 2026
Cache sync 32 at Fri Apr 24 17:51:01 UTC 2026
Cache sync 1 at Sat Apr 25 17:38:33 UTC 2026
Cache sync 2 at Sat Apr 25 17:38:33 UTC 2026
Cache sync 3 at Sat Apr 25 17:38:33 UTC 2026
Cache sync 4 at Sat Apr 25 17:38:33 UTC 2026
Cache sync 5 at Sat Apr 25 17:38:33 UTC 2026
Cache sync 6 at Sat Apr 25 17:38:33 UTC 2026
Cache sync 7 at Sat Apr 25 17:38:33 UTC 2026
Cache sync 8 at Sat Apr 25 17:38:33 UTC 2026
Cache sync 9 at Sat Apr 25 17:38:33 UTC 2026
Cache sync 10 at Sat Apr 25 17:38:33 UTC 2026
Cache sync 11 at Sat Apr 25 17:38:33 UTC 2026
Cache sync 12 at Sat Apr 25 17:38:33 UTC 2026
Cache sync 13 at Sat Apr 25 17:38:33 UTC 2026
Cache sync 14 at Sat Apr 25 17:38:33 UTC 2026
Cache sync 15 at Sat Apr 25 17:38:33 UTC 2026
Cache sync 1 at Sun Apr 26 17:39:48 UTC 2026
Cache sync 2 at Sun Apr 26 17:39:48 UTC 2026
Cache sync 3 at Sun Apr 26 17:39:48 UTC 2026
Cache sync 4 at Sun Apr 26 17:39:48 UTC 2026
Cache sync 5 at Sun Apr 26 17:39:48 UTC 2026
Cache sync 6 at Sun Apr 26 17:39:48 UTC 2026
Cache sync 7 at Sun Apr 26 17:39:48 UTC 2026
Cache sync 8 at Sun Apr 26 17:39:48 UTC 2026
Cache sync 9 at Sun Apr 26 17:39:48 UTC 2026
Cache sync 1 at Mon Apr 27 18:04:06 UTC 2026
Cache sync 2 at Mon Apr 27 18:04:06 UTC 2026
Cache sync 3 at Mon Apr 27 18:04:06 UTC 2026
Cache sync 4 at Mon Apr 27 18:04:06 UTC 2026
Cache sync 5 at Mon Apr 27 18:04:06 UTC 2026
Cache sync 6 at Mon Apr 27 18:04:06 UTC 2026
Cache sync 7 at Mon Apr 27 18:04:06 UTC 2026
Cache sync 8 at Mon Apr 27 18:04:06 UTC 2026
Cache sync 9 at Mon Apr 27 18:04:06 UTC 2026
Cache sync 10 at Mon Apr 27 18:04:06 UTC 2026
Cache sync 11 at Mon Apr 27 18:04:06 UTC 2026
Cache sync 12 at Mon Apr 27 18:04:06 UTC 2026
Cache sync 13 at Mon Apr 27 18:04:06 UTC 2026
Cache sync 14 at Mon Apr 27 18:04:06 UTC 2026
Cache sync 15 at Mon Apr 27 18:04:06 UTC 2026
Cache sync 16 at Mon Apr 27 18:04:06 UTC 2026
Cache sync 17 at Mon Apr 27 18:04:06 UTC 2026
Cache sync 18 at Mon Apr 27 18:04:06 UTC 2026
Cache sync 19 at Mon Apr 27 18:04:06 UTC 2026
Cache sync 20 at Mon Apr 27 18:04:06 UTC 2026
Cache sync 21 at Mon Apr 27 18:04:06 UTC 2026
Cache sync 22 at Mon Apr 27 18:04:06 UTC 2026
Cache sync 23 at Mon Apr 27 18:04:06 UTC 2026
Cache sync 24 at Mon Apr 27 18:04:06 UTC 2026
Cache sync 25 at Mon Apr 27 18:04:06 UTC 2026
Cache sync 26 at Mon Apr 27 18:04:06 UTC 2026
Cache sync 27 at Mon Apr 27 18:04:06 UTC 2026
Cache sync 28 at Mon Apr 27 18:04:06 UTC 2026
Cache sync 29 at Mon Apr 27 18:04:06 UTC 2026
Cache sync 30 at Mon Apr 27 18:04:06 UTC 2026
Cache sync 31 at Mon Apr 27 18:04:06 UTC 2026
Cache sync 32 at Mon Apr 27 18:04:06 UTC 2026
Cache sync 33 at Mon Apr 27 18:04:06 UTC 2026
Cache sync 34 at Mon Apr 27 18:04:06 UTC 2026
Cache sync 35 at Mon Apr 27 18:04:06 UTC 2026
Cache sync 36 at Mon Apr 27 18:04:06 UTC 2026
Cache sync 37 at Mon Apr 27 18:04:06 UTC 2026
Cache sync 38 at Mon Apr 27 18:04:06 UTC 2026
Cache sync 39 at Mon Apr 27 18:04:06 UTC 2026
Cache sync 40 at Mon Apr 27 18:04:06 UTC 2026
Cache sync 41 at Mon Apr 27 18:04:06 UTC 2026
Cache sync 42 at Mon Apr 27 18:04:06 UTC 2026
Cache sync 43 at Mon Apr 27 18:04:06 UTC 2026
Cache sync 44 at Mon Apr 27 18:04:06 UTC 2026
Cache sync 45 at Mon Apr 27 18:04:06 UTC 2026
Cache sync 46 at Mon Apr 27 18:04:06 UTC 2026
Cache sync 47 at Mon Apr 27 18:04:06 UTC 2026
Cache sync 48 at Mon Apr 27 18:04:06 UTC 2026
Cache sync 49 at Mon Apr 27 18:04:06 UTC 2026
Cache sync 50 at Mon Apr 27 18:04:06 UTC 2026
Cache sync 51 at Mon Apr 27 18:04:06 UTC 2026
Cache sync 52 at Mon Apr 27 18:04:06 UTC 2026
Cache sync 53 at Mon Apr 27 18:04:06 UTC 2026
Cache sync 54 at Mon Apr 27 18:04:06 UTC 2026
Cache sync 55 at Mon Apr 27 18:04:06 UTC 2026
Cache sync 56 at Mon Apr 27 18:04:06 UTC 2026
Cache sync 57 at Mon Apr 27 18:04:06 UTC 2026
Cache sync 58 at Mon Apr 27 18:04:07 UTC 2026
Cache sync 59 at Mon Apr 27 18:04:07 UTC 2026
Cache sync 60 at Mon Apr 27 18:04:07 UTC 2026
Cache sync 61 at Mon Apr 27 18:04:07 UTC 2026
Cache sync 62 at Mon Apr 27 18:04:07 UTC 2026
Cache sync 63 at Mon Apr 27 18:04:07 UTC 2026
Cache sync 64 at Mon Apr 27 18:04:07 UTC 2026
Cache sync 65 at Mon Apr 27 18:04:07 UTC 2026
Cache sync 66 at Mon Apr 27 18:04:07 UTC 2026
Cache sync 67 at Mon Apr 27 18:04:07 UTC 2026
Cache sync 68 at Mon Apr 27 18:04:07 UTC 2026
Cache sync 69 at Mon Apr 27 18:04:07 UTC 2026
Cache sync 70 at Mon Apr 27 18:04:07 UTC 2026
Cache sync 71 at Mon Apr 27 18:04:07 UTC 2026
Cache sync 72 at Mon Apr 27 18:04:07 UTC 2026
Cache sync 73 at Mon Apr 27 18:04:07 UTC 2026
Cache sync 74 at Mon Apr 27 18:04:07 UTC 2026
Cache sync 75 at Mon Apr 27 18:04:07 UTC 2026
Cache sync 76 at Mon Apr 27 18:04:07 UTC 2026
Cache sync 77 at Mon Apr 27 18:04:07 UTC 2026
Cache sync 78 at Mon Apr 27 18:04:07 UTC 2026
Cache sync 1 at Tue Apr 28 18:18:31 UTC 2026
Cache sync 2 at Tue Apr 28 18:18:31 UTC 2026
Cache sync 3 at Tue Apr 28 18:18:31 UTC 2026
Cache sync 4 at Tue Apr 28 18:18:31 UTC 2026
Cache sync 5 at Tue Apr 28 18:18:31 UTC 2026
Cache sync 6 at Tue Apr 28 18:18:31 UTC 2026
Cache sync 7 at Tue Apr 28 18:18:31 UTC 2026
Cache sync 8 at Tue Apr 28 18:18:31 UTC 2026
Cache sync 9 at Tue Apr 28 18:18:31 UTC 2026
Cache sync 10 at Tue Apr 28 18:18:31 UTC 2026
Cache sync 11 at Tue Apr 28 18:18:31 UTC 2026
Cache sync 1 at Wed Apr 29 18:11:53 UTC 2026
Cache sync 2 at Wed Apr 29 18:11:53 UTC 2026
Cache sync 3 at Wed Apr 29 18:11:53 UTC 2026
Cache sync 4 at Wed Apr 29 18:11:53 UTC 2026
Cache sync 5 at Wed Apr 29 18:11:53 UTC 2026
Cache sync 6 at Wed Apr 29 18:11:53 UTC 2026
Cache sync 7 at Wed Apr 29 18:11:53 UTC 2026
Cache sync 8 at Wed Apr 29 18:11:53 UTC 2026
Cache sync 9 at Wed Apr 29 18:11:53 UTC 2026
Cache sync 10 at Wed Apr 29 18:11:53 UTC 2026
Cache sync 11 at Wed Apr 29 18:11:53 UTC 2026
Cache sync 12 at Wed Apr 29 18:11:53 UTC 2026
Cache sync 13 at Wed Apr 29 18:11:53 UTC 2026
Cache sync 14 at Wed Apr 29 18:11:53 UTC 2026
Cache sync 15 at Wed Apr 29 18:11:53 UTC 2026
Cache sync 16 at Wed Apr 29 18:11:53 UTC 2026
Cache sync 17 at Wed Apr 29 18:11:53 UTC 2026
Cache sync 18 at Wed Apr 29 18:11:53 UTC 2026
Cache sync 19 at Wed Apr 29 18:11:53 UTC 2026
Cache sync 20 at Wed Apr 29 18:11:53 UTC 2026
Cache sync 21 at Wed Apr 29 18:11:53 UTC 2026
Cache sync 22 at Wed Apr 29 18:11:53 UTC 2026
Cache sync 23 at Wed Apr 29 18:11:53 UTC 2026
Cache sync 24 at Wed Apr 29 18:11:53 UTC 2026
Cache sync 25 at Wed Apr 29 18:11:53 UTC 2026
Cache sync 26 at Wed Apr 29 18:11:53 UTC 2026
Cache sync 27 at Wed Apr 29 18:11:53 UTC 2026
Cache sync 28 at Wed Apr 29 18:11:53 UTC 2026
Cache sync 29 at Wed Apr 29 18:11:53 UTC 2026
Cache sync 30 at Wed Apr 29 18:11:53 UTC 2026
Cache sync 31 at Wed Apr 29 18:11:53 UTC 2026
Cache sync 32 at Wed Apr 29 18:11:53 UTC 2026
Cache sync 33 at Wed Apr 29 18:11:53 UTC 2026
Cache sync 34 at Wed Apr 29 18:11:53 UTC 2026
Cache sync 35 at Wed Apr 29 18:11:53 UTC 2026
Cache sync 36 at Wed Apr 29 18:11:53 UTC 2026
Cache sync 37 at Wed Apr 29 18:11:53 UTC 2026
Cache sync 38 at Wed Apr 29 18:11:53 UTC 2026
Cache sync 39 at Wed Apr 29 18:11:53 UTC 2026
Cache sync 40 at Wed Apr 29 18:11:53 UTC 2026
Cache sync 41 at Wed Apr 29 18:11:53 UTC 2026
Cache sync 42 at Wed Apr 29 18:11:53 UTC 2026
Cache sync 43 at Wed Apr 29 18:11:53 UTC 2026
Cache sync 44 at Wed Apr 29 18:11:53 UTC 2026
Cache sync 45 at Wed Apr 29 18:11:53 UTC 2026
Cache sync 46 at Wed Apr 29 18:11:53 UTC 2026
Cache sync 47 at Wed Apr 29 18:11:53 UTC 2026
Cache sync 48 at Wed Apr 29 18:11:53 UTC 2026
Cache sync 49 at Wed Apr 29 18:11:53 UTC 2026
Cache sync 50 at Wed Apr 29 18:11:53 UTC 2026
Cache sync 51 at Wed Apr 29 18:11:53 UTC 2026
Cache sync 52 at Wed Apr 29 18:11:53 UTC 2026
Cache sync 53 at Wed Apr 29 18:11:53 UTC 2026
Cache sync 54 at Wed Apr 29 18:11:53 UTC 2026
Cache sync 55 at Wed Apr 29 18:11:53 UTC 2026
Cache sync 56 at Wed Apr 29 18:11:53 UTC 2026
Cache sync 57 at Wed Apr 29 18:11:53 UTC 2026
Cache sync 58 at Wed Apr 29 18:11:53 UTC 2026
Cache sync 59 at Wed Apr 29 18:11:53 UTC 2026
Cache sync 60 at Wed Apr 29 18:11:53 UTC 2026
Cache sync 61 at Wed Apr 29 18:11:53 UTC 2026
Cache sync 62 at Wed Apr 29 18:11:53 UTC 2026
Cache sync 63 at Wed Apr 29 18:11:53 UTC 2026
Cache sync 64 at Wed Apr 29 18:11:53 UTC 2026
Cache sync 65 at Wed Apr 29 18:11:53 UTC 2026
Cache sync 66 at Wed Apr 29 18:11:53 UTC 2026
Cache sync 67 at Wed Apr 29 18:11:53 UTC 2026
Cache sync 68 at Wed Apr 29 18:11:53 UTC 2026
Cache sync 1 at Thu Apr 30 18:09:59 UTC 2026
Cache sync 2 at Thu Apr 30 18:09:59 UTC 2026
Cache sync 3 at Thu Apr 30 18:09:59 UTC 2026
Cache sync 4 at Thu Apr 30 18:09:59 UTC 2026
Cache sync 5 at Thu Apr 30 18:09:59 UTC 2026
Cache sync 6 at Thu Apr 30 18:09:59 UTC 2026
Cache sync 7 at Thu Apr 30 18:09:59 UTC 2026
Cache sync 8 at Thu Apr 30 18:09:59 UTC 2026
Cache sync 9 at Thu Apr 30 18:09:59 UTC 2026
Cache sync 10 at Thu Apr 30 18:09:59 UTC 2026
Cache sync 11 at Thu Apr 30 18:09:59 UTC 2026
Cache sync 12 at Thu Apr 30 18:09:59 UTC 2026
Cache sync 13 at Thu Apr 30 18:09:59 UTC 2026
Cache sync 14 at Thu Apr 30 18:09:59 UTC 2026
Cache sync 15 at Thu Apr 30 18:09:59 UTC 2026
Cache sync 16 at Thu Apr 30 18:09:59 UTC 2026
Cache sync 17 at Thu Apr 30 18:09:59 UTC 2026
Cache sync 18 at Thu Apr 30 18:09:59 UTC 2026
Cache sync 19 at Thu Apr 30 18:09:59 UTC 2026
Cache sync 20 at Thu Apr 30 18:09:59 UTC 2026
Cache sync 21 at Thu Apr 30 18:09:59 UTC 2026
Cache sync 22 at Thu Apr 30 18:09:59 UTC 2026
Cache sync 23 at Thu Apr 30 18:09:59 UTC 2026
Cache sync 24 at Thu Apr 30 18:09:59 UTC 2026
Cache sync 25 at Thu Apr 30 18:09:59 UTC 2026
Cache sync 26 at Thu Apr 30 18:09:59 UTC 2026
Cache sync 27 at Thu Apr 30 18:09:59 UTC 2026
Cache sync 28 at Thu Apr 30 18:09:59 UTC 2026
Cache sync 29 at Thu Apr 30 18:09:59 UTC 2026
Cache sync 30 at Thu Apr 30 18:09:59 UTC 2026
Cache sync 31 at Thu Apr 30 18:09:59 UTC 2026
Cache sync 32 at Thu Apr 30 18:09:59 UTC 2026
Cache sync 33 at Thu Apr 30 18:09:59 UTC 2026
Cache sync 34 at Thu Apr 30 18:09:59 UTC 2026
Cache sync 35 at Thu Apr 30 18:09:59 UTC 2026
Cache sync 36 at Thu Apr 30 18:09:59 UTC 2026
Cache sync 37 at Thu Apr 30 18:09:59 UTC 2026
Cache sync 38 at Thu Apr 30 18:10:00 UTC 2026
Cache sync 39 at Thu Apr 30 18:10:00 UTC 2026
Cache sync 40 at Thu Apr 30 18:10:00 UTC 2026
Cache sync 41 at Thu Apr 30 18:10:00 UTC 2026
Cache sync 42 at Thu Apr 30 18:10:00 UTC 2026
Cache sync 43 at Thu Apr 30 18:10:00 UTC 2026
Cache sync 44 at Thu Apr 30 18:10:00 UTC 2026
Cache sync 45 at Thu Apr 30 18:10:00 UTC 2026
Cache sync 46 at Thu Apr 30 18:10:00 UTC 2026
Cache sync 47 at Thu Apr 30 18:10:00 UTC 2026
Cache sync 48 at Thu Apr 30 18:10:00 UTC 2026
Cache sync 49 at Thu Apr 30 18:10:00 UTC 2026
Cache sync 50 at Thu Apr 30 18:10:00 UTC 2026
Cache sync 51 at Thu Apr 30 18:10:00 UTC 2026
Cache sync 52 at Thu Apr 30 18:10:00 UTC 2026
Cache sync 53 at Thu Apr 30 18:10:00 UTC 2026
Cache sync 54 at Thu Apr 30 18:10:00 UTC 2026
Cache sync 55 at Thu Apr 30 18:10:00 UTC 2026
Cache sync 56 at Thu Apr 30 18:10:00 UTC 2026
Cache sync 57 at Thu Apr 30 18:10:00 UTC 2026
Cache sync 58 at Thu Apr 30 18:10:00 UTC 2026
Cache sync 59 at Thu Apr 30 18:10:00 UTC 2026
Cache sync 60 at Thu Apr 30 18:10:00 UTC 2026
Cache sync 1 at Fri May  1 17:58:38 UTC 2026
Cache sync 2 at Fri May  1 17:58:38 UTC 2026
Cache sync 3 at Fri May  1 17:58:38 UTC 2026
Cache sync 4 at Fri May  1 17:58:38 UTC 2026
Cache sync 5 at Fri May  1 17:58:38 UTC 2026
Cache sync 6 at Fri May  1 17:58:38 UTC 2026
Cache sync 7 at Fri May  1 17:58:38 UTC 2026
Cache sync 8 at Fri May  1 17:58:38 UTC 2026
Cache sync 9 at Fri May  1 17:58:38 UTC 2026
Cache sync 10 at Fri May  1 17:58:38 UTC 2026
Cache sync 11 at Fri May  1 17:58:38 UTC 2026
Cache sync 12 at Fri May  1 17:58:38 UTC 2026
Cache sync 13 at Fri May  1 17:58:38 UTC 2026
Cache sync 14 at Fri May  1 17:58:38 UTC 2026
Cache sync 15 at Fri May  1 17:58:38 UTC 2026
Cache sync 16 at Fri May  1 17:58:38 UTC 2026
Cache sync 17 at Fri May  1 17:58:38 UTC 2026
Cache sync 18 at Fri May  1 17:58:38 UTC 2026
Cache sync 19 at Fri May  1 17:58:38 UTC 2026
Cache sync 20 at Fri May  1 17:58:38 UTC 2026
Cache sync 21 at Fri May  1 17:58:38 UTC 2026
Cache sync 22 at Fri May  1 17:58:38 UTC 2026
Cache sync 23 at Fri May  1 17:58:38 UTC 2026
Cache sync 24 at Fri May  1 17:58:38 UTC 2026
Cache sync 25 at Fri May  1 17:58:38 UTC 2026
Cache sync 26 at Fri May  1 17:58:38 UTC 2026
Cache sync 27 at Fri May  1 17:58:38 UTC 2026
Cache sync 28 at Fri May  1 17:58:38 UTC 2026
Cache sync 29 at Fri May  1 17:58:38 UTC 2026
Cache sync 30 at Fri May  1 17:58:38 UTC 2026
Cache sync 31 at Fri May  1 17:58:38 UTC 2026
Cache sync 32 at Fri May  1 17:58:38 UTC 2026
Cache sync 33 at Fri May  1 17:58:38 UTC 2026
Cache sync 34 at Fri May  1 17:58:38 UTC 2026
Cache sync 35 at Fri May  1 17:58:38 UTC 2026
Cache sync 36 at Fri May  1 17:58:38 UTC 2026
Cache sync 37 at Fri May  1 17:58:38 UTC 2026
Cache sync 38 at Fri May  1 17:58:38 UTC 2026
Cache sync 39 at Fri May  1 17:58:38 UTC 2026
Cache sync 40 at Fri May  1 17:58:38 UTC 2026
Cache sync 41 at Fri May  1 17:58:38 UTC 2026
Cache sync 42 at Fri May  1 17:58:38 UTC 2026
Cache sync 43 at Fri May  1 17:58:38 UTC 2026
Cache sync 44 at Fri May  1 17:58:38 UTC 2026
Cache sync 45 at Fri May  1 17:58:38 UTC 2026
Cache sync 46 at Fri May  1 17:58:38 UTC 2026
Cache sync 1 at Sat May  2 17:44:15 UTC 2026
Cache sync 2 at Sat May  2 17:44:15 UTC 2026
Cache sync 3 at Sat May  2 17:44:15 UTC 2026
Cache sync 4 at Sat May  2 17:44:15 UTC 2026
Cache sync 1 at Sun May  3 17:48:36 UTC 2026
Cache sync 2 at Sun May  3 17:48:36 UTC 2026
Cache sync 3 at Sun May  3 17:48:36 UTC 2026
Cache sync 4 at Sun May  3 17:48:36 UTC 2026
Cache sync 5 at Sun May  3 17:48:36 UTC 2026
Cache sync 6 at Sun May  3 17:48:36 UTC 2026
Cache sync 7 at Sun May  3 17:48:36 UTC 2026
Cache sync 8 at Sun May  3 17:48:36 UTC 2026
Cache sync 9 at Sun May  3 17:48:36 UTC 2026
Cache sync 10 at Sun May  3 17:48:36 UTC 2026
Cache sync 11 at Sun May  3 17:48:36 UTC 2026
Cache sync 12 at Sun May  3 17:48:36 UTC 2026
Cache sync 13 at Sun May  3 17:48:36 UTC 2026
Cache sync 14 at Sun May  3 17:48:36 UTC 2026
Cache sync 15 at Sun May  3 17:48:36 UTC 2026
Cache sync 16 at Sun May  3 17:48:36 UTC 2026
Cache sync 17 at Sun May  3 17:48:36 UTC 2026
Cache sync 18 at Sun May  3 17:48:36 UTC 2026
Cache sync 19 at Sun May  3 17:48:36 UTC 2026
Cache sync 20 at Sun May  3 17:48:36 UTC 2026
Cache sync 21 at Sun May  3 17:48:36 UTC 2026
Cache sync 22 at Sun May  3 17:48:36 UTC 2026
Cache sync 23 at Sun May  3 17:48:36 UTC 2026
Cache sync 24 at Sun May  3 17:48:36 UTC 2026
Cache sync 25 at Sun May  3 17:48:36 UTC 2026
Cache sync 26 at Sun May  3 17:48:36 UTC 2026
Cache sync 27 at Sun May  3 17:48:36 UTC 2026
Cache sync 28 at Sun May  3 17:48:36 UTC 2026
Cache sync 29 at Sun May  3 17:48:36 UTC 2026
Cache sync 30 at Sun May  3 17:48:36 UTC 2026
Cache sync 31 at Sun May  3 17:48:36 UTC 2026
Cache sync 32 at Sun May  3 17:48:36 UTC 2026
Cache sync 33 at Sun May  3 17:48:36 UTC 2026
Cache sync 34 at Sun May  3 17:48:36 UTC 2026
Cache sync 35 at Sun May  3 17:48:36 UTC 2026
Cache sync 36 at Sun May  3 17:48:36 UTC 2026
Cache sync 37 at Sun May  3 17:48:36 UTC 2026
Cache sync 38 at Sun May  3 17:48:36 UTC 2026
Cache sync 39 at Sun May  3 17:48:36 UTC 2026
Cache sync 40 at Sun May  3 17:48:36 UTC 2026
Cache sync 41 at Sun May  3 17:48:36 UTC 2026
Cache sync 42 at Sun May  3 17:48:36 UTC 2026
Cache sync 43 at Sun May  3 17:48:36 UTC 2026
Cache sync 44 at Sun May  3 17:48:36 UTC 2026
Cache sync 45 at Sun May  3 17:48:36 UTC 2026
Cache sync 46 at Sun May  3 17:48:36 UTC 2026
Cache sync 47 at Sun May  3 17:48:37 UTC 2026
Cache sync 48 at Sun May  3 17:48:37 UTC 2026
Cache sync 49 at Sun May  3 17:48:37 UTC 2026
Cache sync 50 at Sun May  3 17:48:37 UTC 2026
Cache sync 51 at Sun May  3 17:48:37 UTC 2026
Cache sync 52 at Sun May  3 17:48:37 UTC 2026
Cache sync 53 at Sun May  3 17:48:37 UTC 2026
Cache sync 54 at Sun May  3 17:48:37 UTC 2026
Cache sync 55 at Sun May  3 17:48:37 UTC 2026
Cache sync 56 at Sun May  3 17:48:37 UTC 2026
Cache sync 57 at Sun May  3 17:48:37 UTC 2026
Cache sync 58 at Sun May  3 17:48:37 UTC 2026
Cache sync 59 at Sun May  3 17:48:37 UTC 2026
Cache sync 60 at Sun May  3 17:48:37 UTC 2026
Cache sync 61 at Sun May  3 17:48:37 UTC 2026
Cache sync 62 at Sun May  3 17:48:37 UTC 2026
Cache sync 63 at Sun May  3 17:48:37 UTC 2026
Cache sync 64 at Sun May  3 17:48:37 UTC 2026
Cache sync 65 at Sun May  3 17:48:37 UTC 2026
Cache sync 1 at Mon May  4 18:15:33 UTC 2026
Cache sync 2 at Mon May  4 18:15:33 UTC 2026
Cache sync 3 at Mon May  4 18:15:33 UTC 2026
Cache sync 4 at Mon May  4 18:15:33 UTC 2026
Cache sync 5 at Mon May  4 18:15:33 UTC 2026
Cache sync 6 at Mon May  4 18:15:33 UTC 2026
Cache sync 7 at Mon May  4 18:15:33 UTC 2026
Cache sync 8 at Mon May  4 18:15:33 UTC 2026
Cache sync 9 at Mon May  4 18:15:33 UTC 2026
Cache sync 10 at Mon May  4 18:15:33 UTC 2026
Cache sync 11 at Mon May  4 18:15:33 UTC 2026
Cache sync 12 at Mon May  4 18:15:33 UTC 2026
Cache sync 13 at Mon May  4 18:15:33 UTC 2026
Cache sync 14 at Mon May  4 18:15:33 UTC 2026
Cache sync 15 at Mon May  4 18:15:33 UTC 2026
Cache sync 16 at Mon May  4 18:15:33 UTC 2026
Cache sync 17 at Mon May  4 18:15:33 UTC 2026
Cache sync 18 at Mon May  4 18:15:33 UTC 2026
Cache sync 19 at Mon May  4 18:15:33 UTC 2026
Cache sync 20 at Mon May  4 18:15:33 UTC 2026
Cache sync 21 at Mon May  4 18:15:33 UTC 2026
Cache sync 22 at Mon May  4 18:15:33 UTC 2026
Cache sync 23 at Mon May  4 18:15:33 UTC 2026
Cache sync 24 at Mon May  4 18:15:33 UTC 2026
Cache sync 25 at Mon May  4 18:15:33 UTC 2026
Cache sync 26 at Mon May  4 18:15:33 UTC 2026
Cache sync 27 at Mon May  4 18:15:33 UTC 2026
Cache sync 28 at Mon May  4 18:15:33 UTC 2026
Cache sync 29 at Mon May  4 18:15:33 UTC 2026
Cache sync 30 at Mon May  4 18:15:33 UTC 2026
Cache sync 31 at Mon May  4 18:15:33 UTC 2026
Cache sync 32 at Mon May  4 18:15:33 UTC 2026
Cache sync 33 at Mon May  4 18:15:33 UTC 2026
Cache sync 34 at Mon May  4 18:15:33 UTC 2026
Cache sync 35 at Mon May  4 18:15:33 UTC 2026
Cache sync 36 at Mon May  4 18:15:33 UTC 2026
Cache sync 37 at Mon May  4 18:15:33 UTC 2026
Cache sync 38 at Mon May  4 18:15:33 UTC 2026
Cache sync 39 at Mon May  4 18:15:33 UTC 2026
Cache sync 40 at Mon May  4 18:15:33 UTC 2026
Cache sync 41 at Mon May  4 18:15:33 UTC 2026
Cache sync 42 at Mon May  4 18:15:34 UTC 2026
Cache sync 43 at Mon May  4 18:15:34 UTC 2026
Cache sync 44 at Mon May  4 18:15:34 UTC 2026
Cache sync 45 at Mon May  4 18:15:34 UTC 2026
Cache sync 46 at Mon May  4 18:15:34 UTC 2026
Cache sync 47 at Mon May  4 18:15:34 UTC 2026
Cache sync 48 at Mon May  4 18:15:34 UTC 2026
Cache sync 49 at Mon May  4 18:15:34 UTC 2026
Cache sync 50 at Mon May  4 18:15:34 UTC 2026
Cache sync 51 at Mon May  4 18:15:34 UTC 2026
Cache sync 52 at Mon May  4 18:15:34 UTC 2026
Cache sync 53 at Mon May  4 18:15:34 UTC 2026
Cache sync 54 at Mon May  4 18:15:34 UTC 2026
Cache sync 55 at Mon May  4 18:15:34 UTC 2026
Cache sync 56 at Mon May  4 18:15:34 UTC 2026
Cache sync 57 at Mon May  4 18:15:34 UTC 2026
Cache sync 58 at Mon May  4 18:15:34 UTC 2026
Cache sync 59 at Mon May  4 18:15:34 UTC 2026
Cache sync 60 at Mon May  4 18:15:34 UTC 2026
Cache sync 61 at Mon May  4 18:15:34 UTC 2026
Cache sync 62 at Mon May  4 18:15:34 UTC 2026
Cache sync 63 at Mon May  4 18:15:34 UTC 2026
Cache sync 64 at Mon May  4 18:15:34 UTC 2026
Cache sync 65 at Mon May  4 18:15:34 UTC 2026
Cache sync 66 at Mon May  4 18:15:34 UTC 2026
Cache sync 67 at Mon May  4 18:15:34 UTC 2026
Cache sync 68 at Mon May  4 18:15:34 UTC 2026
Cache sync 1 at Tue May  5 18:11:17 UTC 2026
Cache sync 2 at Tue May  5 18:11:17 UTC 2026
Cache sync 3 at Tue May  5 18:11:17 UTC 2026
Cache sync 4 at Tue May  5 18:11:17 UTC 2026
Cache sync 5 at Tue May  5 18:11:17 UTC 2026
Cache sync 6 at Tue May  5 18:11:17 UTC 2026
Cache sync 7 at Tue May  5 18:11:17 UTC 2026
Cache sync 8 at Tue May  5 18:11:17 UTC 2026
Cache sync 9 at Tue May  5 18:11:17 UTC 2026
Cache sync 10 at Tue May  5 18:11:17 UTC 2026
Cache sync 11 at Tue May  5 18:11:17 UTC 2026
Cache sync 12 at Tue May  5 18:11:17 UTC 2026
Cache sync 13 at Tue May  5 18:11:17 UTC 2026
Cache sync 14 at Tue May  5 18:11:17 UTC 2026
Cache sync 15 at Tue May  5 18:11:17 UTC 2026
Cache sync 16 at Tue May  5 18:11:17 UTC 2026
Cache sync 17 at Tue May  5 18:11:17 UTC 2026
Cache sync 18 at Tue May  5 18:11:17 UTC 2026
Cache sync 19 at Tue May  5 18:11:17 UTC 2026
Cache sync 20 at Tue May  5 18:11:17 UTC 2026
Cache sync 21 at Tue May  5 18:11:17 UTC 2026
Cache sync 22 at Tue May  5 18:11:17 UTC 2026
Cache sync 23 at Tue May  5 18:11:17 UTC 2026
Cache sync 24 at Tue May  5 18:11:17 UTC 2026
Cache sync 25 at Tue May  5 18:11:17 UTC 2026
Cache sync 26 at Tue May  5 18:11:17 UTC 2026
Cache sync 27 at Tue May  5 18:11:17 UTC 2026
Cache sync 28 at Tue May  5 18:11:17 UTC 2026
Cache sync 29 at Tue May  5 18:11:17 UTC 2026
Cache sync 30 at Tue May  5 18:11:17 UTC 2026
Cache sync 31 at Tue May  5 18:11:17 UTC 2026
Cache sync 32 at Tue May  5 18:11:17 UTC 2026
Cache sync 33 at Tue May  5 18:11:17 UTC 2026
Cache sync 34 at Tue May  5 18:11:17 UTC 2026
Cache sync 35 at Tue May  5 18:11:17 UTC 2026
Cache sync 36 at Tue May  5 18:11:17 UTC 2026
Cache sync 37 at Tue May  5 18:11:17 UTC 2026
Cache sync 38 at Tue May  5 18:11:17 UTC 2026
Cache sync 39 at Tue May  5 18:11:17 UTC 2026
Cache sync 40 at Tue May  5 18:11:17 UTC 2026
Cache sync 41 at Tue May  5 18:11:17 UTC 2026
Cache sync 42 at Tue May  5 18:11:17 UTC 2026
Cache sync 43 at Tue May  5 18:11:17 UTC 2026
Cache sync 44 at Tue May  5 18:11:17 UTC 2026
Cache sync 45 at Tue May  5 18:11:17 UTC 2026
Cache sync 46 at Tue May  5 18:11:17 UTC 2026
Cache sync 47 at Tue May  5 18:11:17 UTC 2026
Cache sync 48 at Tue May  5 18:11:17 UTC 2026
Cache sync 49 at Tue May  5 18:11:17 UTC 2026
Cache sync 50 at Tue May  5 18:11:17 UTC 2026
Cache sync 51 at Tue May  5 18:11:17 UTC 2026
Cache sync 52 at Tue May  5 18:11:17 UTC 2026
Cache sync 53 at Tue May  5 18:11:17 UTC 2026
Cache sync 54 at Tue May  5 18:11:17 UTC 2026
Cache sync 55 at Tue May  5 18:11:17 UTC 2026
Cache sync 56 at Tue May  5 18:11:17 UTC 2026
Cache sync 57 at Tue May  5 18:11:17 UTC 2026
Cache sync 58 at Tue May  5 18:11:17 UTC 2026
Cache sync 59 at Tue May  5 18:11:17 UTC 2026
Cache sync 60 at Tue May  5 18:11:17 UTC 2026
Cache sync 61 at Tue May  5 18:11:17 UTC 2026
Cache sync 62 at Tue May  5 18:11:17 UTC 2026
Cache sync 63 at Tue May  5 18:11:17 UTC 2026
Cache sync 64 at Tue May  5 18:11:17 UTC 2026
Cache sync 65 at Tue May  5 18:11:17 UTC 2026
Cache sync 66 at Tue May  5 18:11:17 UTC 2026
Cache sync 67 at Tue May  5 18:11:17 UTC 2026
Cache sync 68 at Tue May  5 18:11:17 UTC 2026
Cache sync 69 at Tue May  5 18:11:17 UTC 2026
Cache sync 70 at Tue May  5 18:11:17 UTC 2026
Cache sync 71 at Tue May  5 18:11:17 UTC 2026
Cache sync 72 at Tue May  5 18:11:17 UTC 2026
Cache sync 73 at Tue May  5 18:11:17 UTC 2026
Cache sync 74 at Tue May  5 18:11:17 UTC 2026
Cache sync 75 at Tue May  5 18:11:17 UTC 2026
Cache sync 1 at Wed May  6 18:17:15 UTC 2026
Cache sync 2 at Wed May  6 18:17:15 UTC 2026
Cache sync 3 at Wed May  6 18:17:15 UTC 2026
Cache sync 4 at Wed May  6 18:17:15 UTC 2026
Cache sync 5 at Wed May  6 18:17:15 UTC 2026
Cache sync 6 at Wed May  6 18:17:15 UTC 2026
Cache sync 7 at Wed May  6 18:17:15 UTC 2026
Cache sync 8 at Wed May  6 18:17:15 UTC 2026
Cache sync 9 at Wed May  6 18:17:15 UTC 2026
Cache sync 10 at Wed May  6 18:17:15 UTC 2026
Cache sync 11 at Wed May  6 18:17:15 UTC 2026
Cache sync 12 at Wed May  6 18:17:15 UTC 2026
Cache sync 13 at Wed May  6 18:17:15 UTC 2026
Cache sync 14 at Wed May  6 18:17:15 UTC 2026
Cache sync 15 at Wed May  6 18:17:15 UTC 2026
Cache sync 16 at Wed May  6 18:17:15 UTC 2026
Cache sync 17 at Wed May  6 18:17:15 UTC 2026
Cache sync 18 at Wed May  6 18:17:15 UTC 2026
Cache sync 19 at Wed May  6 18:17:15 UTC 2026
Cache sync 20 at Wed May  6 18:17:15 UTC 2026
Cache sync 21 at Wed May  6 18:17:15 UTC 2026
Cache sync 22 at Wed May  6 18:17:15 UTC 2026
Cache sync 23 at Wed May  6 18:17:15 UTC 2026
Cache sync 24 at Wed May  6 18:17:15 UTC 2026
Cache sync 25 at Wed May  6 18:17:15 UTC 2026
Cache sync 26 at Wed May  6 18:17:15 UTC 2026
Cache sync 27 at Wed May  6 18:17:15 UTC 2026
Cache sync 28 at Wed May  6 18:17:15 UTC 2026
Cache sync 29 at Wed May  6 18:17:15 UTC 2026
Cache sync 30 at Wed May  6 18:17:15 UTC 2026
Cache sync 31 at Wed May  6 18:17:15 UTC 2026
Cache sync 32 at Wed May  6 18:17:15 UTC 2026
Cache sync 33 at Wed May  6 18:17:15 UTC 2026
Cache sync 34 at Wed May  6 18:17:15 UTC 2026
Cache sync 35 at Wed May  6 18:17:15 UTC 2026
Cache sync 36 at Wed May  6 18:17:15 UTC 2026
Cache sync 37 at Wed May  6 18:17:15 UTC 2026
Cache sync 38 at Wed May  6 18:17:15 UTC 2026
Cache sync 39 at Wed May  6 18:17:15 UTC 2026
Cache sync 40 at Wed May  6 18:17:15 UTC 2026
Cache sync 41 at Wed May  6 18:17:15 UTC 2026
Cache sync 42 at Wed May  6 18:17:15 UTC 2026
Cache sync 43 at Wed May  6 18:17:15 UTC 2026
Cache sync 44 at Wed May  6 18:17:15 UTC 2026
Cache sync 45 at Wed May  6 18:17:15 UTC 2026
Cache sync 46 at Wed May  6 18:17:15 UTC 2026
Cache sync 47 at Wed May  6 18:17:15 UTC 2026
Cache sync 48 at Wed May  6 18:17:15 UTC 2026
Cache sync 1 at Thu May  7 18:25:27 UTC 2026
Cache sync 2 at Thu May  7 18:25:27 UTC 2026
Cache sync 3 at Thu May  7 18:25:27 UTC 2026
Cache sync 4 at Thu May  7 18:25:27 UTC 2026
Cache sync 5 at Thu May  7 18:25:28 UTC 2026
Cache sync 6 at Thu May  7 18:25:28 UTC 2026
Cache sync 7 at Thu May  7 18:25:28 UTC 2026
Cache sync 8 at Thu May  7 18:25:28 UTC 2026
Cache sync 9 at Thu May  7 18:25:28 UTC 2026
Cache sync 10 at Thu May  7 18:25:28 UTC 2026
Cache sync 11 at Thu May  7 18:25:28 UTC 2026
Cache sync 12 at Thu May  7 18:25:28 UTC 2026
Cache sync 13 at Thu May  7 18:25:28 UTC 2026
Cache sync 14 at Thu May  7 18:25:28 UTC 2026
Cache sync 15 at Thu May  7 18:25:28 UTC 2026
Cache sync 16 at Thu May  7 18:25:28 UTC 2026
Cache sync 17 at Thu May  7 18:25:28 UTC 2026
Cache sync 18 at Thu May  7 18:25:28 UTC 2026
Cache sync 19 at Thu May  7 18:25:28 UTC 2026
Cache sync 20 at Thu May  7 18:25:28 UTC 2026
Cache sync 21 at Thu May  7 18:25:28 UTC 2026
Cache sync 22 at Thu May  7 18:25:28 UTC 2026
Cache sync 23 at Thu May  7 18:25:28 UTC 2026
Cache sync 24 at Thu May  7 18:25:28 UTC 2026
Cache sync 25 at Thu May  7 18:25:28 UTC 2026
Cache sync 26 at Thu May  7 18:25:28 UTC 2026
Cache sync 27 at Thu May  7 18:25:28 UTC 2026
Cache sync 28 at Thu May  7 18:25:28 UTC 2026
Cache sync 29 at Thu May  7 18:25:28 UTC 2026
Cache sync 30 at Thu May  7 18:25:28 UTC 2026
Cache sync 31 at Thu May  7 18:25:28 UTC 2026
Cache sync 32 at Thu May  7 18:25:28 UTC 2026
Cache sync 33 at Thu May  7 18:25:28 UTC 2026
Cache sync 34 at Thu May  7 18:25:28 UTC 2026
Cache sync 35 at Thu May  7 18:25:28 UTC 2026
Cache sync 36 at Thu May  7 18:25:28 UTC 2026
Cache sync 37 at Thu May  7 18:25:28 UTC 2026
Cache sync 38 at Thu May  7 18:25:28 UTC 2026
Cache sync 39 at Thu May  7 18:25:28 UTC 2026
Cache sync 40 at Thu May  7 18:25:28 UTC 2026
Cache sync 41 at Thu May  7 18:25:28 UTC 2026
Cache sync 42 at Thu May  7 18:25:28 UTC 2026
Cache sync 43 at Thu May  7 18:25:28 UTC 2026
Cache sync 44 at Thu May  7 18:25:28 UTC 2026
Cache sync 45 at Thu May  7 18:25:28 UTC 2026
Cache sync 46 at Thu May  7 18:25:28 UTC 2026
Cache sync 47 at Thu May  7 18:25:28 UTC 2026
Cache sync 48 at Thu May  7 18:25:28 UTC 2026
Cache sync 49 at Thu May  7 18:25:28 UTC 2026
Cache sync 50 at Thu May  7 18:25:28 UTC 2026
Cache sync 51 at Thu May  7 18:25:28 UTC 2026
Cache sync 52 at Thu May  7 18:25:28 UTC 2026
Cache sync 53 at Thu May  7 18:25:28 UTC 2026
Cache sync 54 at Thu May  7 18:25:28 UTC 2026
Cache sync 55 at Thu May  7 18:25:28 UTC 2026
Cache sync 56 at Thu May  7 18:25:28 UTC 2026
Cache sync 1 at Fri May  8 18:10:39 UTC 2026
Cache sync 2 at Fri May  8 18:10:39 UTC 2026
Cache sync 3 at Fri May  8 18:10:39 UTC 2026
Cache sync 4 at Fri May  8 18:10:39 UTC 2026
Cache sync 5 at Fri May  8 18:10:39 UTC 2026
Cache sync 6 at Fri May  8 18:10:39 UTC 2026
Cache sync 7 at Fri May  8 18:10:39 UTC 2026
Cache sync 8 at Fri May  8 18:10:39 UTC 2026
Cache sync 9 at Fri May  8 18:10:39 UTC 2026
Cache sync 10 at Fri May  8 18:10:39 UTC 2026
Cache sync 11 at Fri May  8 18:10:39 UTC 2026
Cache sync 12 at Fri May  8 18:10:39 UTC 2026
Cache sync 13 at Fri May  8 18:10:39 UTC 2026
Cache sync 14 at Fri May  8 18:10:39 UTC 2026
Cache sync 15 at Fri May  8 18:10:39 UTC 2026
Cache sync 16 at Fri May  8 18:10:39 UTC 2026
Cache sync 17 at Fri May  8 18:10:39 UTC 2026
Cache sync 18 at Fri May  8 18:10:39 UTC 2026
Cache sync 19 at Fri May  8 18:10:39 UTC 2026
Cache sync 20 at Fri May  8 18:10:39 UTC 2026
Cache sync 21 at Fri May  8 18:10:39 UTC 2026
Cache sync 22 at Fri May  8 18:10:39 UTC 2026
Cache sync 23 at Fri May  8 18:10:39 UTC 2026
Cache sync 24 at Fri May  8 18:10:39 UTC 2026
Cache sync 25 at Fri May  8 18:10:39 UTC 2026
Cache sync 26 at Fri May  8 18:10:39 UTC 2026
Cache sync 27 at Fri May  8 18:10:39 UTC 2026
Cache sync 28 at Fri May  8 18:10:39 UTC 2026
Cache sync 29 at Fri May  8 18:10:39 UTC 2026
Cache sync 30 at Fri May  8 18:10:39 UTC 2026
Cache sync 31 at Fri May  8 18:10:39 UTC 2026
Cache sync 32 at Fri May  8 18:10:39 UTC 2026
Cache sync 33 at Fri May  8 18:10:39 UTC 2026
Cache sync 34 at Fri May  8 18:10:39 UTC 2026
Cache sync 35 at Fri May  8 18:10:39 UTC 2026
Cache sync 36 at Fri May  8 18:10:39 UTC 2026
Cache sync 37 at Fri May  8 18:10:39 UTC 2026
Cache sync 38 at Fri May  8 18:10:40 UTC 2026
Cache sync 39 at Fri May  8 18:10:40 UTC 2026
Cache sync 40 at Fri May  8 18:10:40 UTC 2026
Cache sync 41 at Fri May  8 18:10:40 UTC 2026
Cache sync 42 at Fri May  8 18:10:40 UTC 2026
Cache sync 43 at Fri May  8 18:10:40 UTC 2026
Cache sync 44 at Fri May  8 18:10:40 UTC 2026
Cache sync 45 at Fri May  8 18:10:40 UTC 2026
Cache sync 46 at Fri May  8 18:10:40 UTC 2026
Cache sync 47 at Fri May  8 18:10:40 UTC 2026
Cache sync 48 at Fri May  8 18:10:40 UTC 2026
Cache sync 49 at Fri May  8 18:10:40 UTC 2026
Cache sync 50 at Fri May  8 18:10:40 UTC 2026
Cache sync 51 at Fri May  8 18:10:40 UTC 2026
Cache sync 52 at Fri May  8 18:10:40 UTC 2026
Cache sync 53 at Fri May  8 18:10:40 UTC 2026
Cache sync 54 at Fri May  8 18:10:40 UTC 2026
Cache sync 55 at Fri May  8 18:10:40 UTC 2026
Cache sync 56 at Fri May  8 18:10:40 UTC 2026
Cache sync 1 at Sat May  9 17:51:51 UTC 2026
Cache sync 2 at Sat May  9 17:51:51 UTC 2026
Cache sync 3 at Sat May  9 17:51:51 UTC 2026
Cache sync 4 at Sat May  9 17:51:51 UTC 2026
Cache sync 5 at Sat May  9 17:51:51 UTC 2026
Cache sync 6 at Sat May  9 17:51:51 UTC 2026
Cache sync 7 at Sat May  9 17:51:51 UTC 2026
Cache sync 8 at Sat May  9 17:51:51 UTC 2026
Cache sync 9 at Sat May  9 17:51:51 UTC 2026
Cache sync 10 at Sat May  9 17:51:51 UTC 2026
Cache sync 11 at Sat May  9 17:51:51 UTC 2026
Cache sync 12 at Sat May  9 17:51:51 UTC 2026
Cache sync 13 at Sat May  9 17:51:51 UTC 2026
Cache sync 14 at Sat May  9 17:51:51 UTC 2026
Cache sync 15 at Sat May  9 17:51:51 UTC 2026
Cache sync 16 at Sat May  9 17:51:51 UTC 2026
Cache sync 17 at Sat May  9 17:51:51 UTC 2026
Cache sync 18 at Sat May  9 17:51:51 UTC 2026
Cache sync 19 at Sat May  9 17:51:51 UTC 2026
Cache sync 20 at Sat May  9 17:51:51 UTC 2026
Cache sync 21 at Sat May  9 17:51:51 UTC 2026
Cache sync 22 at Sat May  9 17:51:51 UTC 2026
Cache sync 23 at Sat May  9 17:51:51 UTC 2026
Cache sync 24 at Sat May  9 17:51:51 UTC 2026
Cache sync 25 at Sat May  9 17:51:51 UTC 2026
Cache sync 26 at Sat May  9 17:51:51 UTC 2026
Cache sync 1 at Sun May 10 17:52:40 UTC 2026
Cache sync 2 at Sun May 10 17:52:40 UTC 2026
Cache sync 3 at Sun May 10 17:52:40 UTC 2026
Cache sync 4 at Sun May 10 17:52:40 UTC 2026
Cache sync 5 at Sun May 10 17:52:40 UTC 2026
Cache sync 6 at Sun May 10 17:52:40 UTC 2026
Cache sync 7 at Sun May 10 17:52:40 UTC 2026
Cache sync 8 at Sun May 10 17:52:40 UTC 2026
Cache sync 9 at Sun May 10 17:52:40 UTC 2026
Cache sync 10 at Sun May 10 17:52:40 UTC 2026
Cache sync 11 at Sun May 10 17:52:40 UTC 2026
Cache sync 12 at Sun May 10 17:52:40 UTC 2026
Cache sync 13 at Sun May 10 17:52:40 UTC 2026
Cache sync 14 at Sun May 10 17:52:40 UTC 2026
Cache sync 15 at Sun May 10 17:52:40 UTC 2026
Cache sync 16 at Sun May 10 17:52:40 UTC 2026
Cache sync 17 at Sun May 10 17:52:40 UTC 2026
Cache sync 18 at Sun May 10 17:52:40 UTC 2026
Cache sync 19 at Sun May 10 17:52:40 UTC 2026
Cache sync 20 at Sun May 10 17:52:40 UTC 2026
Cache sync 21 at Sun May 10 17:52:40 UTC 2026
Cache sync 22 at Sun May 10 17:52:40 UTC 2026
Cache sync 23 at Sun May 10 17:52:40 UTC 2026
Cache sync 24 at Sun May 10 17:52:40 UTC 2026
Cache sync 25 at Sun May 10 17:52:40 UTC 2026
Cache sync 26 at Sun May 10 17:52:40 UTC 2026
Cache sync 27 at Sun May 10 17:52:40 UTC 2026
Cache sync 28 at Sun May 10 17:52:40 UTC 2026
Cache sync 29 at Sun May 10 17:52:40 UTC 2026
Cache sync 30 at Sun May 10 17:52:40 UTC 2026
Cache sync 31 at Sun May 10 17:52:40 UTC 2026
Cache sync 32 at Sun May 10 17:52:40 UTC 2026
Cache sync 33 at Sun May 10 17:52:40 UTC 2026
Cache sync 34 at Sun May 10 17:52:40 UTC 2026
Cache sync 35 at Sun May 10 17:52:40 UTC 2026
Cache sync 36 at Sun May 10 17:52:40 UTC 2026
Cache sync 37 at Sun May 10 17:52:40 UTC 2026
Cache sync 38 at Sun May 10 17:52:40 UTC 2026
Cache sync 39 at Sun May 10 17:52:40 UTC 2026
Cache sync 40 at Sun May 10 17:52:40 UTC 2026
Cache sync 41 at Sun May 10 17:52:40 UTC 2026
Cache sync 42 at Sun May 10 17:52:40 UTC 2026
Cache sync 43 at Sun May 10 17:52:40 UTC 2026
Cache sync 44 at Sun May 10 17:52:40 UTC 2026
Cache sync 45 at Sun May 10 17:52:40 UTC 2026
Cache sync 46 at Sun May 10 17:52:40 UTC 2026
Cache sync 47 at Sun May 10 17:52:40 UTC 2026
Cache sync 48 at Sun May 10 17:52:40 UTC 2026
Cache sync 49 at Sun May 10 17:52:40 UTC 2026
Cache sync 50 at Sun May 10 17:52:40 UTC 2026
Cache sync 51 at Sun May 10 17:52:40 UTC 2026
Cache sync 52 at Sun May 10 17:52:40 UTC 2026
Cache sync 53 at Sun May 10 17:52:40 UTC 2026
Cache sync 54 at Sun May 10 17:52:40 UTC 2026
Cache sync 55 at Sun May 10 17:52:40 UTC 2026
Cache sync 56 at Sun May 10 17:52:40 UTC 2026
Cache sync 57 at Sun May 10 17:52:40 UTC 2026
Cache sync 58 at Sun May 10 17:52:40 UTC 2026
Cache sync 59 at Sun May 10 17:52:40 UTC 2026
Cache sync 1 at Mon May 11 18:58:18 UTC 2026
Cache sync 2 at Mon May 11 18:58:18 UTC 2026
Cache sync 3 at Mon May 11 18:58:18 UTC 2026
Cache sync 4 at Mon May 11 18:58:18 UTC 2026
Cache sync 5 at Mon May 11 18:58:18 UTC 2026
Cache sync 6 at Mon May 11 18:58:18 UTC 2026
Cache sync 7 at Mon May 11 18:58:18 UTC 2026
Cache sync 8 at Mon May 11 18:58:18 UTC 2026
Cache sync 9 at Mon May 11 18:58:18 UTC 2026
Cache sync 10 at Mon May 11 18:58:18 UTC 2026
Cache sync 11 at Mon May 11 18:58:18 UTC 2026
Cache sync 12 at Mon May 11 18:58:18 UTC 2026
Cache sync 13 at Mon May 11 18:58:18 UTC 2026
Cache sync 14 at Mon May 11 18:58:18 UTC 2026
Cache sync 15 at Mon May 11 18:58:18 UTC 2026
Cache sync 16 at Mon May 11 18:58:18 UTC 2026
Cache sync 17 at Mon May 11 18:58:18 UTC 2026
Cache sync 18 at Mon May 11 18:58:18 UTC 2026
Cache sync 19 at Mon May 11 18:58:18 UTC 2026
Cache sync 20 at Mon May 11 18:58:18 UTC 2026
Cache sync 21 at Mon May 11 18:58:18 UTC 2026
Cache sync 22 at Mon May 11 18:58:18 UTC 2026
Cache sync 23 at Mon May 11 18:58:18 UTC 2026
Cache sync 24 at Mon May 11 18:58:18 UTC 2026
Cache sync 25 at Mon May 11 18:58:18 UTC 2026
Cache sync 26 at Mon May 11 18:58:18 UTC 2026
Cache sync 27 at Mon May 11 18:58:18 UTC 2026
Cache sync 28 at Mon May 11 18:58:18 UTC 2026
Cache sync 29 at Mon May 11 18:58:18 UTC 2026
Cache sync 30 at Mon May 11 18:58:18 UTC 2026
Cache sync 31 at Mon May 11 18:58:18 UTC 2026
Cache sync 32 at Mon May 11 18:58:18 UTC 2026
Cache sync 33 at Mon May 11 18:58:18 UTC 2026
Cache sync 34 at Mon May 11 18:58:18 UTC 2026
Cache sync 35 at Mon May 11 18:58:18 UTC 2026
Cache sync 36 at Mon May 11 18:58:18 UTC 2026
Cache sync 37 at Mon May 11 18:58:18 UTC 2026
Cache sync 38 at Mon May 11 18:58:18 UTC 2026
Cache sync 39 at Mon May 11 18:58:18 UTC 2026
Cache sync 40 at Mon May 11 18:58:18 UTC 2026
Cache sync 41 at Mon May 11 18:58:18 UTC 2026
Cache sync 42 at Mon May 11 18:58:18 UTC 2026
Cache sync 43 at Mon May 11 18:58:18 UTC 2026
Cache sync 44 at Mon May 11 18:58:18 UTC 2026
Cache sync 45 at Mon May 11 18:58:18 UTC 2026
Cache sync 46 at Mon May 11 18:58:18 UTC 2026
Cache sync 47 at Mon May 11 18:58:18 UTC 2026
Cache sync 48 at Mon May 11 18:58:18 UTC 2026
Cache sync 49 at Mon May 11 18:58:18 UTC 2026
Cache sync 50 at Mon May 11 18:58:18 UTC 2026
Cache sync 51 at Mon May 11 18:58:19 UTC 2026
Cache sync 52 at Mon May 11 18:58:19 UTC 2026
Cache sync 53 at Mon May 11 18:58:19 UTC 2026
Cache sync 1 at Tue May 12 18:55:53 UTC 2026
Cache sync 2 at Tue May 12 18:55:53 UTC 2026
Cache sync 3 at Tue May 12 18:55:53 UTC 2026
Cache sync 4 at Tue May 12 18:55:53 UTC 2026
Cache sync 5 at Tue May 12 18:55:53 UTC 2026
Cache sync 6 at Tue May 12 18:55:53 UTC 2026
Cache sync 7 at Tue May 12 18:55:53 UTC 2026
Cache sync 8 at Tue May 12 18:55:54 UTC 2026
Cache sync 9 at Tue May 12 18:55:54 UTC 2026
Cache sync 10 at Tue May 12 18:55:54 UTC 2026
Cache sync 11 at Tue May 12 18:55:54 UTC 2026
Cache sync 12 at Tue May 12 18:55:54 UTC 2026
Cache sync 13 at Tue May 12 18:55:55 UTC 2026
Cache sync 14 at Tue May 12 18:55:55 UTC 2026
Cache sync 15 at Tue May 12 18:55:55 UTC 2026
Cache sync 16 at Tue May 12 18:55:55 UTC 2026
Cache sync 17 at Tue May 12 18:55:55 UTC 2026
Cache sync 18 at Tue May 12 18:55:55 UTC 2026
Cache sync 19 at Tue May 12 18:55:55 UTC 2026
Cache sync 20 at Tue May 12 18:55:55 UTC 2026
Cache sync 21 at Tue May 12 18:55:55 UTC 2026
Cache sync 22 at Tue May 12 18:55:55 UTC 2026
Cache sync 23 at Tue May 12 18:55:55 UTC 2026
Cache sync 24 at Tue May 12 18:55:56 UTC 2026
Cache sync 1 at Wed May 13 18:55:57 UTC 2026
Cache sync 2 at Wed May 13 18:55:57 UTC 2026
Cache sync 3 at Wed May 13 18:55:57 UTC 2026
Cache sync 4 at Wed May 13 18:55:57 UTC 2026
Cache sync 5 at Wed May 13 18:55:57 UTC 2026
Cache sync 6 at Wed May 13 18:55:57 UTC 2026
Cache sync 7 at Wed May 13 18:55:57 UTC 2026
Cache sync 8 at Wed May 13 18:55:57 UTC 2026
Cache sync 9 at Wed May 13 18:55:57 UTC 2026
Cache sync 10 at Wed May 13 18:55:57 UTC 2026
Cache sync 11 at Wed May 13 18:55:57 UTC 2026
Cache sync 12 at Wed May 13 18:55:57 UTC 2026
Cache sync 13 at Wed May 13 18:55:57 UTC 2026
Cache sync 14 at Wed May 13 18:55:57 UTC 2026
Cache sync 15 at Wed May 13 18:55:57 UTC 2026
Cache sync 16 at Wed May 13 18:55:57 UTC 2026
Cache sync 17 at Wed May 13 18:55:57 UTC 2026
Cache sync 18 at Wed May 13 18:55:57 UTC 2026
Cache sync 19 at Wed May 13 18:55:57 UTC 2026
Cache sync 1 at Thu May 14 18:54:18 UTC 2026
Cache sync 2 at Thu May 14 18:54:18 UTC 2026
Cache sync 3 at Thu May 14 18:54:18 UTC 2026
Cache sync 4 at Thu May 14 18:54:18 UTC 2026
Cache sync 5 at Thu May 14 18:54:18 UTC 2026
Cache sync 6 at Thu May 14 18:54:18 UTC 2026
Cache sync 7 at Thu May 14 18:54:18 UTC 2026
Cache sync 8 at Thu May 14 18:54:18 UTC 2026
Cache sync 9 at Thu May 14 18:54:18 UTC 2026
Cache sync 10 at Thu May 14 18:54:18 UTC 2026
Cache sync 11 at Thu May 14 18:54:18 UTC 2026
Cache sync 12 at Thu May 14 18:54:18 UTC 2026
Cache sync 13 at Thu May 14 18:54:18 UTC 2026
Cache sync 14 at Thu May 14 18:54:18 UTC 2026
Cache sync 15 at Thu May 14 18:54:18 UTC 2026
Cache sync 16 at Thu May 14 18:54:18 UTC 2026
Cache sync 17 at Thu May 14 18:54:18 UTC 2026
Cache sync 18 at Thu May 14 18:54:18 UTC 2026
Cache sync 19 at Thu May 14 18:54:18 UTC 2026
Cache sync 20 at Thu May 14 18:54:18 UTC 2026
Cache sync 21 at Thu May 14 18:54:18 UTC 2026
Cache sync 22 at Thu May 14 18:54:18 UTC 2026
Cache sync 23 at Thu May 14 18:54:18 UTC 2026
Cache sync 24 at Thu May 14 18:54:18 UTC 2026
Cache sync 25 at Thu May 14 18:54:18 UTC 2026
Cache sync 26 at Thu May 14 18:54:18 UTC 2026
Cache sync 27 at Thu May 14 18:54:18 UTC 2026
Cache sync 28 at Thu May 14 18:54:18 UTC 2026
Cache sync 29 at Thu May 14 18:54:18 UTC 2026
Cache sync 30 at Thu May 14 18:54:18 UTC 2026
Cache sync 31 at Thu May 14 18:54:18 UTC 2026
Cache sync 32 at Thu May 14 18:54:18 UTC 2026
Cache sync 33 at Thu May 14 18:54:18 UTC 2026
Cache sync 34 at Thu May 14 18:54:18 UTC 2026
Cache sync 35 at Thu May 14 18:54:18 UTC 2026
Cache sync 36 at Thu May 14 18:54:18 UTC 2026
Cache sync 37 at Thu May 14 18:54:18 UTC 2026
Cache sync 38 at Thu May 14 18:54:18 UTC 2026
Cache sync 39 at Thu May 14 18:54:18 UTC 2026
Cache sync 40 at Thu May 14 18:54:18 UTC 2026
Cache sync 41 at Thu May 14 18:54:19 UTC 2026
Cache sync 42 at Thu May 14 18:54:19 UTC 2026
Cache sync 43 at Thu May 14 18:54:19 UTC 2026
Cache sync 44 at Thu May 14 18:54:19 UTC 2026
Cache sync 45 at Thu May 14 18:54:19 UTC 2026
Cache sync 46 at Thu May 14 18:54:19 UTC 2026
Cache sync 47 at Thu May 14 18:54:19 UTC 2026
Cache sync 48 at Thu May 14 18:54:19 UTC 2026
Cache sync 49 at Thu May 14 18:54:19 UTC 2026
Cache sync 50 at Thu May 14 18:54:19 UTC 2026
Cache sync 51 at Thu May 14 18:54:19 UTC 2026
Cache sync 52 at Thu May 14 18:54:19 UTC 2026
Cache sync 53 at Thu May 14 18:54:19 UTC 2026
Cache sync 54 at Thu May 14 18:54:19 UTC 2026
Cache sync 55 at Thu May 14 18:54:19 UTC 2026
Cache sync 56 at Thu May 14 18:54:19 UTC 2026
Cache sync 57 at Thu May 14 18:54:19 UTC 2026
Cache sync 58 at Thu May 14 18:54:19 UTC 2026
Cache sync 59 at Thu May 14 18:54:19 UTC 2026
Cache sync 60 at Thu May 14 18:54:19 UTC 2026
Cache sync 61 at Thu May 14 18:54:19 UTC 2026
Cache sync 62 at Thu May 14 18:54:19 UTC 2026
Cache sync 63 at Thu May 14 18:54:19 UTC 2026
Cache sync 64 at Thu May 14 18:54:19 UTC 2026
Cache sync 65 at Thu May 14 18:54:19 UTC 2026
Cache sync 66 at Thu May 14 18:54:19 UTC 2026
Cache sync 67 at Thu May 14 18:54:19 UTC 2026
Cache sync 68 at Thu May 14 18:54:19 UTC 2026
Cache sync 69 at Thu May 14 18:54:19 UTC 2026
Cache sync 70 at Thu May 14 18:54:19 UTC 2026
Cache sync 71 at Thu May 14 18:54:19 UTC 2026
Cache sync 72 at Thu May 14 18:54:19 UTC 2026
Cache sync 73 at Thu May 14 18:54:19 UTC 2026
Cache sync 74 at Thu May 14 18:54:19 UTC 2026
Cache sync 75 at Thu May 14 18:54:19 UTC 2026
Cache sync 76 at Thu May 14 18:54:19 UTC 2026
Cache sync 77 at Thu May 14 18:54:19 UTC 2026
Cache sync 78 at Thu May 14 18:54:19 UTC 2026
Cache sync 79 at Thu May 14 18:54:19 UTC 2026
Cache sync 80 at Thu May 14 18:54:19 UTC 2026
Cache sync 81 at Thu May 14 18:54:19 UTC 2026
Cache sync 82 at Thu May 14 18:54:19 UTC 2026
Cache sync 83 at Thu May 14 18:54:19 UTC 2026
Cache sync 84 at Thu May 14 18:54:19 UTC 2026
Cache sync 85 at Thu May 14 18:54:19 UTC 2026
Cache sync 1 at Fri May 15 18:23:09 UTC 2026
Cache sync 2 at Fri May 15 18:23:09 UTC 2026
Cache sync 3 at Fri May 15 18:23:09 UTC 2026
Cache sync 4 at Fri May 15 18:23:09 UTC 2026
Cache sync 5 at Fri May 15 18:23:09 UTC 2026
Cache sync 6 at Fri May 15 18:23:09 UTC 2026
Cache sync 7 at Fri May 15 18:23:09 UTC 2026
Cache sync 8 at Fri May 15 18:23:09 UTC 2026
Cache sync 9 at Fri May 15 18:23:09 UTC 2026
Cache sync 10 at Fri May 15 18:23:09 UTC 2026
Cache sync 11 at Fri May 15 18:23:09 UTC 2026
Cache sync 12 at Fri May 15 18:23:09 UTC 2026
Cache sync 13 at Fri May 15 18:23:09 UTC 2026
Cache sync 14 at Fri May 15 18:23:09 UTC 2026
Cache sync 15 at Fri May 15 18:23:09 UTC 2026
Cache sync 16 at Fri May 15 18:23:09 UTC 2026
Cache sync 17 at Fri May 15 18:23:09 UTC 2026
Cache sync 18 at Fri May 15 18:23:09 UTC 2026
Cache sync 19 at Fri May 15 18:23:09 UTC 2026
Cache sync 20 at Fri May 15 18:23:09 UTC 2026
Cache sync 21 at Fri May 15 18:23:09 UTC 2026
Cache sync 22 at Fri May 15 18:23:09 UTC 2026
Cache sync 23 at Fri May 15 18:23:09 UTC 2026
Cache sync 24 at Fri May 15 18:23:09 UTC 2026
Cache sync 25 at Fri May 15 18:23:09 UTC 2026
Cache sync 26 at Fri May 15 18:23:09 UTC 2026
Cache sync 27 at Fri May 15 18:23:09 UTC 2026
Cache sync 28 at Fri May 15 18:23:09 UTC 2026
Cache sync 29 at Fri May 15 18:23:09 UTC 2026
Cache sync 30 at Fri May 15 18:23:09 UTC 2026
Cache sync 31 at Fri May 15 18:23:09 UTC 2026
Cache sync 1 at Sat May 16 17:55:29 UTC 2026
Cache sync 2 at Sat May 16 17:55:29 UTC 2026
Cache sync 3 at Sat May 16 17:55:29 UTC 2026
Cache sync 4 at Sat May 16 17:55:29 UTC 2026
Cache sync 5 at Sat May 16 17:55:29 UTC 2026
Cache sync 6 at Sat May 16 17:55:29 UTC 2026
Cache sync 7 at Sat May 16 17:55:29 UTC 2026
Cache sync 8 at Sat May 16 17:55:29 UTC 2026
Cache sync 9 at Sat May 16 17:55:29 UTC 2026
Cache sync 10 at Sat May 16 17:55:29 UTC 2026
Cache sync 11 at Sat May 16 17:55:29 UTC 2026
Cache sync 12 at Sat May 16 17:55:29 UTC 2026
Cache sync 13 at Sat May 16 17:55:29 UTC 2026
Cache sync 14 at Sat May 16 17:55:29 UTC 2026
Cache sync 1 at Sun May 17 17:58:04 UTC 2026
Cache sync 2 at Sun May 17 17:58:04 UTC 2026
Cache sync 3 at Sun May 17 17:58:04 UTC 2026
Cache sync 4 at Sun May 17 17:58:04 UTC 2026
Cache sync 5 at Sun May 17 17:58:04 UTC 2026
Cache sync 6 at Sun May 17 17:58:04 UTC 2026
Cache sync 7 at Sun May 17 17:58:04 UTC 2026
Cache sync 8 at Sun May 17 17:58:04 UTC 2026
Cache sync 9 at Sun May 17 17:58:04 UTC 2026
Cache sync 10 at Sun May 17 17:58:04 UTC 2026
Cache sync 11 at Sun May 17 17:58:04 UTC 2026
Cache sync 12 at Sun May 17 17:58:04 UTC 2026
Cache sync 13 at Sun May 17 17:58:04 UTC 2026
Cache sync 14 at Sun May 17 17:58:04 UTC 2026
Cache sync 15 at Sun May 17 17:58:04 UTC 2026
Cache sync 16 at Sun May 17 17:58:04 UTC 2026
Cache sync 17 at Sun May 17 17:58:04 UTC 2026
Cache sync 18 at Sun May 17 17:58:04 UTC 2026
Cache sync 19 at Sun May 17 17:58:04 UTC 2026
Cache sync 20 at Sun May 17 17:58:04 UTC 2026
Cache sync 21 at Sun May 17 17:58:04 UTC 2026
Cache sync 22 at Sun May 17 17:58:04 UTC 2026
Cache sync 23 at Sun May 17 17:58:04 UTC 2026
Cache sync 24 at Sun May 17 17:58:04 UTC 2026
Cache sync 25 at Sun May 17 17:58:04 UTC 2026
Cache sync 26 at Sun May 17 17:58:04 UTC 2026
Cache sync 27 at Sun May 17 17:58:04 UTC 2026
Cache sync 28 at Sun May 17 17:58:04 UTC 2026
Cache sync 29 at Sun May 17 17:58:04 UTC 2026
Cache sync 30 at Sun May 17 17:58:04 UTC 2026
Cache sync 31 at Sun May 17 17:58:04 UTC 2026
Cache sync 32 at Sun May 17 17:58:04 UTC 2026
Cache sync 33 at Sun May 17 17:58:04 UTC 2026
Cache sync 34 at Sun May 17 17:58:04 UTC 2026
Cache sync 35 at Sun May 17 17:58:04 UTC 2026
Cache sync 36 at Sun May 17 17:58:04 UTC 2026
Cache sync 37 at Sun May 17 17:58:04 UTC 2026
Cache sync 38 at Sun May 17 17:58:04 UTC 2026
Cache sync 39 at Sun May 17 17:58:04 UTC 2026
Cache sync 40 at Sun May 17 17:58:04 UTC 2026
Cache sync 41 at Sun May 17 17:58:04 UTC 2026
Cache sync 42 at Sun May 17 17:58:04 UTC 2026
Cache sync 43 at Sun May 17 17:58:04 UTC 2026
Cache sync 44 at Sun May 17 17:58:04 UTC 2026
Cache sync 45 at Sun May 17 17:58:04 UTC 2026
Cache sync 46 at Sun May 17 17:58:04 UTC 2026
Cache sync 47 at Sun May 17 17:58:04 UTC 2026
Cache sync 48 at Sun May 17 17:58:04 UTC 2026
Cache sync 49 at Sun May 17 17:58:04 UTC 2026
Cache sync 50 at Sun May 17 17:58:04 UTC 2026
Cache sync 51 at Sun May 17 17:58:04 UTC 2026
Cache sync 52 at Sun May 17 17:58:04 UTC 2026
Cache sync 53 at Sun May 17 17:58:04 UTC 2026
Cache sync 54 at Sun May 17 17:58:04 UTC 2026
Cache sync 55 at Sun May 17 17:58:04 UTC 2026
Cache sync 56 at Sun May 17 17:58:05 UTC 2026
Cache sync 57 at Sun May 17 17:58:05 UTC 2026
Cache sync 58 at Sun May 17 17:58:05 UTC 2026
Cache sync 59 at Sun May 17 17:58:05 UTC 2026
Cache sync 1 at Mon May 18 18:52:06 UTC 2026
Cache sync 2 at Mon May 18 18:52:06 UTC 2026
Cache sync 3 at Mon May 18 18:52:06 UTC 2026
Cache sync 4 at Mon May 18 18:52:06 UTC 2026
Cache sync 5 at Mon May 18 18:52:06 UTC 2026
Cache sync 6 at Mon May 18 18:52:06 UTC 2026
Cache sync 7 at Mon May 18 18:52:06 UTC 2026
Cache sync 8 at Mon May 18 18:52:06 UTC 2026
Cache sync 9 at Mon May 18 18:52:06 UTC 2026
Cache sync 10 at Mon May 18 18:52:06 UTC 2026
Cache sync 11 at Mon May 18 18:52:07 UTC 2026
Cache sync 12 at Mon May 18 18:52:07 UTC 2026
Cache sync 13 at Mon May 18 18:52:07 UTC 2026
Cache sync 14 at Mon May 18 18:52:07 UTC 2026
Cache sync 15 at Mon May 18 18:52:07 UTC 2026
Cache sync 16 at Mon May 18 18:52:07 UTC 2026
Cache sync 17 at Mon May 18 18:52:07 UTC 2026
Cache sync 18 at Mon May 18 18:52:07 UTC 2026
Cache sync 19 at Mon May 18 18:52:07 UTC 2026
Cache sync 20 at Mon May 18 18:52:07 UTC 2026
Cache sync 21 at Mon May 18 18:52:07 UTC 2026
Cache sync 22 at Mon May 18 18:52:07 UTC 2026
Cache sync 23 at Mon May 18 18:52:07 UTC 2026
Cache sync 24 at Mon May 18 18:52:07 UTC 2026
Cache sync 25 at Mon May 18 18:52:07 UTC 2026
Cache sync 26 at Mon May 18 18:52:07 UTC 2026
Cache sync 27 at Mon May 18 18:52:07 UTC 2026
Cache sync 28 at Mon May 18 18:52:07 UTC 2026
Cache sync 29 at Mon May 18 18:52:07 UTC 2026
Cache sync 30 at Mon May 18 18:52:07 UTC 2026
Cache sync 31 at Mon May 18 18:52:07 UTC 2026
Cache sync 32 at Mon May 18 18:52:07 UTC 2026
Cache sync 33 at Mon May 18 18:52:07 UTC 2026
Cache sync 34 at Mon May 18 18:52:07 UTC 2026
Cache sync 35 at Mon May 18 18:52:07 UTC 2026
Cache sync 36 at Mon May 18 18:52:07 UTC 2026
Cache sync 37 at Mon May 18 18:52:07 UTC 2026
Cache sync 38 at Mon May 18 18:52:07 UTC 2026
Cache sync 39 at Mon May 18 18:52:07 UTC 2026
Cache sync 40 at Mon May 18 18:52:07 UTC 2026
Cache sync 41 at Mon May 18 18:52:07 UTC 2026
Cache sync 42 at Mon May 18 18:52:07 UTC 2026
Cache sync 43 at Mon May 18 18:52:07 UTC 2026
Cache sync 44 at Mon May 18 18:52:07 UTC 2026
Cache sync 45 at Mon May 18 18:52:07 UTC 2026
Cache sync 46 at Mon May 18 18:52:07 UTC 2026
Cache sync 47 at Mon May 18 18:52:07 UTC 2026
Cache sync 48 at Mon May 18 18:52:07 UTC 2026
Cache sync 1 at Tue May 19 19:01:07 UTC 2026
Cache sync 2 at Tue May 19 19:01:07 UTC 2026
Cache sync 3 at Tue May 19 19:01:07 UTC 2026
Cache sync 4 at Tue May 19 19:01:07 UTC 2026
Cache sync 5 at Tue May 19 19:01:07 UTC 2026
Cache sync 6 at Tue May 19 19:01:07 UTC 2026
Cache sync 7 at Tue May 19 19:01:07 UTC 2026
Cache sync 8 at Tue May 19 19:01:07 UTC 2026
Cache sync 9 at Tue May 19 19:01:07 UTC 2026
Cache sync 10 at Tue May 19 19:01:07 UTC 2026
Cache sync 11 at Tue May 19 19:01:07 UTC 2026
Cache sync 12 at Tue May 19 19:01:07 UTC 2026
Cache sync 13 at Tue May 19 19:01:07 UTC 2026
Cache sync 14 at Tue May 19 19:01:07 UTC 2026
Cache sync 15 at Tue May 19 19:01:07 UTC 2026
Cache sync 16 at Tue May 19 19:01:07 UTC 2026
Cache sync 17 at Tue May 19 19:01:07 UTC 2026
Cache sync 18 at Tue May 19 19:01:07 UTC 2026
Cache sync 19 at Tue May 19 19:01:07 UTC 2026
Cache sync 20 at Tue May 19 19:01:07 UTC 2026
Cache sync 21 at Tue May 19 19:01:07 UTC 2026
Cache sync 22 at Tue May 19 19:01:07 UTC 2026
Cache sync 23 at Tue May 19 19:01:07 UTC 2026
Cache sync 24 at Tue May 19 19:01:07 UTC 2026
Cache sync 25 at Tue May 19 19:01:07 UTC 2026
Cache sync 26 at Tue May 19 19:01:07 UTC 2026
Cache sync 27 at Tue May 19 19:01:07 UTC 2026
Cache sync 28 at Tue May 19 19:01:07 UTC 2026
Cache sync 29 at Tue May 19 19:01:07 UTC 2026
Cache sync 30 at Tue May 19 19:01:07 UTC 2026
Cache sync 31 at Tue May 19 19:01:07 UTC 2026
Cache sync 32 at Tue May 19 19:01:07 UTC 2026
Cache sync 33 at Tue May 19 19:01:07 UTC 2026
Cache sync 34 at Tue May 19 19:01:07 UTC 2026
Cache sync 35 at Tue May 19 19:01:07 UTC 2026
Cache sync 36 at Tue May 19 19:01:07 UTC 2026
Cache sync 37 at Tue May 19 19:01:07 UTC 2026
Cache sync 38 at Tue May 19 19:01:07 UTC 2026
Cache sync 39 at Tue May 19 19:01:07 UTC 2026
Cache sync 40 at Tue May 19 19:01:07 UTC 2026
Cache sync 41 at Tue May 19 19:01:07 UTC 2026
Cache sync 42 at Tue May 19 19:01:07 UTC 2026
Cache sync 43 at Tue May 19 19:01:07 UTC 2026
Cache sync 44 at Tue May 19 19:01:07 UTC 2026
Cache sync 45 at Tue May 19 19:01:07 UTC 2026
Cache sync 46 at Tue May 19 19:01:07 UTC 2026
Cache sync 47 at Tue May 19 19:01:07 UTC 2026
Cache sync 48 at Tue May 19 19:01:07 UTC 2026
Cache sync 49 at Tue May 19 19:01:07 UTC 2026
Cache sync 50 at Tue May 19 19:01:07 UTC 2026
Cache sync 51 at Tue May 19 19:01:07 UTC 2026
Cache sync 52 at Tue May 19 19:01:07 UTC 2026
Cache sync 53 at Tue May 19 19:01:07 UTC 2026
Cache sync 54 at Tue May 19 19:01:07 UTC 2026
Cache sync 55 at Tue May 19 19:01:07 UTC 2026
Cache sync 56 at Tue May 19 19:01:07 UTC 2026
Cache sync 57 at Tue May 19 19:01:07 UTC 2026
Cache sync 58 at Tue May 19 19:01:07 UTC 2026
Cache sync 59 at Tue May 19 19:01:07 UTC 2026
Cache sync 60 at Tue May 19 19:01:07 UTC 2026
Cache sync 61 at Tue May 19 19:01:07 UTC 2026
Cache sync 62 at Tue May 19 19:01:07 UTC 2026
Cache sync 63 at Tue May 19 19:01:07 UTC 2026
Cache sync 64 at Tue May 19 19:01:07 UTC 2026
Cache sync 65 at Tue May 19 19:01:07 UTC 2026
Cache sync 66 at Tue May 19 19:01:07 UTC 2026
Cache sync 67 at Tue May 19 19:01:07 UTC 2026
Cache sync 68 at Tue May 19 19:01:07 UTC 2026
Cache sync 69 at Tue May 19 19:01:07 UTC 2026
Cache sync 70 at Tue May 19 19:01:07 UTC 2026
Cache sync 71 at Tue May 19 19:01:07 UTC 2026
Cache sync 72 at Tue May 19 19:01:07 UTC 2026
Cache sync 73 at Tue May 19 19:01:07 UTC 2026
Cache sync 74 at Tue May 19 19:01:07 UTC 2026
Cache sync 75 at Tue May 19 19:01:07 UTC 2026
Cache sync 76 at Tue May 19 19:01:07 UTC 2026
Cache sync 77 at Tue May 19 19:01:07 UTC 2026
Cache sync 78 at Tue May 19 19:01:07 UTC 2026
Cache sync 1 at Wed May 20 19:25:36 UTC 2026
Cache sync 2 at Wed May 20 19:25:36 UTC 2026
Cache sync 3 at Wed May 20 19:25:36 UTC 2026
Cache sync 4 at Wed May 20 19:25:36 UTC 2026
Cache sync 5 at Wed May 20 19:25:36 UTC 2026
Cache sync 6 at Wed May 20 19:25:36 UTC 2026
Cache sync 7 at Wed May 20 19:25:36 UTC 2026
Cache sync 8 at Wed May 20 19:25:36 UTC 2026
Cache sync 9 at Wed May 20 19:25:36 UTC 2026
Cache sync 10 at Wed May 20 19:25:36 UTC 2026
Cache sync 11 at Wed May 20 19:25:36 UTC 2026
Cache sync 12 at Wed May 20 19:25:36 UTC 2026
Cache sync 13 at Wed May 20 19:25:36 UTC 2026
Cache sync 14 at Wed May 20 19:25:36 UTC 2026
Cache sync 15 at Wed May 20 19:25:36 UTC 2026
Cache sync 16 at Wed May 20 19:25:36 UTC 2026
Cache sync 17 at Wed May 20 19:25:36 UTC 2026
Cache sync 18 at Wed May 20 19:25:36 UTC 2026
Cache sync 19 at Wed May 20 19:25:36 UTC 2026
Cache sync 20 at Wed May 20 19:25:36 UTC 2026
Cache sync 21 at Wed May 20 19:25:36 UTC 2026
Cache sync 22 at Wed May 20 19:25:36 UTC 2026
Cache sync 23 at Wed May 20 19:25:36 UTC 2026
Cache sync 24 at Wed May 20 19:25:36 UTC 2026
Cache sync 25 at Wed May 20 19:25:36 UTC 2026
Cache sync 26 at Wed May 20 19:25:36 UTC 2026
Cache sync 27 at Wed May 20 19:25:36 UTC 2026
Cache sync 28 at Wed May 20 19:25:36 UTC 2026
Cache sync 1 at Thu May 21 19:01:18 UTC 2026
Cache sync 2 at Thu May 21 19:01:18 UTC 2026
Cache sync 3 at Thu May 21 19:01:18 UTC 2026
Cache sync 4 at Thu May 21 19:01:18 UTC 2026
Cache sync 5 at Thu May 21 19:01:18 UTC 2026
Cache sync 6 at Thu May 21 19:01:18 UTC 2026
Cache sync 7 at Thu May 21 19:01:18 UTC 2026
Cache sync 8 at Thu May 21 19:01:18 UTC 2026
Cache sync 9 at Thu May 21 19:01:18 UTC 2026
Cache sync 10 at Thu May 21 19:01:18 UTC 2026
Cache sync 11 at Thu May 21 19:01:18 UTC 2026
Cache sync 12 at Thu May 21 19:01:18 UTC 2026
Cache sync 13 at Thu May 21 19:01:18 UTC 2026
Cache sync 14 at Thu May 21 19:01:18 UTC 2026
Cache sync 15 at Thu May 21 19:01:18 UTC 2026
Cache sync 16 at Thu May 21 19:01:18 UTC 2026
Cache sync 17 at Thu May 21 19:01:18 UTC 2026
Cache sync 18 at Thu May 21 19:01:18 UTC 2026
Cache sync 19 at Thu May 21 19:01:18 UTC 2026
Cache sync 20 at Thu May 21 19:01:18 UTC 2026
Cache sync 21 at Thu May 21 19:01:18 UTC 2026
Cache sync 22 at Thu May 21 19:01:18 UTC 2026
Cache sync 23 at Thu May 21 19:01:18 UTC 2026
Cache sync 24 at Thu May 21 19:01:18 UTC 2026
Cache sync 25 at Thu May 21 19:01:18 UTC 2026
Cache sync 26 at Thu May 21 19:01:18 UTC 2026
Cache sync 27 at Thu May 21 19:01:18 UTC 2026
Cache sync 28 at Thu May 21 19:01:18 UTC 2026
Cache sync 1 at Fri May 22 18:55:11 UTC 2026
Cache sync 2 at Fri May 22 18:55:11 UTC 2026
Cache sync 3 at Fri May 22 18:55:11 UTC 2026
Cache sync 4 at Fri May 22 18:55:11 UTC 2026
Cache sync 5 at Fri May 22 18:55:11 UTC 2026
Cache sync 6 at Fri May 22 18:55:11 UTC 2026
Cache sync 7 at Fri May 22 18:55:11 UTC 2026
Cache sync 8 at Fri May 22 18:55:11 UTC 2026
Cache sync 1 at Sun May 24 17:58:19 UTC 2026
Cache sync 2 at Sun May 24 17:58:19 UTC 2026
Cache sync 3 at Sun May 24 17:58:19 UTC 2026
Cache sync 4 at Sun May 24 17:58:19 UTC 2026
Cache sync 5 at Sun May 24 17:58:19 UTC 2026
Cache sync 6 at Sun May 24 17:58:19 UTC 2026
Cache sync 7 at Sun May 24 17:58:19 UTC 2026
Cache sync 8 at Sun May 24 17:58:19 UTC 2026
Cache sync 9 at Sun May 24 17:58:20 UTC 2026
Cache sync 10 at Sun May 24 17:58:20 UTC 2026
Cache sync 11 at Sun May 24 17:58:20 UTC 2026
Cache sync 12 at Sun May 24 17:58:20 UTC 2026
Cache sync 13 at Sun May 24 17:58:20 UTC 2026
Cache sync 14 at Sun May 24 17:58:20 UTC 2026
Cache sync 15 at Sun May 24 17:58:20 UTC 2026
Cache sync 16 at Sun May 24 17:58:20 UTC 2026
Cache sync 17 at Sun May 24 17:58:20 UTC 2026
Cache sync 18 at Sun May 24 17:58:20 UTC 2026
Cache sync 19 at Sun May 24 17:58:20 UTC 2026
Cache sync 20 at Sun May 24 17:58:20 UTC 2026
Cache sync 21 at Sun May 24 17:58:20 UTC 2026
Cache sync 22 at Sun May 24 17:58:20 UTC 2026
Cache sync 23 at Sun May 24 17:58:20 UTC 2026
Cache sync 24 at Sun May 24 17:58:20 UTC 2026
Cache sync 25 at Sun May 24 17:58:20 UTC 2026
Cache sync 26 at Sun May 24 17:58:20 UTC 2026
Cache sync 27 at Sun May 24 17:58:20 UTC 2026
Cache sync 28 at Sun May 24 17:58:20 UTC 2026
Cache sync 29 at Sun May 24 17:58:20 UTC 2026
Cache sync 30 at Sun May 24 17:58:20 UTC 2026
Cache sync 31 at Sun May 24 17:58:20 UTC 2026
Cache sync 32 at Sun May 24 17:58:20 UTC 2026
Cache sync 33 at Sun May 24 17:58:20 UTC 2026
Cache sync 34 at Sun May 24 17:58:20 UTC 2026
Cache sync 35 at Sun May 24 17:58:20 UTC 2026
Cache sync 36 at Sun May 24 17:58:20 UTC 2026
Cache sync 37 at Sun May 24 17:58:20 UTC 2026
Cache sync 38 at Sun May 24 17:58:20 UTC 2026
Cache sync 39 at Sun May 24 17:58:20 UTC 2026
Cache sync 40 at Sun May 24 17:58:20 UTC 2026
Cache sync 41 at Sun May 24 17:58:20 UTC 2026
Cache sync 42 at Sun May 24 17:58:20 UTC 2026
Cache sync 43 at Sun May 24 17:58:20 UTC 2026
Cache sync 44 at Sun May 24 17:58:20 UTC 2026
Cache sync 45 at Sun May 24 17:58:20 UTC 2026
Cache sync 46 at Sun May 24 17:58:20 UTC 2026
Cache sync 47 at Sun May 24 17:58:20 UTC 2026
Cache sync 48 at Sun May 24 17:58:20 UTC 2026
Cache sync 49 at Sun May 24 17:58:20 UTC 2026
Cache sync 50 at Sun May 24 17:58:20 UTC 2026
Cache sync 51 at Sun May 24 17:58:20 UTC 2026
Cache sync 52 at Sun May 24 17:58:20 UTC 2026
Cache sync 53 at Sun May 24 17:58:20 UTC 2026
Cache sync 54 at Sun May 24 17:58:20 UTC 2026
Cache sync 55 at Sun May 24 17:58:20 UTC 2026
Cache sync 56 at Sun May 24 17:58:20 UTC 2026
Cache sync 57 at Sun May 24 17:58:20 UTC 2026
Cache sync 58 at Sun May 24 17:58:20 UTC 2026
Cache sync 59 at Sun May 24 17:58:20 UTC 2026
Cache sync 60 at Sun May 24 17:58:20 UTC 2026
Cache sync 61 at Sun May 24 17:58:20 UTC 2026
Cache sync 62 at Sun May 24 17:58:20 UTC 2026
Cache sync 63 at Sun May 24 17:58:20 UTC 2026
Cache sync 64 at Sun May 24 17:58:20 UTC 2026
Cache sync 65 at Sun May 24 17:58:20 UTC 2026
Cache sync 66 at Sun May 24 17:58:20 UTC 2026
Cache sync 67 at Sun May 24 17:58:20 UTC 2026
Cache sync 68 at Sun May 24 17:58:20 UTC 2026
Cache sync 69 at Sun May 24 17:58:20 UTC 2026
Cache sync 1 at Tue May 26 19:21:06 UTC 2026
Cache sync 2 at Tue May 26 19:21:06 UTC 2026
Cache sync 3 at Tue May 26 19:21:06 UTC 2026
Cache sync 4 at Tue May 26 19:21:06 UTC 2026
Cache sync 5 at Tue May 26 19:21:06 UTC 2026
Cache sync 6 at Tue May 26 19:21:06 UTC 2026
Cache sync 7 at Tue May 26 19:21:06 UTC 2026
Cache sync 8 at Tue May 26 19:21:06 UTC 2026
Cache sync 9 at Tue May 26 19:21:06 UTC 2026
Cache sync 10 at Tue May 26 19:21:06 UTC 2026
Cache sync 11 at Tue May 26 19:21:06 UTC 2026
Cache sync 12 at Tue May 26 19:21:06 UTC 2026
Cache sync 13 at Tue May 26 19:21:06 UTC 2026
Cache sync 14 at Tue May 26 19:21:06 UTC 2026
Cache sync 15 at Tue May 26 19:21:06 UTC 2026
Cache sync 16 at Tue May 26 19:21:06 UTC 2026
Cache sync 17 at Tue May 26 19:21:06 UTC 2026
Cache sync 18 at Tue May 26 19:21:06 UTC 2026
Cache sync 19 at Tue May 26 19:21:06 UTC 2026
Cache sync 20 at Tue May 26 19:21:06 UTC 2026
Cache sync 21 at Tue May 26 19:21:06 UTC 2026
Cache sync 22 at Tue May 26 19:21:06 UTC 2026
Cache sync 23 at Tue May 26 19:21:06 UTC 2026
Cache sync 24 at Tue May 26 19:21:06 UTC 2026
Cache sync 25 at Tue May 26 19:21:06 UTC 2026
Cache sync 26 at Tue May 26 19:21:06 UTC 2026
Cache sync 27 at Tue May 26 19:21:06 UTC 2026
Cache sync 28 at Tue May 26 19:21:06 UTC 2026
Cache sync 29 at Tue May 26 19:21:06 UTC 2026
Cache sync 30 at Tue May 26 19:21:06 UTC 2026
Cache sync 31 at Tue May 26 19:21:06 UTC 2026
Cache sync 32 at Tue May 26 19:21:06 UTC 2026
Cache sync 33 at Tue May 26 19:21:06 UTC 2026
Cache sync 34 at Tue May 26 19:21:06 UTC 2026
Cache sync 35 at Tue May 26 19:21:06 UTC 2026
Cache sync 36 at Tue May 26 19:21:06 UTC 2026
Cache sync 37 at Tue May 26 19:21:06 UTC 2026
Cache sync 38 at Tue May 26 19:21:06 UTC 2026
Cache sync 39 at Tue May 26 19:21:06 UTC 2026
Cache sync 40 at Tue May 26 19:21:06 UTC 2026
Cache sync 41 at Tue May 26 19:21:06 UTC 2026
Cache sync 42 at Tue May 26 19:21:06 UTC 2026
Cache sync 43 at Tue May 26 19:21:06 UTC 2026
Cache sync 44 at Tue May 26 19:21:06 UTC 2026
Cache sync 45 at Tue May 26 19:21:06 UTC 2026
Cache sync 46 at Tue May 26 19:21:06 UTC 2026
Cache sync 47 at Tue May 26 19:21:06 UTC 2026
Cache sync 48 at Tue May 26 19:21:06 UTC 2026
Cache sync 49 at Tue May 26 19:21:07 UTC 2026
Cache sync 50 at Tue May 26 19:21:07 UTC 2026
Cache sync 51 at Tue May 26 19:21:07 UTC 2026
Cache sync 52 at Tue May 26 19:21:07 UTC 2026
Cache sync 53 at Tue May 26 19:21:07 UTC 2026
Cache sync 54 at Tue May 26 19:21:07 UTC 2026
Cache sync 55 at Tue May 26 19:21:07 UTC 2026
Cache sync 56 at Tue May 26 19:21:07 UTC 2026
Cache sync 57 at Tue May 26 19:21:07 UTC 2026
Cache sync 58 at Tue May 26 19:21:07 UTC 2026
Cache sync 59 at Tue May 26 19:21:07 UTC 2026
Cache sync 60 at Tue May 26 19:21:07 UTC 2026
Cache sync 61 at Tue May 26 19:21:07 UTC 2026
Cache sync 62 at Tue May 26 19:21:07 UTC 2026
Cache sync 63 at Tue May 26 19:21:07 UTC 2026
Cache sync 64 at Tue May 26 19:21:07 UTC 2026
Cache sync 65 at Tue May 26 19:21:07 UTC 2026
Cache sync 66 at Tue May 26 19:21:07 UTC 2026
Cache sync 67 at Tue May 26 19:21:07 UTC 2026
Cache sync 68 at Tue May 26 19:21:07 UTC 2026
Cache sync 69 at Tue May 26 19:21:07 UTC 2026
Cache sync 70 at Tue May 26 19:21:07 UTC 2026
Cache sync 71 at Tue May 26 19:21:07 UTC 2026
Cache sync 72 at Tue May 26 19:21:07 UTC 2026
Cache sync 73 at Tue May 26 19:21:07 UTC 2026
Cache sync 74 at Tue May 26 19:21:07 UTC 2026
Cache sync 75 at Tue May 26 19:21:07 UTC 2026
Cache sync 76 at Tue May 26 19:21:07 UTC 2026
Cache sync 77 at Tue May 26 19:21:07 UTC 2026
Cache sync 78 at Tue May 26 19:21:07 UTC 2026
Cache sync 79 at Tue May 26 19:21:07 UTC 2026
Cache sync 80 at Tue May 26 19:21:07 UTC 2026
Cache sync 81 at Tue May 26 19:21:07 UTC 2026
Cache sync 1 at Wed May 27 19:25:27 UTC 2026
Cache sync 2 at Wed May 27 19:25:27 UTC 2026
Cache sync 3 at Wed May 27 19:25:27 UTC 2026
Cache sync 4 at Wed May 27 19:25:27 UTC 2026
Cache sync 5 at Wed May 27 19:25:27 UTC 2026
Cache sync 6 at Wed May 27 19:25:27 UTC 2026
Cache sync 7 at Wed May 27 19:25:27 UTC 2026
Cache sync 8 at Wed May 27 19:25:27 UTC 2026
Cache sync 9 at Wed May 27 19:25:27 UTC 2026
Cache sync 10 at Wed May 27 19:25:27 UTC 2026
Cache sync 11 at Wed May 27 19:25:27 UTC 2026
Cache sync 12 at Wed May 27 19:25:27 UTC 2026
Cache sync 13 at Wed May 27 19:25:27 UTC 2026
Cache sync 14 at Wed May 27 19:25:27 UTC 2026
Cache sync 15 at Wed May 27 19:25:27 UTC 2026
Cache sync 16 at Wed May 27 19:25:27 UTC 2026
Cache sync 17 at Wed May 27 19:25:27 UTC 2026
Cache sync 18 at Wed May 27 19:25:27 UTC 2026
Cache sync 19 at Wed May 27 19:25:27 UTC 2026
Cache sync 20 at Wed May 27 19:25:27 UTC 2026
Cache sync 21 at Wed May 27 19:25:27 UTC 2026
Cache sync 22 at Wed May 27 19:25:27 UTC 2026
Cache sync 23 at Wed May 27 19:25:27 UTC 2026
Cache sync 24 at Wed May 27 19:25:27 UTC 2026
Cache sync 25 at Wed May 27 19:25:27 UTC 2026
Cache sync 26 at Wed May 27 19:25:27 UTC 2026
Cache sync 27 at Wed May 27 19:25:27 UTC 2026
Cache sync 28 at Wed May 27 19:25:27 UTC 2026
Cache sync 29 at Wed May 27 19:25:27 UTC 2026
Cache sync 30 at Wed May 27 19:25:27 UTC 2026
Cache sync 31 at Wed May 27 19:25:27 UTC 2026
Cache sync 32 at Wed May 27 19:25:27 UTC 2026
Cache sync 33 at Wed May 27 19:25:27 UTC 2026
Cache sync 34 at Wed May 27 19:25:27 UTC 2026
Cache sync 35 at Wed May 27 19:25:27 UTC 2026
Cache sync 36 at Wed May 27 19:25:27 UTC 2026
Cache sync 37 at Wed May 27 19:25:27 UTC 2026
Cache sync 38 at Wed May 27 19:25:28 UTC 2026
Cache sync 39 at Wed May 27 19:25:28 UTC 2026
Cache sync 40 at Wed May 27 19:25:28 UTC 2026
Cache sync 41 at Wed May 27 19:25:28 UTC 2026
Cache sync 42 at Wed May 27 19:25:28 UTC 2026
Cache sync 43 at Wed May 27 19:25:28 UTC 2026
Cache sync 44 at Wed May 27 19:25:28 UTC 2026
Cache sync 45 at Wed May 27 19:25:28 UTC 2026
Cache sync 46 at Wed May 27 19:25:28 UTC 2026
Cache sync 47 at Wed May 27 19:25:28 UTC 2026
Cache sync 48 at Wed May 27 19:25:28 UTC 2026
Cache sync 49 at Wed May 27 19:25:28 UTC 2026
Cache sync 50 at Wed May 27 19:25:28 UTC 2026
Cache sync 51 at Wed May 27 19:25:28 UTC 2026
Cache sync 52 at Wed May 27 19:25:28 UTC 2026
Cache sync 53 at Wed May 27 19:25:28 UTC 2026
Cache sync 54 at Wed May 27 19:25:28 UTC 2026
Cache sync 55 at Wed May 27 19:25:28 UTC 2026
Cache sync 56 at Wed May 27 19:25:28 UTC 2026
Cache sync 57 at Wed May 27 19:25:28 UTC 2026
Cache sync 58 at Wed May 27 19:25:28 UTC 2026
Cache sync 59 at Wed May 27 19:25:28 UTC 2026
Cache sync 60 at Wed May 27 19:25:28 UTC 2026
Cache sync 61 at Wed May 27 19:25:28 UTC 2026
Cache sync 62 at Wed May 27 19:25:28 UTC 2026
Cache sync 63 at Wed May 27 19:25:28 UTC 2026
Cache sync 64 at Wed May 27 19:25:28 UTC 2026
Cache sync 65 at Wed May 27 19:25:28 UTC 2026
Cache sync 66 at Wed May 27 19:25:28 UTC 2026
Cache sync 67 at Wed May 27 19:25:28 UTC 2026
Cache sync 68 at Wed May 27 19:25:28 UTC 2026
Cache sync 69 at Wed May 27 19:25:28 UTC 2026
Cache sync 70 at Wed May 27 19:25:28 UTC 2026
Cache sync 71 at Wed May 27 19:25:28 UTC 2026
Cache sync 72 at Wed May 27 19:25:28 UTC 2026
Cache sync 73 at Wed May 27 19:25:28 UTC 2026
Cache sync 74 at Wed May 27 19:25:28 UTC 2026
Cache sync 75 at Wed May 27 19:25:28 UTC 2026
Cache sync 76 at Wed May 27 19:25:28 UTC 2026
Cache sync 77 at Wed May 27 19:25:28 UTC 2026
Cache sync 78 at Wed May 27 19:25:28 UTC 2026
Cache sync 79 at Wed May 27 19:25:28 UTC 2026
Cache sync 80 at Wed May 27 19:25:28 UTC 2026
Cache sync 1 at Thu May 28 19:34:41 UTC 2026
Cache sync 2 at Thu May 28 19:34:41 UTC 2026
Cache sync 3 at Thu May 28 19:34:41 UTC 2026
Cache sync 4 at Thu May 28 19:34:41 UTC 2026
Cache sync 5 at Thu May 28 19:34:41 UTC 2026
Cache sync 6 at Thu May 28 19:34:41 UTC 2026
Cache sync 7 at Thu May 28 19:34:41 UTC 2026
Cache sync 8 at Thu May 28 19:34:41 UTC 2026
Cache sync 9 at Thu May 28 19:34:41 UTC 2026
Cache sync 10 at Thu May 28 19:34:41 UTC 2026
Cache sync 11 at Thu May 28 19:34:41 UTC 2026
Cache sync 12 at Thu May 28 19:34:41 UTC 2026
Cache sync 13 at Thu May 28 19:34:41 UTC 2026
Cache sync 14 at Thu May 28 19:34:41 UTC 2026
Cache sync 15 at Thu May 28 19:34:41 UTC 2026
Cache sync 16 at Thu May 28 19:34:41 UTC 2026
Cache sync 17 at Thu May 28 19:34:41 UTC 2026
Cache sync 18 at Thu May 28 19:34:41 UTC 2026
Cache sync 19 at Thu May 28 19:34:41 UTC 2026
Cache sync 20 at Thu May 28 19:34:41 UTC 2026
Cache sync 21 at Thu May 28 19:34:41 UTC 2026
Cache sync 22 at Thu May 28 19:34:41 UTC 2026
Cache sync 23 at Thu May 28 19:34:41 UTC 2026
Cache sync 24 at Thu May 28 19:34:41 UTC 2026
Cache sync 25 at Thu May 28 19:34:41 UTC 2026
Cache sync 26 at Thu May 28 19:34:41 UTC 2026
Cache sync 27 at Thu May 28 19:34:41 UTC 2026
Cache sync 28 at Thu May 28 19:34:41 UTC 2026
Cache sync 29 at Thu May 28 19:34:41 UTC 2026
Cache sync 30 at Thu May 28 19:34:41 UTC 2026
Cache sync 31 at Thu May 28 19:34:41 UTC 2026
Cache sync 32 at Thu May 28 19:34:41 UTC 2026
Cache sync 33 at Thu May 28 19:34:41 UTC 2026
Cache sync 34 at Thu May 28 19:34:41 UTC 2026
Cache sync 35 at Thu May 28 19:34:41 UTC 2026
Cache sync 36 at Thu May 28 19:34:41 UTC 2026
Cache sync 37 at Thu May 28 19:34:41 UTC 2026
Cache sync 38 at Thu May 28 19:34:41 UTC 2026
Cache sync 39 at Thu May 28 19:34:41 UTC 2026
Cache sync 40 at Thu May 28 19:34:41 UTC 2026
Cache sync 41 at Thu May 28 19:34:41 UTC 2026
Cache sync 42 at Thu May 28 19:34:41 UTC 2026
Cache sync 43 at Thu May 28 19:34:41 UTC 2026
Cache sync 44 at Thu May 28 19:34:41 UTC 2026
Cache sync 45 at Thu May 28 19:34:41 UTC 2026
Cache sync 46 at Thu May 28 19:34:41 UTC 2026
Cache sync 47 at Thu May 28 19:34:41 UTC 2026
Cache sync 48 at Thu May 28 19:34:41 UTC 2026
Cache sync 49 at Thu May 28 19:34:41 UTC 2026
Cache sync 50 at Thu May 28 19:34:41 UTC 2026
Cache sync 51 at Thu May 28 19:34:41 UTC 2026
Cache sync 52 at Thu May 28 19:34:41 UTC 2026
Cache sync 53 at Thu May 28 19:34:41 UTC 2026
Cache sync 54 at Thu May 28 19:34:41 UTC 2026
Cache sync 55 at Thu May 28 19:34:41 UTC 2026
Cache sync 56 at Thu May 28 19:34:41 UTC 2026
Cache sync 57 at Thu May 28 19:34:41 UTC 2026
Cache sync 58 at Thu May 28 19:34:41 UTC 2026
Cache sync 59 at Thu May 28 19:34:41 UTC 2026
Cache sync 60 at Thu May 28 19:34:41 UTC 2026
Cache sync 61 at Thu May 28 19:34:41 UTC 2026
Cache sync 62 at Thu May 28 19:34:41 UTC 2026
Cache sync 63 at Thu May 28 19:34:41 UTC 2026
Cache sync 64 at Thu May 28 19:34:41 UTC 2026
Cache sync 65 at Thu May 28 19:34:41 UTC 2026
Cache sync 66 at Thu May 28 19:34:41 UTC 2026
Cache sync 67 at Thu May 28 19:34:41 UTC 2026
Cache sync 68 at Thu May 28 19:34:41 UTC 2026
Cache sync 69 at Thu May 28 19:34:42 UTC 2026
Cache sync 70 at Thu May 28 19:34:42 UTC 2026
Cache sync 71 at Thu May 28 19:34:42 UTC 2026
Cache sync 1 at Fri May 29 19:31:19 UTC 2026
Cache sync 2 at Fri May 29 19:31:19 UTC 2026
Cache sync 3 at Fri May 29 19:31:19 UTC 2026
Cache sync 4 at Fri May 29 19:31:19 UTC 2026
Cache sync 5 at Fri May 29 19:31:19 UTC 2026
Cache sync 6 at Fri May 29 19:31:19 UTC 2026
Cache sync 7 at Fri May 29 19:31:19 UTC 2026
Cache sync 8 at Fri May 29 19:31:19 UTC 2026
Cache sync 9 at Fri May 29 19:31:19 UTC 2026
Cache sync 10 at Fri May 29 19:31:19 UTC 2026
Cache sync 11 at Fri May 29 19:31:19 UTC 2026
Cache sync 12 at Fri May 29 19:31:19 UTC 2026
Cache sync 13 at Fri May 29 19:31:19 UTC 2026
Cache sync 14 at Fri May 29 19:31:19 UTC 2026
Cache sync 15 at Fri May 29 19:31:19 UTC 2026
Cache sync 16 at Fri May 29 19:31:19 UTC 2026
Cache sync 17 at Fri May 29 19:31:19 UTC 2026
Cache sync 18 at Fri May 29 19:31:19 UTC 2026
Cache sync 19 at Fri May 29 19:31:19 UTC 2026
Cache sync 20 at Fri May 29 19:31:19 UTC 2026
Cache sync 21 at Fri May 29 19:31:19 UTC 2026
Cache sync 22 at Fri May 29 19:31:19 UTC 2026
Cache sync 23 at Fri May 29 19:31:19 UTC 2026
Cache sync 24 at Fri May 29 19:31:19 UTC 2026
Cache sync 25 at Fri May 29 19:31:19 UTC 2026
Cache sync 26 at Fri May 29 19:31:19 UTC 2026
Cache sync 27 at Fri May 29 19:31:19 UTC 2026
Cache sync 28 at Fri May 29 19:31:19 UTC 2026
Cache sync 29 at Fri May 29 19:31:19 UTC 2026
Cache sync 30 at Fri May 29 19:31:19 UTC 2026
Cache sync 31 at Fri May 29 19:31:19 UTC 2026
Cache sync 32 at Fri May 29 19:31:19 UTC 2026
Cache sync 33 at Fri May 29 19:31:19 UTC 2026
Cache sync 34 at Fri May 29 19:31:19 UTC 2026
Cache sync 35 at Fri May 29 19:31:19 UTC 2026
Cache sync 36 at Fri May 29 19:31:19 UTC 2026
Cache sync 37 at Fri May 29 19:31:19 UTC 2026
Cache sync 38 at Fri May 29 19:31:19 UTC 2026
Cache sync 39 at Fri May 29 19:31:19 UTC 2026
Cache sync 40 at Fri May 29 19:31:19 UTC 2026
Cache sync 41 at Fri May 29 19:31:19 UTC 2026
Cache sync 42 at Fri May 29 19:31:19 UTC 2026
Cache sync 43 at Fri May 29 19:31:19 UTC 2026
Cache sync 44 at Fri May 29 19:31:19 UTC 2026
Cache sync 45 at Fri May 29 19:31:19 UTC 2026
Cache sync 46 at Fri May 29 19:31:19 UTC 2026
Cache sync 47 at Fri May 29 19:31:19 UTC 2026
Cache sync 48 at Fri May 29 19:31:19 UTC 2026
Cache sync 49 at Fri May 29 19:31:19 UTC 2026
Cache sync 50 at Fri May 29 19:31:19 UTC 2026
Cache sync 51 at Fri May 29 19:31:19 UTC 2026
Cache sync 52 at Fri May 29 19:31:19 UTC 2026
Cache sync 53 at Fri May 29 19:31:19 UTC 2026
Cache sync 54 at Fri May 29 19:31:19 UTC 2026
Cache sync 55 at Fri May 29 19:31:19 UTC 2026
Cache sync 56 at Fri May 29 19:31:19 UTC 2026
Cache sync 57 at Fri May 29 19:31:19 UTC 2026
Cache sync 58 at Fri May 29 19:31:19 UTC 2026
Cache sync 59 at Fri May 29 19:31:19 UTC 2026
Cache sync 60 at Fri May 29 19:31:19 UTC 2026
Cache sync 61 at Fri May 29 19:31:19 UTC 2026
Cache sync 1 at Sun May 31 18:03:03 UTC 2026
Cache sync 2 at Sun May 31 18:03:03 UTC 2026
Cache sync 3 at Sun May 31 18:03:03 UTC 2026
Cache sync 4 at Sun May 31 18:03:03 UTC 2026
Cache sync 5 at Sun May 31 18:03:03 UTC 2026
Cache sync 6 at Sun May 31 18:03:03 UTC 2026
Cache sync 7 at Sun May 31 18:03:03 UTC 2026
Cache sync 8 at Sun May 31 18:03:03 UTC 2026
Cache sync 9 at Sun May 31 18:03:03 UTC 2026
Cache sync 10 at Sun May 31 18:03:03 UTC 2026
Cache sync 11 at Sun May 31 18:03:03 UTC 2026
Cache sync 12 at Sun May 31 18:03:03 UTC 2026
Cache sync 13 at Sun May 31 18:03:03 UTC 2026
Cache sync 14 at Sun May 31 18:03:03 UTC 2026
Cache sync 15 at Sun May 31 18:03:03 UTC 2026
Cache sync 16 at Sun May 31 18:03:03 UTC 2026
Cache sync 17 at Sun May 31 18:03:03 UTC 2026
Cache sync 18 at Sun May 31 18:03:03 UTC 2026
Cache sync 19 at Sun May 31 18:03:03 UTC 2026
Cache sync 20 at Sun May 31 18:03:03 UTC 2026
Cache sync 21 at Sun May 31 18:03:03 UTC 2026
Cache sync 22 at Sun May 31 18:03:03 UTC 2026
Cache sync 23 at Sun May 31 18:03:03 UTC 2026
Cache sync 24 at Sun May 31 18:03:03 UTC 2026
Cache sync 25 at Sun May 31 18:03:03 UTC 2026
Cache sync 26 at Sun May 31 18:03:03 UTC 2026
Cache sync 27 at Sun May 31 18:03:03 UTC 2026
Cache sync 28 at Sun May 31 18:03:03 UTC 2026
Cache sync 29 at Sun May 31 18:03:03 UTC 2026
Cache sync 30 at Sun May 31 18:03:03 UTC 2026
Cache sync 31 at Sun May 31 18:03:03 UTC 2026
Cache sync 32 at Sun May 31 18:03:03 UTC 2026
Cache sync 33 at Sun May 31 18:03:03 UTC 2026
Cache sync 34 at Sun May 31 18:03:03 UTC 2026
Cache sync 35 at Sun May 31 18:03:03 UTC 2026
Cache sync 1 at Mon Jun  1 20:55:38 UTC 2026
Cache sync 2 at Mon Jun  1 20:55:38 UTC 2026
Cache sync 3 at Mon Jun  1 20:55:39 UTC 2026
Cache sync 4 at Mon Jun  1 20:55:39 UTC 2026
Cache sync 5 at Mon Jun  1 20:55:39 UTC 2026
Cache sync 6 at Mon Jun  1 20:55:39 UTC 2026
Cache sync 7 at Mon Jun  1 20:55:39 UTC 2026
Cache sync 8 at Mon Jun  1 20:55:39 UTC 2026
Cache sync 9 at Mon Jun  1 20:55:39 UTC 2026
Cache sync 10 at Mon Jun  1 20:55:39 UTC 2026
Cache sync 11 at Mon Jun  1 20:55:39 UTC 2026
Cache sync 12 at Mon Jun  1 20:55:39 UTC 2026
Cache sync 13 at Mon Jun  1 20:55:39 UTC 2026
Cache sync 14 at Mon Jun  1 20:55:39 UTC 2026
Cache sync 15 at Mon Jun  1 20:55:39 UTC 2026
Cache sync 16 at Mon Jun  1 20:55:39 UTC 2026
Cache sync 17 at Mon Jun  1 20:55:39 UTC 2026
Cache sync 18 at Mon Jun  1 20:55:39 UTC 2026
Cache sync 19 at Mon Jun  1 20:55:39 UTC 2026
Cache sync 20 at Mon Jun  1 20:55:39 UTC 2026
Cache sync 21 at Mon Jun  1 20:55:39 UTC 2026
Cache sync 22 at Mon Jun  1 20:55:39 UTC 2026
Cache sync 23 at Mon Jun  1 20:55:39 UTC 2026
Cache sync 24 at Mon Jun  1 20:55:39 UTC 2026
Cache sync 25 at Mon Jun  1 20:55:39 UTC 2026
Cache sync 26 at Mon Jun  1 20:55:39 UTC 2026
Cache sync 27 at Mon Jun  1 20:55:39 UTC 2026
Cache sync 28 at Mon Jun  1 20:55:39 UTC 2026
Cache sync 29 at Mon Jun  1 20:55:39 UTC 2026
Cache sync 30 at Mon Jun  1 20:55:39 UTC 2026
Cache sync 31 at Mon Jun  1 20:55:39 UTC 2026
Cache sync 32 at Mon Jun  1 20:55:39 UTC 2026
Cache sync 33 at Mon Jun  1 20:55:39 UTC 2026
Cache sync 34 at Mon Jun  1 20:55:39 UTC 2026
Cache sync 35 at Mon Jun  1 20:55:39 UTC 2026
Cache sync 36 at Mon Jun  1 20:55:39 UTC 2026
Cache sync 37 at Mon Jun  1 20:55:39 UTC 2026
Cache sync 38 at Mon Jun  1 20:55:39 UTC 2026
Cache sync 39 at Mon Jun  1 20:55:39 UTC 2026
Cache sync 40 at Mon Jun  1 20:55:39 UTC 2026
Cache sync 41 at Mon Jun  1 20:55:39 UTC 2026
Cache sync 42 at Mon Jun  1 20:55:39 UTC 2026
Cache sync 43 at Mon Jun  1 20:55:39 UTC 2026
Cache sync 44 at Mon Jun  1 20:55:39 UTC 2026
Cache sync 45 at Mon Jun  1 20:55:39 UTC 2026
Cache sync 46 at Mon Jun  1 20:55:39 UTC 2026
Cache sync 47 at Mon Jun  1 20:55:39 UTC 2026
Cache sync 48 at Mon Jun  1 20:55:39 UTC 2026
Cache sync 49 at Mon Jun  1 20:55:39 UTC 2026
Cache sync 50 at Mon Jun  1 20:55:39 UTC 2026
Cache sync 51 at Mon Jun  1 20:55:39 UTC 2026
Cache sync 52 at Mon Jun  1 20:55:39 UTC 2026
Cache sync 53 at Mon Jun  1 20:55:39 UTC 2026
Cache sync 54 at Mon Jun  1 20:55:39 UTC 2026
Cache sync 55 at Mon Jun  1 20:55:39 UTC 2026
Cache sync 56 at Mon Jun  1 20:55:39 UTC 2026
Cache sync 57 at Mon Jun  1 20:55:39 UTC 2026
Cache sync 58 at Mon Jun  1 20:55:39 UTC 2026
Cache sync 59 at Mon Jun  1 20:55:39 UTC 2026
Cache sync 60 at Mon Jun  1 20:55:39 UTC 2026
Cache sync 61 at Mon Jun  1 20:55:39 UTC 2026
Cache sync 62 at Mon Jun  1 20:55:39 UTC 2026
Cache sync 63 at Mon Jun  1 20:55:39 UTC 2026
Cache sync 64 at Mon Jun  1 20:55:39 UTC 2026
Cache sync 65 at Mon Jun  1 20:55:39 UTC 2026
Cache sync 66 at Mon Jun  1 20:55:39 UTC 2026
Cache sync 67 at Mon Jun  1 20:55:39 UTC 2026
Cache sync 68 at Mon Jun  1 20:55:39 UTC 2026
Cache sync 69 at Mon Jun  1 20:55:39 UTC 2026
Cache sync 70 at Mon Jun  1 20:55:39 UTC 2026
Cache sync 71 at Mon Jun  1 20:55:39 UTC 2026
Cache sync 72 at Mon Jun  1 20:55:39 UTC 2026
Cache sync 73 at Mon Jun  1 20:55:39 UTC 2026
Cache sync 74 at Mon Jun  1 20:55:39 UTC 2026
Cache sync 75 at Mon Jun  1 20:55:39 UTC 2026
Cache sync 76 at Mon Jun  1 20:55:39 UTC 2026
Cache sync 77 at Mon Jun  1 20:55:39 UTC 2026
Cache sync 78 at Mon Jun  1 20:55:39 UTC 2026
Cache sync 79 at Mon Jun  1 20:55:39 UTC 2026
Cache sync 80 at Mon Jun  1 20:55:39 UTC 2026
Cache sync 81 at Mon Jun  1 20:55:39 UTC 2026
Cache sync 82 at Mon Jun  1 20:55:39 UTC 2026
Cache sync 1 at Tue Jun  2 20:06:42 UTC 2026
Cache sync 2 at Tue Jun  2 20:06:42 UTC 2026
Cache sync 3 at Tue Jun  2 20:06:42 UTC 2026
Cache sync 4 at Tue Jun  2 20:06:42 UTC 2026
Cache sync 5 at Tue Jun  2 20:06:42 UTC 2026
Cache sync 6 at Tue Jun  2 20:06:42 UTC 2026
Cache sync 7 at Tue Jun  2 20:06:42 UTC 2026
Cache sync 8 at Tue Jun  2 20:06:42 UTC 2026
Cache sync 9 at Tue Jun  2 20:06:42 UTC 2026
Cache sync 10 at Tue Jun  2 20:06:42 UTC 2026
Cache sync 11 at Tue Jun  2 20:06:42 UTC 2026
Cache sync 12 at Tue Jun  2 20:06:42 UTC 2026
Cache sync 13 at Tue Jun  2 20:06:42 UTC 2026
Cache sync 14 at Tue Jun  2 20:06:42 UTC 2026
Cache sync 15 at Tue Jun  2 20:06:42 UTC 2026
Cache sync 16 at Tue Jun  2 20:06:42 UTC 2026
Cache sync 17 at Tue Jun  2 20:06:42 UTC 2026
Cache sync 18 at Tue Jun  2 20:06:42 UTC 2026
Cache sync 19 at Tue Jun  2 20:06:42 UTC 2026
Cache sync 20 at Tue Jun  2 20:06:42 UTC 2026
Cache sync 21 at Tue Jun  2 20:06:42 UTC 2026
Cache sync 22 at Tue Jun  2 20:06:42 UTC 2026
Cache sync 23 at Tue Jun  2 20:06:42 UTC 2026
Cache sync 24 at Tue Jun  2 20:06:42 UTC 2026
Cache sync 1 at Wed Jun  3 20:17:59 UTC 2026
Cache sync 2 at Wed Jun  3 20:17:59 UTC 2026
Cache sync 3 at Wed Jun  3 20:17:59 UTC 2026
Cache sync 1 at Thu Jun  4 19:23:05 UTC 2026
Cache sync 2 at Thu Jun  4 19:23:05 UTC 2026
Cache sync 3 at Thu Jun  4 19:23:05 UTC 2026
Cache sync 4 at Thu Jun  4 19:23:05 UTC 2026
Cache sync 5 at Thu Jun  4 19:23:05 UTC 2026
Cache sync 6 at Thu Jun  4 19:23:05 UTC 2026
Cache sync 7 at Thu Jun  4 19:23:05 UTC 2026
Cache sync 8 at Thu Jun  4 19:23:05 UTC 2026
Cache sync 9 at Thu Jun  4 19:23:05 UTC 2026
Cache sync 10 at Thu Jun  4 19:23:05 UTC 2026
Cache sync 11 at Thu Jun  4 19:23:05 UTC 2026
Cache sync 12 at Thu Jun  4 19:23:05 UTC 2026
Cache sync 13 at Thu Jun  4 19:23:05 UTC 2026
Cache sync 14 at Thu Jun  4 19:23:05 UTC 2026
Cache sync 15 at Thu Jun  4 19:23:05 UTC 2026
Cache sync 16 at Thu Jun  4 19:23:05 UTC 2026
Cache sync 17 at Thu Jun  4 19:23:05 UTC 2026
Cache sync 18 at Thu Jun  4 19:23:05 UTC 2026
Cache sync 19 at Thu Jun  4 19:23:05 UTC 2026
Cache sync 20 at Thu Jun  4 19:23:05 UTC 2026
Cache sync 21 at Thu Jun  4 19:23:05 UTC 2026
Cache sync 22 at Thu Jun  4 19:23:05 UTC 2026
Cache sync 23 at Thu Jun  4 19:23:05 UTC 2026
Cache sync 24 at Thu Jun  4 19:23:05 UTC 2026
Cache sync 25 at Thu Jun  4 19:23:05 UTC 2026
Cache sync 26 at Thu Jun  4 19:23:05 UTC 2026
Cache sync 27 at Thu Jun  4 19:23:05 UTC 2026
Cache sync 28 at Thu Jun  4 19:23:05 UTC 2026
Cache sync 29 at Thu Jun  4 19:23:05 UTC 2026
Cache sync 30 at Thu Jun  4 19:23:05 UTC 2026
Cache sync 31 at Thu Jun  4 19:23:05 UTC 2026
Cache sync 32 at Thu Jun  4 19:23:05 UTC 2026
Cache sync 33 at Thu Jun  4 19:23:05 UTC 2026
Cache sync 34 at Thu Jun  4 19:23:05 UTC 2026
Cache sync 35 at Thu Jun  4 19:23:05 UTC 2026
Cache sync 36 at Thu Jun  4 19:23:05 UTC 2026
Cache sync 37 at Thu Jun  4 19:23:05 UTC 2026
Cache sync 38 at Thu Jun  4 19:23:05 UTC 2026
Cache sync 39 at Thu Jun  4 19:23:05 UTC 2026
Cache sync 40 at Thu Jun  4 19:23:05 UTC 2026
Cache sync 41 at Thu Jun  4 19:23:05 UTC 2026
Cache sync 42 at Thu Jun  4 19:23:05 UTC 2026
Cache sync 43 at Thu Jun  4 19:23:05 UTC 2026
Cache sync 44 at Thu Jun  4 19:23:05 UTC 2026
Cache sync 45 at Thu Jun  4 19:23:05 UTC 2026
Cache sync 46 at Thu Jun  4 19:23:05 UTC 2026
Cache sync 47 at Thu Jun  4 19:23:05 UTC 2026
Cache sync 48 at Thu Jun  4 19:23:05 UTC 2026
Cache sync 49 at Thu Jun  4 19:23:06 UTC 2026
Cache sync 50 at Thu Jun  4 19:23:06 UTC 2026
Cache sync 51 at Thu Jun  4 19:23:06 UTC 2026
Cache sync 52 at Thu Jun  4 19:23:06 UTC 2026
Cache sync 53 at Thu Jun  4 19:23:06 UTC 2026
Cache sync 54 at Thu Jun  4 19:23:06 UTC 2026
Cache sync 55 at Thu Jun  4 19:23:06 UTC 2026
Cache sync 56 at Thu Jun  4 19:23:06 UTC 2026
Cache sync 57 at Thu Jun  4 19:23:06 UTC 2026
Cache sync 1 at Fri Jun  5 18:57:28 UTC 2026
Cache sync 2 at Fri Jun  5 18:57:28 UTC 2026
Cache sync 3 at Fri Jun  5 18:57:28 UTC 2026
Cache sync 4 at Fri Jun  5 18:57:28 UTC 2026
Cache sync 5 at Fri Jun  5 18:57:28 UTC 2026
Cache sync 6 at Fri Jun  5 18:57:28 UTC 2026
Cache sync 7 at Fri Jun  5 18:57:28 UTC 2026
Cache sync 8 at Fri Jun  5 18:57:28 UTC 2026
Cache sync 9 at Fri Jun  5 18:57:28 UTC 2026
Cache sync 10 at Fri Jun  5 18:57:28 UTC 2026
Cache sync 11 at Fri Jun  5 18:57:28 UTC 2026
Cache sync 12 at Fri Jun  5 18:57:28 UTC 2026
Cache sync 13 at Fri Jun  5 18:57:28 UTC 2026
Cache sync 14 at Fri Jun  5 18:57:28 UTC 2026
Cache sync 15 at Fri Jun  5 18:57:28 UTC 2026
Cache sync 16 at Fri Jun  5 18:57:28 UTC 2026
Cache sync 17 at Fri Jun  5 18:57:28 UTC 2026
Cache sync 18 at Fri Jun  5 18:57:28 UTC 2026
Cache sync 19 at Fri Jun  5 18:57:28 UTC 2026
Cache sync 20 at Fri Jun  5 18:57:28 UTC 2026
Cache sync 21 at Fri Jun  5 18:57:28 UTC 2026
Cache sync 22 at Fri Jun  5 18:57:28 UTC 2026
Cache sync 23 at Fri Jun  5 18:57:28 UTC 2026
Cache sync 24 at Fri Jun  5 18:57:28 UTC 2026
Cache sync 25 at Fri Jun  5 18:57:28 UTC 2026
Cache sync 26 at Fri Jun  5 18:57:28 UTC 2026
Cache sync 27 at Fri Jun  5 18:57:28 UTC 2026
Cache sync 28 at Fri Jun  5 18:57:28 UTC 2026
Cache sync 29 at Fri Jun  5 18:57:28 UTC 2026
Cache sync 30 at Fri Jun  5 18:57:28 UTC 2026
Cache sync 31 at Fri Jun  5 18:57:28 UTC 2026
Cache sync 32 at Fri Jun  5 18:57:28 UTC 2026
Cache sync 33 at Fri Jun  5 18:57:28 UTC 2026
Cache sync 34 at Fri Jun  5 18:57:28 UTC 2026
Cache sync 35 at Fri Jun  5 18:57:28 UTC 2026
Cache sync 36 at Fri Jun  5 18:57:28 UTC 2026
Cache sync 37 at Fri Jun  5 18:57:28 UTC 2026
Cache sync 38 at Fri Jun  5 18:57:28 UTC 2026
Cache sync 39 at Fri Jun  5 18:57:29 UTC 2026
Cache sync 40 at Fri Jun  5 18:57:29 UTC 2026
Cache sync 41 at Fri Jun  5 18:57:29 UTC 2026
Cache sync 42 at Fri Jun  5 18:57:29 UTC 2026
Cache sync 43 at Fri Jun  5 18:57:29 UTC 2026
Cache sync 44 at Fri Jun  5 18:57:29 UTC 2026
Cache sync 45 at Fri Jun  5 18:57:29 UTC 2026
Cache sync 46 at Fri Jun  5 18:57:29 UTC 2026
Cache sync 47 at Fri Jun  5 18:57:29 UTC 2026
Cache sync 48 at Fri Jun  5 18:57:29 UTC 2026
Cache sync 49 at Fri Jun  5 18:57:29 UTC 2026
Cache sync 50 at Fri Jun  5 18:57:29 UTC 2026
Cache sync 51 at Fri Jun  5 18:57:29 UTC 2026
Cache sync 52 at Fri Jun  5 18:57:29 UTC 2026
Cache sync 53 at Fri Jun  5 18:57:29 UTC 2026
Cache sync 54 at Fri Jun  5 18:57:29 UTC 2026
Cache sync 55 at Fri Jun  5 18:57:29 UTC 2026
Cache sync 56 at Fri Jun  5 18:57:29 UTC 2026
Cache sync 57 at Fri Jun  5 18:57:29 UTC 2026
Cache sync 58 at Fri Jun  5 18:57:29 UTC 2026
Cache sync 59 at Fri Jun  5 18:57:29 UTC 2026
Cache sync 60 at Fri Jun  5 18:57:29 UTC 2026
Cache sync 61 at Fri Jun  5 18:57:29 UTC 2026
Cache sync 62 at Fri Jun  5 18:57:29 UTC 2026
Cache sync 63 at Fri Jun  5 18:57:29 UTC 2026
Cache sync 64 at Fri Jun  5 18:57:29 UTC 2026
Cache sync 65 at Fri Jun  5 18:57:29 UTC 2026
Cache sync 66 at Fri Jun  5 18:57:29 UTC 2026
Cache sync 67 at Fri Jun  5 18:57:29 UTC 2026
Cache sync 68 at Fri Jun  5 18:57:29 UTC 2026
Cache sync 69 at Fri Jun  5 18:57:29 UTC 2026
Cache sync 70 at Fri Jun  5 18:57:29 UTC 2026
Cache sync 71 at Fri Jun  5 18:57:29 UTC 2026
Cache sync 72 at Fri Jun  5 18:57:29 UTC 2026
Cache sync 73 at Fri Jun  5 18:57:29 UTC 2026
Cache sync 74 at Fri Jun  5 18:57:29 UTC 2026
Cache sync 1 at Sat Jun  6 18:05:24 UTC 2026
Cache sync 2 at Sat Jun  6 18:05:24 UTC 2026
Cache sync 3 at Sat Jun  6 18:05:24 UTC 2026
Cache sync 4 at Sat Jun  6 18:05:24 UTC 2026
Cache sync 5 at Sat Jun  6 18:05:24 UTC 2026
Cache sync 6 at Sat Jun  6 18:05:24 UTC 2026
Cache sync 7 at Sat Jun  6 18:05:24 UTC 2026
Cache sync 8 at Sat Jun  6 18:05:24 UTC 2026
Cache sync 9 at Sat Jun  6 18:05:24 UTC 2026
Cache sync 10 at Sat Jun  6 18:05:24 UTC 2026
Cache sync 11 at Sat Jun  6 18:05:24 UTC 2026
Cache sync 12 at Sat Jun  6 18:05:24 UTC 2026
Cache sync 13 at Sat Jun  6 18:05:24 UTC 2026
Cache sync 14 at Sat Jun  6 18:05:24 UTC 2026
Cache sync 15 at Sat Jun  6 18:05:24 UTC 2026
Cache sync 16 at Sat Jun  6 18:05:24 UTC 2026
Cache sync 17 at Sat Jun  6 18:05:24 UTC 2026
Cache sync 18 at Sat Jun  6 18:05:24 UTC 2026
Cache sync 19 at Sat Jun  6 18:05:24 UTC 2026
Cache sync 20 at Sat Jun  6 18:05:24 UTC 2026
Cache sync 21 at Sat Jun  6 18:05:24 UTC 2026
Cache sync 22 at Sat Jun  6 18:05:24 UTC 2026
Cache sync 23 at Sat Jun  6 18:05:24 UTC 2026
Cache sync 24 at Sat Jun  6 18:05:24 UTC 2026
Cache sync 25 at Sat Jun  6 18:05:24 UTC 2026
Cache sync 26 at Sat Jun  6 18:05:24 UTC 2026
Cache sync 27 at Sat Jun  6 18:05:24 UTC 2026
Cache sync 28 at Sat Jun  6 18:05:24 UTC 2026
Cache sync 29 at Sat Jun  6 18:05:24 UTC 2026
Cache sync 30 at Sat Jun  6 18:05:24 UTC 2026
Cache sync 31 at Sat Jun  6 18:05:24 UTC 2026
Cache sync 32 at Sat Jun  6 18:05:24 UTC 2026
Cache sync 33 at Sat Jun  6 18:05:24 UTC 2026
Cache sync 34 at Sat Jun  6 18:05:24 UTC 2026
Cache sync 35 at Sat Jun  6 18:05:24 UTC 2026
Cache sync 36 at Sat Jun  6 18:05:24 UTC 2026
Cache sync 37 at Sat Jun  6 18:05:24 UTC 2026
Cache sync 38 at Sat Jun  6 18:05:24 UTC 2026
Cache sync 39 at Sat Jun  6 18:05:24 UTC 2026
Cache sync 40 at Sat Jun  6 18:05:24 UTC 2026
Cache sync 41 at Sat Jun  6 18:05:24 UTC 2026
Cache sync 42 at Sat Jun  6 18:05:24 UTC 2026
Cache sync 43 at Sat Jun  6 18:05:24 UTC 2026
Cache sync 44 at Sat Jun  6 18:05:24 UTC 2026
Cache sync 45 at Sat Jun  6 18:05:24 UTC 2026
Cache sync 46 at Sat Jun  6 18:05:24 UTC 2026
Cache sync 47 at Sat Jun  6 18:05:24 UTC 2026
Cache sync 48 at Sat Jun  6 18:05:24 UTC 2026
Cache sync 49 at Sat Jun  6 18:05:24 UTC 2026
Cache sync 50 at Sat Jun  6 18:05:24 UTC 2026
Cache sync 51 at Sat Jun  6 18:05:24 UTC 2026
Cache sync 52 at Sat Jun  6 18:05:25 UTC 2026
Cache sync 53 at Sat Jun  6 18:05:25 UTC 2026
Cache sync 54 at Sat Jun  6 18:05:25 UTC 2026
Cache sync 1 at Mon Jun  8 19:21:44 UTC 2026
Cache sync 2 at Mon Jun  8 19:21:44 UTC 2026
Cache sync 3 at Mon Jun  8 19:21:44 UTC 2026
Cache sync 4 at Mon Jun  8 19:21:44 UTC 2026
Cache sync 5 at Mon Jun  8 19:21:44 UTC 2026
Cache sync 6 at Mon Jun  8 19:21:44 UTC 2026
Cache sync 7 at Mon Jun  8 19:21:44 UTC 2026
Cache sync 8 at Mon Jun  8 19:21:44 UTC 2026
Cache sync 9 at Mon Jun  8 19:21:44 UTC 2026
Cache sync 10 at Mon Jun  8 19:21:44 UTC 2026
Cache sync 11 at Mon Jun  8 19:21:44 UTC 2026
Cache sync 12 at Mon Jun  8 19:21:44 UTC 2026
Cache sync 13 at Mon Jun  8 19:21:44 UTC 2026
Cache sync 14 at Mon Jun  8 19:21:44 UTC 2026
Cache sync 15 at Mon Jun  8 19:21:44 UTC 2026
Cache sync 16 at Mon Jun  8 19:21:44 UTC 2026
Cache sync 17 at Mon Jun  8 19:21:44 UTC 2026
Cache sync 18 at Mon Jun  8 19:21:44 UTC 2026
Cache sync 19 at Mon Jun  8 19:21:44 UTC 2026
Cache sync 20 at Mon Jun  8 19:21:44 UTC 2026
Cache sync 1 at Tue Jun  9 19:14:25 UTC 2026
Cache sync 2 at Tue Jun  9 19:14:25 UTC 2026
Cache sync 3 at Tue Jun  9 19:14:25 UTC 2026
Cache sync 4 at Tue Jun  9 19:14:25 UTC 2026
Cache sync 5 at Tue Jun  9 19:14:25 UTC 2026
Cache sync 6 at Tue Jun  9 19:14:25 UTC 2026
Cache sync 7 at Tue Jun  9 19:14:25 UTC 2026
Cache sync 8 at Tue Jun  9 19:14:25 UTC 2026
Cache sync 9 at Tue Jun  9 19:14:25 UTC 2026
Cache sync 10 at Tue Jun  9 19:14:25 UTC 2026
Cache sync 11 at Tue Jun  9 19:14:25 UTC 2026
Cache sync 12 at Tue Jun  9 19:14:25 UTC 2026
Cache sync 13 at Tue Jun  9 19:14:25 UTC 2026
Cache sync 14 at Tue Jun  9 19:14:25 UTC 2026
Cache sync 15 at Tue Jun  9 19:14:25 UTC 2026
Cache sync 16 at Tue Jun  9 19:14:25 UTC 2026
Cache sync 17 at Tue Jun  9 19:14:25 UTC 2026
Cache sync 18 at Tue Jun  9 19:14:25 UTC 2026
Cache sync 19 at Tue Jun  9 19:14:25 UTC 2026
Cache sync 20 at Tue Jun  9 19:14:26 UTC 2026
Cache sync 21 at Tue Jun  9 19:14:26 UTC 2026
Cache sync 22 at Tue Jun  9 19:14:26 UTC 2026
Cache sync 23 at Tue Jun  9 19:14:26 UTC 2026
Cache sync 24 at Tue Jun  9 19:14:26 UTC 2026
Cache sync 25 at Tue Jun  9 19:14:26 UTC 2026
Cache sync 26 at Tue Jun  9 19:14:26 UTC 2026
Cache sync 27 at Tue Jun  9 19:14:26 UTC 2026
Cache sync 28 at Tue Jun  9 19:14:26 UTC 2026
Cache sync 29 at Tue Jun  9 19:14:26 UTC 2026
Cache sync 30 at Tue Jun  9 19:14:26 UTC 2026
Cache sync 31 at Tue Jun  9 19:14:26 UTC 2026
Cache sync 32 at Tue Jun  9 19:14:26 UTC 2026
Cache sync 33 at Tue Jun  9 19:14:26 UTC 2026
Cache sync 34 at Tue Jun  9 19:14:26 UTC 2026
Cache sync 35 at Tue Jun  9 19:14:26 UTC 2026
Cache sync 36 at Tue Jun  9 19:14:26 UTC 2026
Cache sync 37 at Tue Jun  9 19:14:26 UTC 2026
Cache sync 38 at Tue Jun  9 19:14:26 UTC 2026
Cache sync 39 at Tue Jun  9 19:14:26 UTC 2026
Cache sync 40 at Tue Jun  9 19:14:26 UTC 2026
Cache sync 41 at Tue Jun  9 19:14:26 UTC 2026
Cache sync 42 at Tue Jun  9 19:14:26 UTC 2026
Cache sync 43 at Tue Jun  9 19:14:26 UTC 2026
Cache sync 44 at Tue Jun  9 19:14:26 UTC 2026
Cache sync 45 at Tue Jun  9 19:14:26 UTC 2026
Cache sync 46 at Tue Jun  9 19:14:26 UTC 2026
Cache sync 47 at Tue Jun  9 19:14:26 UTC 2026
Cache sync 48 at Tue Jun  9 19:14:26 UTC 2026
Cache sync 49 at Tue Jun  9 19:14:26 UTC 2026
Cache sync 50 at Tue Jun  9 19:14:26 UTC 2026
Cache sync 51 at Tue Jun  9 19:14:26 UTC 2026
Cache sync 52 at Tue Jun  9 19:14:26 UTC 2026
Cache sync 53 at Tue Jun  9 19:14:26 UTC 2026
Cache sync 54 at Tue Jun  9 19:14:26 UTC 2026
Cache sync 55 at Tue Jun  9 19:14:26 UTC 2026
Cache sync 1 at Wed Jun 10 19:34:01 UTC 2026
Cache sync 2 at Wed Jun 10 19:34:01 UTC 2026
Cache sync 3 at Wed Jun 10 19:34:01 UTC 2026
Cache sync 4 at Wed Jun 10 19:34:01 UTC 2026
Cache sync 5 at Wed Jun 10 19:34:01 UTC 2026
Cache sync 6 at Wed Jun 10 19:34:01 UTC 2026
Cache sync 7 at Wed Jun 10 19:34:01 UTC 2026
Cache sync 8 at Wed Jun 10 19:34:01 UTC 2026
Cache sync 9 at Wed Jun 10 19:34:01 UTC 2026
Cache sync 10 at Wed Jun 10 19:34:01 UTC 2026
Cache sync 11 at Wed Jun 10 19:34:01 UTC 2026
Cache sync 12 at Wed Jun 10 19:34:01 UTC 2026
Cache sync 13 at Wed Jun 10 19:34:01 UTC 2026
Cache sync 14 at Wed Jun 10 19:34:01 UTC 2026
Cache sync 15 at Wed Jun 10 19:34:01 UTC 2026
Cache sync 16 at Wed Jun 10 19:34:01 UTC 2026
Cache sync 17 at Wed Jun 10 19:34:01 UTC 2026
Cache sync 18 at Wed Jun 10 19:34:01 UTC 2026
Cache sync 19 at Wed Jun 10 19:34:01 UTC 2026
Cache sync 20 at Wed Jun 10 19:34:01 UTC 2026
Cache sync 21 at Wed Jun 10 19:34:01 UTC 2026
Cache sync 22 at Wed Jun 10 19:34:01 UTC 2026
Cache sync 23 at Wed Jun 10 19:34:01 UTC 2026
Cache sync 24 at Wed Jun 10 19:34:01 UTC 2026
Cache sync 25 at Wed Jun 10 19:34:01 UTC 2026
Cache sync 26 at Wed Jun 10 19:34:01 UTC 2026
Cache sync 27 at Wed Jun 10 19:34:01 UTC 2026
Cache sync 28 at Wed Jun 10 19:34:01 UTC 2026
Cache sync 29 at Wed Jun 10 19:34:01 UTC 2026
Cache sync 30 at Wed Jun 10 19:34:01 UTC 2026
Cache sync 31 at Wed Jun 10 19:34:01 UTC 2026
Cache sync 32 at Wed Jun 10 19:34:01 UTC 2026
Cache sync 33 at Wed Jun 10 19:34:01 UTC 2026
Cache sync 34 at Wed Jun 10 19:34:01 UTC 2026
Cache sync 35 at Wed Jun 10 19:34:01 UTC 2026
Cache sync 36 at Wed Jun 10 19:34:01 UTC 2026
Cache sync 37 at Wed Jun 10 19:34:01 UTC 2026
Cache sync 38 at Wed Jun 10 19:34:02 UTC 2026
Cache sync 1 at Thu Jun 11 19:35:38 UTC 2026
Cache sync 2 at Thu Jun 11 19:35:38 UTC 2026
Cache sync 3 at Thu Jun 11 19:35:38 UTC 2026
Cache sync 4 at Thu Jun 11 19:35:38 UTC 2026
Cache sync 5 at Thu Jun 11 19:35:38 UTC 2026
Cache sync 6 at Thu Jun 11 19:35:38 UTC 2026
Cache sync 7 at Thu Jun 11 19:35:38 UTC 2026
Cache sync 8 at Thu Jun 11 19:35:38 UTC 2026
Cache sync 9 at Thu Jun 11 19:35:38 UTC 2026
Cache sync 10 at Thu Jun 11 19:35:38 UTC 2026
Cache sync 11 at Thu Jun 11 19:35:38 UTC 2026
Cache sync 12 at Thu Jun 11 19:35:38 UTC 2026
Cache sync 13 at Thu Jun 11 19:35:38 UTC 2026
Cache sync 14 at Thu Jun 11 19:35:38 UTC 2026
Cache sync 15 at Thu Jun 11 19:35:38 UTC 2026
Cache sync 16 at Thu Jun 11 19:35:38 UTC 2026
Cache sync 17 at Thu Jun 11 19:35:38 UTC 2026
Cache sync 18 at Thu Jun 11 19:35:38 UTC 2026
Cache sync 19 at Thu Jun 11 19:35:38 UTC 2026
Cache sync 20 at Thu Jun 11 19:35:38 UTC 2026
Cache sync 21 at Thu Jun 11 19:35:38 UTC 2026
Cache sync 22 at Thu Jun 11 19:35:38 UTC 2026
Cache sync 23 at Thu Jun 11 19:35:38 UTC 2026
Cache sync 24 at Thu Jun 11 19:35:38 UTC 2026
Cache sync 25 at Thu Jun 11 19:35:38 UTC 2026
Cache sync 26 at Thu Jun 11 19:35:38 UTC 2026
Cache sync 27 at Thu Jun 11 19:35:38 UTC 2026
Cache sync 28 at Thu Jun 11 19:35:38 UTC 2026
Cache sync 29 at Thu Jun 11 19:35:38 UTC 2026
Cache sync 30 at Thu Jun 11 19:35:38 UTC 2026
Cache sync 31 at Thu Jun 11 19:35:38 UTC 2026
Cache sync 32 at Thu Jun 11 19:35:38 UTC 2026
Cache sync 33 at Thu Jun 11 19:35:38 UTC 2026
Cache sync 34 at Thu Jun 11 19:35:38 UTC 2026
Cache sync 35 at Thu Jun 11 19:35:38 UTC 2026
Cache sync 36 at Thu Jun 11 19:35:38 UTC 2026
Cache sync 37 at Thu Jun 11 19:35:38 UTC 2026
Cache sync 38 at Thu Jun 11 19:35:38 UTC 2026
Cache sync 39 at Thu Jun 11 19:35:38 UTC 2026
Cache sync 40 at Thu Jun 11 19:35:38 UTC 2026
Cache sync 41 at Thu Jun 11 19:35:38 UTC 2026
Cache sync 42 at Thu Jun 11 19:35:38 UTC 2026
Cache sync 43 at Thu Jun 11 19:35:38 UTC 2026
Cache sync 44 at Thu Jun 11 19:35:38 UTC 2026
Cache sync 1 at Sat Jun 13 18:08:02 UTC 2026
Cache sync 2 at Sat Jun 13 18:08:02 UTC 2026
Cache sync 3 at Sat Jun 13 18:08:02 UTC 2026
Cache sync 4 at Sat Jun 13 18:08:02 UTC 2026
Cache sync 5 at Sat Jun 13 18:08:02 UTC 2026
Cache sync 6 at Sat Jun 13 18:08:02 UTC 2026
Cache sync 7 at Sat Jun 13 18:08:02 UTC 2026
Cache sync 8 at Sat Jun 13 18:08:02 UTC 2026
Cache sync 9 at Sat Jun 13 18:08:02 UTC 2026
Cache sync 10 at Sat Jun 13 18:08:02 UTC 2026
Cache sync 11 at Sat Jun 13 18:08:02 UTC 2026
Cache sync 12 at Sat Jun 13 18:08:02 UTC 2026
Cache sync 13 at Sat Jun 13 18:08:03 UTC 2026
Cache sync 14 at Sat Jun 13 18:08:03 UTC 2026
Cache sync 15 at Sat Jun 13 18:08:03 UTC 2026
Cache sync 16 at Sat Jun 13 18:08:03 UTC 2026
Cache sync 17 at Sat Jun 13 18:08:03 UTC 2026
Cache sync 18 at Sat Jun 13 18:08:03 UTC 2026
Cache sync 19 at Sat Jun 13 18:08:03 UTC 2026
Cache sync 20 at Sat Jun 13 18:08:03 UTC 2026
Cache sync 21 at Sat Jun 13 18:08:03 UTC 2026
Cache sync 22 at Sat Jun 13 18:08:03 UTC 2026
Cache sync 23 at Sat Jun 13 18:08:03 UTC 2026
Cache sync 24 at Sat Jun 13 18:08:03 UTC 2026
Cache sync 25 at Sat Jun 13 18:08:03 UTC 2026
Cache sync 26 at Sat Jun 13 18:08:03 UTC 2026
Cache sync 27 at Sat Jun 13 18:08:03 UTC 2026
Cache sync 28 at Sat Jun 13 18:08:03 UTC 2026
Cache sync 29 at Sat Jun 13 18:08:03 UTC 2026
Cache sync 30 at Sat Jun 13 18:08:03 UTC 2026
Cache sync 31 at Sat Jun 13 18:08:03 UTC 2026
Cache sync 32 at Sat Jun 13 18:08:03 UTC 2026
Cache sync 33 at Sat Jun 13 18:08:03 UTC 2026
Cache sync 34 at Sat Jun 13 18:08:03 UTC 2026
Cache sync 35 at Sat Jun 13 18:08:03 UTC 2026
Cache sync 36 at Sat Jun 13 18:08:03 UTC 2026
Cache sync 37 at Sat Jun 13 18:08:03 UTC 2026
Cache sync 38 at Sat Jun 13 18:08:03 UTC 2026
Cache sync 39 at Sat Jun 13 18:08:03 UTC 2026
Cache sync 40 at Sat Jun 13 18:08:03 UTC 2026
Cache sync 41 at Sat Jun 13 18:08:03 UTC 2026
Cache sync 42 at Sat Jun 13 18:08:03 UTC 2026
Cache sync 43 at Sat Jun 13 18:08:03 UTC 2026
Cache sync 44 at Sat Jun 13 18:08:03 UTC 2026
Cache sync 45 at Sat Jun 13 18:08:03 UTC 2026
Cache sync 46 at Sat Jun 13 18:08:03 UTC 2026
Cache sync 47 at Sat Jun 13 18:08:03 UTC 2026
Cache sync 48 at Sat Jun 13 18:08:03 UTC 2026
Cache sync 49 at Sat Jun 13 18:08:03 UTC 2026
Cache sync 50 at Sat Jun 13 18:08:03 UTC 2026
Cache sync 51 at Sat Jun 13 18:08:03 UTC 2026
Cache sync 52 at Sat Jun 13 18:08:03 UTC 2026
Cache sync 53 at Sat Jun 13 18:08:03 UTC 2026
Cache sync 54 at Sat Jun 13 18:08:03 UTC 2026
Cache sync 55 at Sat Jun 13 18:08:03 UTC 2026
Cache sync 56 at Sat Jun 13 18:08:03 UTC 2026
Cache sync 57 at Sat Jun 13 18:08:03 UTC 2026
Cache sync 58 at Sat Jun 13 18:08:03 UTC 2026
Cache sync 59 at Sat Jun 13 18:08:03 UTC 2026
Cache sync 60 at Sat Jun 13 18:08:03 UTC 2026
Cache sync 61 at Sat Jun 13 18:08:03 UTC 2026
Cache sync 62 at Sat Jun 13 18:08:03 UTC 2026
Cache sync 63 at Sat Jun 13 18:08:03 UTC 2026
Cache sync 64 at Sat Jun 13 18:08:03 UTC 2026
Cache sync 1 at Sun Jun 14 18:13:54 UTC 2026
Cache sync 2 at Sun Jun 14 18:13:54 UTC 2026
Cache sync 3 at Sun Jun 14 18:13:54 UTC 2026
Cache sync 4 at Sun Jun 14 18:13:54 UTC 2026
Cache sync 5 at Sun Jun 14 18:13:54 UTC 2026
Cache sync 6 at Sun Jun 14 18:13:54 UTC 2026
Cache sync 1 at Mon Jun 15 20:26:25 UTC 2026
Cache sync 2 at Mon Jun 15 20:26:25 UTC 2026
Cache sync 3 at Mon Jun 15 20:26:25 UTC 2026
Cache sync 4 at Mon Jun 15 20:26:25 UTC 2026
Cache sync 5 at Mon Jun 15 20:26:25 UTC 2026
Cache sync 6 at Mon Jun 15 20:26:25 UTC 2026
Cache sync 7 at Mon Jun 15 20:26:25 UTC 2026
Cache sync 8 at Mon Jun 15 20:26:25 UTC 2026
Cache sync 9 at Mon Jun 15 20:26:25 UTC 2026
Cache sync 10 at Mon Jun 15 20:26:25 UTC 2026
Cache sync 11 at Mon Jun 15 20:26:25 UTC 2026
Cache sync 12 at Mon Jun 15 20:26:25 UTC 2026
Cache sync 13 at Mon Jun 15 20:26:25 UTC 2026
Cache sync 14 at Mon Jun 15 20:26:25 UTC 2026
Cache sync 15 at Mon Jun 15 20:26:25 UTC 2026
Cache sync 16 at Mon Jun 15 20:26:25 UTC 2026
Cache sync 17 at Mon Jun 15 20:26:25 UTC 2026
Cache sync 18 at Mon Jun 15 20:26:25 UTC 2026
Cache sync 19 at Mon Jun 15 20:26:25 UTC 2026
Cache sync 20 at Mon Jun 15 20:26:25 UTC 2026
Cache sync 21 at Mon Jun 15 20:26:25 UTC 2026
Cache sync 22 at Mon Jun 15 20:26:25 UTC 2026
Cache sync 23 at Mon Jun 15 20:26:25 UTC 2026
Cache sync 24 at Mon Jun 15 20:26:25 UTC 2026
Cache sync 25 at Mon Jun 15 20:26:25 UTC 2026
Cache sync 26 at Mon Jun 15 20:26:25 UTC 2026
Cache sync 27 at Mon Jun 15 20:26:25 UTC 2026
Cache sync 28 at Mon Jun 15 20:26:25 UTC 2026
Cache sync 29 at Mon Jun 15 20:26:25 UTC 2026
Cache sync 30 at Mon Jun 15 20:26:25 UTC 2026
Cache sync 31 at Mon Jun 15 20:26:25 UTC 2026
Cache sync 32 at Mon Jun 15 20:26:25 UTC 2026
Cache sync 33 at Mon Jun 15 20:26:25 UTC 2026
Cache sync 34 at Mon Jun 15 20:26:25 UTC 2026
Cache sync 35 at Mon Jun 15 20:26:25 UTC 2026
Cache sync 1 at Tue Jun 16 20:12:15 UTC 2026
Cache sync 2 at Tue Jun 16 20:12:15 UTC 2026
Cache sync 3 at Tue Jun 16 20:12:15 UTC 2026
Cache sync 4 at Tue Jun 16 20:12:15 UTC 2026
Cache sync 5 at Tue Jun 16 20:12:15 UTC 2026
Cache sync 6 at Tue Jun 16 20:12:15 UTC 2026
Cache sync 7 at Tue Jun 16 20:12:15 UTC 2026
Cache sync 8 at Tue Jun 16 20:12:15 UTC 2026
Cache sync 9 at Tue Jun 16 20:12:15 UTC 2026
Cache sync 10 at Tue Jun 16 20:12:15 UTC 2026
Cache sync 11 at Tue Jun 16 20:12:15 UTC 2026
Cache sync 12 at Tue Jun 16 20:12:15 UTC 2026
Cache sync 13 at Tue Jun 16 20:12:15 UTC 2026
Cache sync 14 at Tue Jun 16 20:12:15 UTC 2026
Cache sync 15 at Tue Jun 16 20:12:15 UTC 2026
Cache sync 16 at Tue Jun 16 20:12:15 UTC 2026
Cache sync 17 at Tue Jun 16 20:12:15 UTC 2026
Cache sync 18 at Tue Jun 16 20:12:15 UTC 2026
Cache sync 19 at Tue Jun 16 20:12:15 UTC 2026
Cache sync 20 at Tue Jun 16 20:12:15 UTC 2026
Cache sync 21 at Tue Jun 16 20:12:15 UTC 2026
Cache sync 22 at Tue Jun 16 20:12:15 UTC 2026
Cache sync 23 at Tue Jun 16 20:12:15 UTC 2026
Cache sync 24 at Tue Jun 16 20:12:16 UTC 2026
Cache sync 25 at Tue Jun 16 20:12:16 UTC 2026
Cache sync 26 at Tue Jun 16 20:12:16 UTC 2026
Cache sync 27 at Tue Jun 16 20:12:16 UTC 2026
Cache sync 28 at Tue Jun 16 20:12:16 UTC 2026
Cache sync 29 at Tue Jun 16 20:12:16 UTC 2026
Cache sync 30 at Tue Jun 16 20:12:16 UTC 2026
Cache sync 31 at Tue Jun 16 20:12:16 UTC 2026
Cache sync 32 at Tue Jun 16 20:12:16 UTC 2026
Cache sync 33 at Tue Jun 16 20:12:16 UTC 2026
Cache sync 34 at Tue Jun 16 20:12:16 UTC 2026
Cache sync 35 at Tue Jun 16 20:12:16 UTC 2026
Cache sync 36 at Tue Jun 16 20:12:16 UTC 2026
Cache sync 37 at Tue Jun 16 20:12:16 UTC 2026
Cache sync 38 at Tue Jun 16 20:12:16 UTC 2026
Cache sync 39 at Tue Jun 16 20:12:16 UTC 2026
Cache sync 40 at Tue Jun 16 20:12:16 UTC 2026
Cache sync 41 at Tue Jun 16 20:12:16 UTC 2026
Cache sync 42 at Tue Jun 16 20:12:16 UTC 2026
Cache sync 43 at Tue Jun 16 20:12:16 UTC 2026
Cache sync 44 at Tue Jun 16 20:12:16 UTC 2026
Cache sync 45 at Tue Jun 16 20:12:16 UTC 2026
Cache sync 46 at Tue Jun 16 20:12:16 UTC 2026
Cache sync 47 at Tue Jun 16 20:12:16 UTC 2026
Cache sync 48 at Tue Jun 16 20:12:16 UTC 2026
Cache sync 49 at Tue Jun 16 20:12:16 UTC 2026
Cache sync 50 at Tue Jun 16 20:12:16 UTC 2026
Cache sync 51 at Tue Jun 16 20:12:16 UTC 2026
Cache sync 52 at Tue Jun 16 20:12:16 UTC 2026
Cache sync 53 at Tue Jun 16 20:12:16 UTC 2026
Cache sync 1 at Wed Jun 17 19:25:15 UTC 2026
Cache sync 2 at Wed Jun 17 19:25:15 UTC 2026
Cache sync 3 at Wed Jun 17 19:25:15 UTC 2026
Cache sync 4 at Wed Jun 17 19:25:15 UTC 2026
Cache sync 5 at Wed Jun 17 19:25:15 UTC 2026
Cache sync 6 at Wed Jun 17 19:25:15 UTC 2026
Cache sync 7 at Wed Jun 17 19:25:15 UTC 2026
Cache sync 8 at Wed Jun 17 19:25:15 UTC 2026
Cache sync 1 at Thu Jun 18 19:29:06 UTC 2026
Cache sync 2 at Thu Jun 18 19:29:06 UTC 2026
Cache sync 3 at Thu Jun 18 19:29:07 UTC 2026
Cache sync 4 at Thu Jun 18 19:29:07 UTC 2026
Cache sync 5 at Thu Jun 18 19:29:07 UTC 2026
Cache sync 6 at Thu Jun 18 19:29:07 UTC 2026
Cache sync 7 at Thu Jun 18 19:29:07 UTC 2026
Cache sync 8 at Thu Jun 18 19:29:07 UTC 2026
Cache sync 9 at Thu Jun 18 19:29:07 UTC 2026
Cache sync 10 at Thu Jun 18 19:29:07 UTC 2026
Cache sync 11 at Thu Jun 18 19:29:07 UTC 2026
Cache sync 12 at Thu Jun 18 19:29:07 UTC 2026
Cache sync 13 at Thu Jun 18 19:29:07 UTC 2026
Cache sync 1 at Sat Jun 20 18:12:19 UTC 2026
Cache sync 2 at Sat Jun 20 18:12:19 UTC 2026
Cache sync 3 at Sat Jun 20 18:12:19 UTC 2026
Cache sync 4 at Sat Jun 20 18:12:19 UTC 2026
Cache sync 5 at Sat Jun 20 18:12:19 UTC 2026
Cache sync 6 at Sat Jun 20 18:12:19 UTC 2026
Cache sync 7 at Sat Jun 20 18:12:19 UTC 2026
Cache sync 8 at Sat Jun 20 18:12:19 UTC 2026
Cache sync 9 at Sat Jun 20 18:12:19 UTC 2026
Cache sync 10 at Sat Jun 20 18:12:19 UTC 2026
Cache sync 11 at Sat Jun 20 18:12:19 UTC 2026
Cache sync 12 at Sat Jun 20 18:12:19 UTC 2026
Cache sync 13 at Sat Jun 20 18:12:20 UTC 2026
Cache sync 14 at Sat Jun 20 18:12:20 UTC 2026
Cache sync 1 at Mon Jun 22 20:08:01 UTC 2026
Cache sync 2 at Mon Jun 22 20:08:01 UTC 2026
Cache sync 3 at Mon Jun 22 20:08:01 UTC 2026
Cache sync 4 at Mon Jun 22 20:08:01 UTC 2026
Cache sync 5 at Mon Jun 22 20:08:01 UTC 2026
Cache sync 6 at Mon Jun 22 20:08:01 UTC 2026
Cache sync 7 at Mon Jun 22 20:08:01 UTC 2026
Cache sync 8 at Mon Jun 22 20:08:01 UTC 2026
Cache sync 9 at Mon Jun 22 20:08:01 UTC 2026
Cache sync 10 at Mon Jun 22 20:08:01 UTC 2026
Cache sync 11 at Mon Jun 22 20:08:01 UTC 2026
Cache sync 12 at Mon Jun 22 20:08:01 UTC 2026
Cache sync 13 at Mon Jun 22 20:08:01 UTC 2026
Cache sync 14 at Mon Jun 22 20:08:01 UTC 2026
Cache sync 15 at Mon Jun 22 20:08:01 UTC 2026
Cache sync 16 at Mon Jun 22 20:08:01 UTC 2026
Cache sync 17 at Mon Jun 22 20:08:01 UTC 2026
Cache sync 18 at Mon Jun 22 20:08:01 UTC 2026
Cache sync 19 at Mon Jun 22 20:08:01 UTC 2026
Cache sync 20 at Mon Jun 22 20:08:01 UTC 2026
Cache sync 1 at Tue Jun 23 19:08:31 UTC 2026
Cache sync 2 at Tue Jun 23 19:08:31 UTC 2026
Cache sync 3 at Tue Jun 23 19:08:31 UTC 2026
Cache sync 4 at Tue Jun 23 19:08:31 UTC 2026
Cache sync 5 at Tue Jun 23 19:08:31 UTC 2026
Cache sync 6 at Tue Jun 23 19:08:31 UTC 2026
Cache sync 7 at Tue Jun 23 19:08:31 UTC 2026
Cache sync 8 at Tue Jun 23 19:08:31 UTC 2026
Cache sync 9 at Tue Jun 23 19:08:31 UTC 2026
Cache sync 10 at Tue Jun 23 19:08:31 UTC 2026
Cache sync 11 at Tue Jun 23 19:08:31 UTC 2026
Cache sync 12 at Tue Jun 23 19:08:31 UTC 2026
Cache sync 13 at Tue Jun 23 19:08:31 UTC 2026
Cache sync 14 at Tue Jun 23 19:08:31 UTC 2026
Cache sync 15 at Tue Jun 23 19:08:31 UTC 2026
Cache sync 16 at Tue Jun 23 19:08:31 UTC 2026
Cache sync 17 at Tue Jun 23 19:08:31 UTC 2026
Cache sync 18 at Tue Jun 23 19:08:31 UTC 2026
Cache sync 19 at Tue Jun 23 19:08:31 UTC 2026
Cache sync 20 at Tue Jun 23 19:08:31 UTC 2026
Cache sync 21 at Tue Jun 23 19:08:31 UTC 2026
Cache sync 22 at Tue Jun 23 19:08:31 UTC 2026
Cache sync 23 at Tue Jun 23 19:08:31 UTC 2026
Cache sync 24 at Tue Jun 23 19:08:31 UTC 2026
Cache sync 25 at Tue Jun 23 19:08:31 UTC 2026
Cache sync 26 at Tue Jun 23 19:08:31 UTC 2026
Cache sync 27 at Tue Jun 23 19:08:31 UTC 2026
Cache sync 28 at Tue Jun 23 19:08:31 UTC 2026
Cache sync 29 at Tue Jun 23 19:08:31 UTC 2026
Cache sync 30 at Tue Jun 23 19:08:31 UTC 2026
Cache sync 31 at Tue Jun 23 19:08:31 UTC 2026
Cache sync 32 at Tue Jun 23 19:08:31 UTC 2026
Cache sync 33 at Tue Jun 23 19:08:31 UTC 2026
Cache sync 34 at Tue Jun 23 19:08:31 UTC 2026
Cache sync 35 at Tue Jun 23 19:08:31 UTC 2026
Cache sync 36 at Tue Jun 23 19:08:31 UTC 2026
Cache sync 37 at Tue Jun 23 19:08:31 UTC 2026
Cache sync 38 at Tue Jun 23 19:08:31 UTC 2026
Cache sync 39 at Tue Jun 23 19:08:31 UTC 2026
Cache sync 1 at Wed Jun 24 18:51:39 UTC 2026
Cache sync 2 at Wed Jun 24 18:51:39 UTC 2026
Cache sync 3 at Wed Jun 24 18:51:39 UTC 2026
Cache sync 4 at Wed Jun 24 18:51:39 UTC 2026
Cache sync 5 at Wed Jun 24 18:51:39 UTC 2026
Cache sync 6 at Wed Jun 24 18:51:39 UTC 2026
Cache sync 7 at Wed Jun 24 18:51:39 UTC 2026
Cache sync 8 at Wed Jun 24 18:51:39 UTC 2026
Cache sync 9 at Wed Jun 24 18:51:39 UTC 2026
Cache sync 10 at Wed Jun 24 18:51:39 UTC 2026
Cache sync 11 at Wed Jun 24 18:51:39 UTC 2026
Cache sync 12 at Wed Jun 24 18:51:39 UTC 2026
Cache sync 13 at Wed Jun 24 18:51:39 UTC 2026
Cache sync 14 at Wed Jun 24 18:51:39 UTC 2026
Cache sync 15 at Wed Jun 24 18:51:40 UTC 2026
Cache sync 16 at Wed Jun 24 18:51:40 UTC 2026
Cache sync 17 at Wed Jun 24 18:51:40 UTC 2026
Cache sync 18 at Wed Jun 24 18:51:40 UTC 2026
Cache sync 19 at Wed Jun 24 18:51:40 UTC 2026
Cache sync 20 at Wed Jun 24 18:51:40 UTC 2026
Cache sync 21 at Wed Jun 24 18:51:40 UTC 2026
Cache sync 22 at Wed Jun 24 18:51:40 UTC 2026
Cache sync 23 at Wed Jun 24 18:51:40 UTC 2026
Cache sync 24 at Wed Jun 24 18:51:40 UTC 2026
Cache sync 25 at Wed Jun 24 18:51:40 UTC 2026
Cache sync 26 at Wed Jun 24 18:51:40 UTC 2026
Cache sync 27 at Wed Jun 24 18:51:40 UTC 2026
Cache sync 28 at Wed Jun 24 18:51:40 UTC 2026
Cache sync 29 at Wed Jun 24 18:51:40 UTC 2026
Cache sync 30 at Wed Jun 24 18:51:40 UTC 2026
Cache sync 31 at Wed Jun 24 18:51:40 UTC 2026
Cache sync 32 at Wed Jun 24 18:51:40 UTC 2026
Cache sync 33 at Wed Jun 24 18:51:40 UTC 2026
Cache sync 34 at Wed Jun 24 18:51:40 UTC 2026
Cache sync 35 at Wed Jun 24 18:51:40 UTC 2026
Cache sync 36 at Wed Jun 24 18:51:40 UTC 2026
Cache sync 37 at Wed Jun 24 18:51:40 UTC 2026
Cache sync 38 at Wed Jun 24 18:51:40 UTC 2026
Cache sync 39 at Wed Jun 24 18:51:40 UTC 2026
Cache sync 40 at Wed Jun 24 18:51:40 UTC 2026
Cache sync 41 at Wed Jun 24 18:51:40 UTC 2026
Cache sync 42 at Wed Jun 24 18:51:40 UTC 2026
Cache sync 43 at Wed Jun 24 18:51:40 UTC 2026
Cache sync 44 at Wed Jun 24 18:51:40 UTC 2026
Cache sync 45 at Wed Jun 24 18:51:40 UTC 2026
Cache sync 46 at Wed Jun 24 18:51:40 UTC 2026
Cache sync 47 at Wed Jun 24 18:51:40 UTC 2026
Cache sync 48 at Wed Jun 24 18:51:40 UTC 2026
Cache sync 49 at Wed Jun 24 18:51:40 UTC 2026
Cache sync 50 at Wed Jun 24 18:51:40 UTC 2026
Cache sync 51 at Wed Jun 24 18:51:40 UTC 2026
Cache sync 52 at Wed Jun 24 18:51:40 UTC 2026
Cache sync 53 at Wed Jun 24 18:51:40 UTC 2026
Cache sync 54 at Wed Jun 24 18:51:40 UTC 2026
Cache sync 55 at Wed Jun 24 18:51:40 UTC 2026
Cache sync 56 at Wed Jun 24 18:51:40 UTC 2026
Cache sync 57 at Wed Jun 24 18:51:40 UTC 2026
Cache sync 58 at Wed Jun 24 18:51:40 UTC 2026
Cache sync 59 at Wed Jun 24 18:51:40 UTC 2026
Cache sync 60 at Wed Jun 24 18:51:40 UTC 2026
Cache sync 61 at Wed Jun 24 18:51:40 UTC 2026
Cache sync 62 at Wed Jun 24 18:51:40 UTC 2026
Cache sync 63 at Wed Jun 24 18:51:41 UTC 2026
Cache sync 64 at Wed Jun 24 18:51:41 UTC 2026
Cache sync 65 at Wed Jun 24 18:51:41 UTC 2026
Cache sync 66 at Wed Jun 24 18:51:41 UTC 2026
Cache sync 67 at Wed Jun 24 18:51:41 UTC 2026
Cache sync 68 at Wed Jun 24 18:51:41 UTC 2026
Cache sync 69 at Wed Jun 24 18:51:41 UTC 2026
Cache sync 70 at Wed Jun 24 18:51:41 UTC 2026
Cache sync 71 at Wed Jun 24 18:51:41 UTC 2026
Cache sync 72 at Wed Jun 24 18:51:41 UTC 2026
Cache sync 73 at Wed Jun 24 18:51:41 UTC 2026
Cache sync 74 at Wed Jun 24 18:51:41 UTC 2026
Cache sync 75 at Wed Jun 24 18:51:41 UTC 2026
Cache sync 1 at Thu Jun 25 19:04:53 UTC 2026
Cache sync 2 at Thu Jun 25 19:04:53 UTC 2026
Cache sync 3 at Thu Jun 25 19:04:53 UTC 2026
Cache sync 4 at Thu Jun 25 19:04:53 UTC 2026
Cache sync 5 at Thu Jun 25 19:04:53 UTC 2026
Cache sync 6 at Thu Jun 25 19:04:53 UTC 2026
Cache sync 7 at Thu Jun 25 19:04:53 UTC 2026
Cache sync 8 at Thu Jun 25 19:04:53 UTC 2026
Cache sync 9 at Thu Jun 25 19:04:53 UTC 2026
Cache sync 10 at Thu Jun 25 19:04:53 UTC 2026
Cache sync 11 at Thu Jun 25 19:04:53 UTC 2026
Cache sync 12 at Thu Jun 25 19:04:53 UTC 2026
Cache sync 13 at Thu Jun 25 19:04:53 UTC 2026
Cache sync 14 at Thu Jun 25 19:04:53 UTC 2026
Cache sync 15 at Thu Jun 25 19:04:53 UTC 2026
Cache sync 16 at Thu Jun 25 19:04:53 UTC 2026
Cache sync 17 at Thu Jun 25 19:04:53 UTC 2026
Cache sync 18 at Thu Jun 25 19:04:53 UTC 2026
Cache sync 19 at Thu Jun 25 19:04:53 UTC 2026
Cache sync 20 at Thu Jun 25 19:04:53 UTC 2026
Cache sync 21 at Thu Jun 25 19:04:53 UTC 2026
Cache sync 22 at Thu Jun 25 19:04:53 UTC 2026
Cache sync 23 at Thu Jun 25 19:04:53 UTC 2026
Cache sync 24 at Thu Jun 25 19:04:53 UTC 2026
Cache sync 25 at Thu Jun 25 19:04:54 UTC 2026
Cache sync 26 at Thu Jun 25 19:04:54 UTC 2026
Cache sync 27 at Thu Jun 25 19:04:54 UTC 2026
Cache sync 28 at Thu Jun 25 19:04:54 UTC 2026
Cache sync 29 at Thu Jun 25 19:04:54 UTC 2026
Cache sync 30 at Thu Jun 25 19:04:54 UTC 2026
Cache sync 31 at Thu Jun 25 19:04:54 UTC 2026
Cache sync 32 at Thu Jun 25 19:04:54 UTC 2026
Cache sync 33 at Thu Jun 25 19:04:54 UTC 2026
Cache sync 34 at Thu Jun 25 19:04:54 UTC 2026
Cache sync 35 at Thu Jun 25 19:04:54 UTC 2026
Cache sync 36 at Thu Jun 25 19:04:54 UTC 2026
Cache sync 37 at Thu Jun 25 19:04:54 UTC 2026
Cache sync 38 at Thu Jun 25 19:04:54 UTC 2026
Cache sync 39 at Thu Jun 25 19:04:54 UTC 2026
Cache sync 40 at Thu Jun 25 19:04:54 UTC 2026
Cache sync 41 at Thu Jun 25 19:04:54 UTC 2026
Cache sync 42 at Thu Jun 25 19:04:54 UTC 2026
Cache sync 43 at Thu Jun 25 19:04:54 UTC 2026
Cache sync 44 at Thu Jun 25 19:04:54 UTC 2026
Cache sync 45 at Thu Jun 25 19:04:54 UTC 2026
Cache sync 46 at Thu Jun 25 19:04:54 UTC 2026
Cache sync 47 at Thu Jun 25 19:04:54 UTC 2026
Cache sync 48 at Thu Jun 25 19:04:54 UTC 2026
Cache sync 49 at Thu Jun 25 19:04:54 UTC 2026
Cache sync 50 at Thu Jun 25 19:04:54 UTC 2026
Cache sync 51 at Thu Jun 25 19:04:54 UTC 2026
Cache sync 52 at Thu Jun 25 19:04:54 UTC 2026
Cache sync 53 at Thu Jun 25 19:04:54 UTC 2026
Cache sync 54 at Thu Jun 25 19:04:54 UTC 2026
Cache sync 55 at Thu Jun 25 19:04:54 UTC 2026
Cache sync 56 at Thu Jun 25 19:04:54 UTC 2026
Cache sync 57 at Thu Jun 25 19:04:54 UTC 2026
Cache sync 58 at Thu Jun 25 19:04:54 UTC 2026
Cache sync 59 at Thu Jun 25 19:04:54 UTC 2026
Cache sync 60 at Thu Jun 25 19:04:54 UTC 2026
Cache sync 1 at Fri Jun 26 18:52:12 UTC 2026
Cache sync 2 at Fri Jun 26 18:52:12 UTC 2026
Cache sync 3 at Fri Jun 26 18:52:12 UTC 2026
Cache sync 4 at Fri Jun 26 18:52:12 UTC 2026
Cache sync 5 at Fri Jun 26 18:52:12 UTC 2026
Cache sync 6 at Fri Jun 26 18:52:12 UTC 2026
Cache sync 7 at Fri Jun 26 18:52:12 UTC 2026
Cache sync 8 at Fri Jun 26 18:52:12 UTC 2026
Cache sync 9 at Fri Jun 26 18:52:12 UTC 2026
Cache sync 10 at Fri Jun 26 18:52:12 UTC 2026
Cache sync 11 at Fri Jun 26 18:52:12 UTC 2026
Cache sync 12 at Fri Jun 26 18:52:12 UTC 2026
Cache sync 13 at Fri Jun 26 18:52:12 UTC 2026
Cache sync 14 at Fri Jun 26 18:52:12 UTC 2026
Cache sync 15 at Fri Jun 26 18:52:12 UTC 2026
Cache sync 16 at Fri Jun 26 18:52:12 UTC 2026
Cache sync 17 at Fri Jun 26 18:52:12 UTC 2026
Cache sync 18 at Fri Jun 26 18:52:12 UTC 2026
Cache sync 19 at Fri Jun 26 18:52:12 UTC 2026
Cache sync 20 at Fri Jun 26 18:52:12 UTC 2026
Cache sync 21 at Fri Jun 26 18:52:12 UTC 2026
Cache sync 22 at Fri Jun 26 18:52:12 UTC 2026
Cache sync 23 at Fri Jun 26 18:52:12 UTC 2026
Cache sync 24 at Fri Jun 26 18:52:12 UTC 2026
Cache sync 25 at Fri Jun 26 18:52:13 UTC 2026
Cache sync 26 at Fri Jun 26 18:52:13 UTC 2026
Cache sync 27 at Fri Jun 26 18:52:13 UTC 2026
Cache sync 28 at Fri Jun 26 18:52:13 UTC 2026
Cache sync 29 at Fri Jun 26 18:52:13 UTC 2026
Cache sync 30 at Fri Jun 26 18:52:13 UTC 2026
Cache sync 31 at Fri Jun 26 18:52:13 UTC 2026
Cache sync 32 at Fri Jun 26 18:52:13 UTC 2026
Cache sync 33 at Fri Jun 26 18:52:13 UTC 2026
Cache sync 34 at Fri Jun 26 18:52:13 UTC 2026
Cache sync 35 at Fri Jun 26 18:52:13 UTC 2026
Cache sync 36 at Fri Jun 26 18:52:13 UTC 2026
Cache sync 37 at Fri Jun 26 18:52:13 UTC 2026
Cache sync 38 at Fri Jun 26 18:52:13 UTC 2026
Cache sync 39 at Fri Jun 26 18:52:13 UTC 2026
Cache sync 40 at Fri Jun 26 18:52:13 UTC 2026
Cache sync 41 at Fri Jun 26 18:52:13 UTC 2026
Cache sync 42 at Fri Jun 26 18:52:13 UTC 2026
Cache sync 43 at Fri Jun 26 18:52:13 UTC 2026
Cache sync 44 at Fri Jun 26 18:52:13 UTC 2026
Cache sync 45 at Fri Jun 26 18:52:13 UTC 2026
Cache sync 46 at Fri Jun 26 18:52:13 UTC 2026
Cache sync 1 at Sat Jun 27 18:04:17 UTC 2026
Cache sync 2 at Sat Jun 27 18:04:17 UTC 2026
Cache sync 3 at Sat Jun 27 18:04:17 UTC 2026
Cache sync 4 at Sat Jun 27 18:04:17 UTC 2026
Cache sync 5 at Sat Jun 27 18:04:17 UTC 2026
Cache sync 6 at Sat Jun 27 18:04:17 UTC 2026
Cache sync 7 at Sat Jun 27 18:04:17 UTC 2026
Cache sync 8 at Sat Jun 27 18:04:17 UTC 2026
Cache sync 9 at Sat Jun 27 18:04:17 UTC 2026
Cache sync 10 at Sat Jun 27 18:04:17 UTC 2026
Cache sync 11 at Sat Jun 27 18:04:17 UTC 2026
Cache sync 12 at Sat Jun 27 18:04:17 UTC 2026
Cache sync 13 at Sat Jun 27 18:04:17 UTC 2026
Cache sync 14 at Sat Jun 27 18:04:17 UTC 2026
Cache sync 15 at Sat Jun 27 18:04:17 UTC 2026
Cache sync 16 at Sat Jun 27 18:04:17 UTC 2026
Cache sync 17 at Sat Jun 27 18:04:17 UTC 2026
Cache sync 18 at Sat Jun 27 18:04:17 UTC 2026
Cache sync 19 at Sat Jun 27 18:04:17 UTC 2026
Cache sync 20 at Sat Jun 27 18:04:17 UTC 2026
Cache sync 1 at Sun Jun 28 18:05:22 UTC 2026
Cache sync 2 at Sun Jun 28 18:05:22 UTC 2026
Cache sync 3 at Sun Jun 28 18:05:22 UTC 2026
Cache sync 4 at Sun Jun 28 18:05:22 UTC 2026
Cache sync 5 at Sun Jun 28 18:05:22 UTC 2026
Cache sync 6 at Sun Jun 28 18:05:22 UTC 2026
Cache sync 7 at Sun Jun 28 18:05:22 UTC 2026
Cache sync 8 at Sun Jun 28 18:05:22 UTC 2026
Cache sync 9 at Sun Jun 28 18:05:22 UTC 2026
Cache sync 10 at Sun Jun 28 18:05:22 UTC 2026
Cache sync 11 at Sun Jun 28 18:05:22 UTC 2026
Cache sync 12 at Sun Jun 28 18:05:22 UTC 2026
Cache sync 13 at Sun Jun 28 18:05:22 UTC 2026
Cache sync 14 at Sun Jun 28 18:05:22 UTC 2026
Cache sync 15 at Sun Jun 28 18:05:22 UTC 2026
Cache sync 16 at Sun Jun 28 18:05:22 UTC 2026
Cache sync 17 at Sun Jun 28 18:05:22 UTC 2026
Cache sync 18 at Sun Jun 28 18:05:22 UTC 2026
Cache sync 19 at Sun Jun 28 18:05:22 UTC 2026
Cache sync 20 at Sun Jun 28 18:05:22 UTC 2026
Cache sync 21 at Sun Jun 28 18:05:22 UTC 2026
Cache sync 22 at Sun Jun 28 18:05:22 UTC 2026
Cache sync 23 at Sun Jun 28 18:05:22 UTC 2026
Cache sync 24 at Sun Jun 28 18:05:22 UTC 2026
Cache sync 25 at Sun Jun 28 18:05:22 UTC 2026
Cache sync 26 at Sun Jun 28 18:05:22 UTC 2026
Cache sync 27 at Sun Jun 28 18:05:22 UTC 2026
Cache sync 28 at Sun Jun 28 18:05:22 UTC 2026
Cache sync 29 at Sun Jun 28 18:05:22 UTC 2026
Cache sync 30 at Sun Jun 28 18:05:22 UTC 2026
Cache sync 31 at Sun Jun 28 18:05:22 UTC 2026
Cache sync 32 at Sun Jun 28 18:05:22 UTC 2026
Cache sync 33 at Sun Jun 28 18:05:22 UTC 2026
Cache sync 34 at Sun Jun 28 18:05:22 UTC 2026
Cache sync 35 at Sun Jun 28 18:05:23 UTC 2026
Cache sync 36 at Sun Jun 28 18:05:23 UTC 2026
Cache sync 37 at Sun Jun 28 18:05:23 UTC 2026
Cache sync 38 at Sun Jun 28 18:05:23 UTC 2026
Cache sync 39 at Sun Jun 28 18:05:23 UTC 2026
Cache sync 40 at Sun Jun 28 18:05:23 UTC 2026
Cache sync 41 at Sun Jun 28 18:05:23 UTC 2026
Cache sync 42 at Sun Jun 28 18:05:23 UTC 2026
Cache sync 43 at Sun Jun 28 18:05:23 UTC 2026
Cache sync 44 at Sun Jun 28 18:05:23 UTC 2026
Cache sync 45 at Sun Jun 28 18:05:23 UTC 2026
Cache sync 46 at Sun Jun 28 18:05:23 UTC 2026
Cache sync 47 at Sun Jun 28 18:05:23 UTC 2026
Cache sync 48 at Sun Jun 28 18:05:23 UTC 2026
Cache sync 49 at Sun Jun 28 18:05:23 UTC 2026
Cache sync 50 at Sun Jun 28 18:05:23 UTC 2026
Cache sync 51 at Sun Jun 28 18:05:23 UTC 2026
Cache sync 52 at Sun Jun 28 18:05:23 UTC 2026
Cache sync 53 at Sun Jun 28 18:05:23 UTC 2026
Cache sync 54 at Sun Jun 28 18:05:23 UTC 2026
Cache sync 55 at Sun Jun 28 18:05:23 UTC 2026
Cache sync 56 at Sun Jun 28 18:05:23 UTC 2026
Cache sync 57 at Sun Jun 28 18:05:23 UTC 2026
Cache sync 58 at Sun Jun 28 18:05:23 UTC 2026
Cache sync 59 at Sun Jun 28 18:05:23 UTC 2026
Cache sync 60 at Sun Jun 28 18:05:23 UTC 2026
Cache sync 61 at Sun Jun 28 18:05:23 UTC 2026
Cache sync 62 at Sun Jun 28 18:05:23 UTC 2026
Cache sync 63 at Sun Jun 28 18:05:23 UTC 2026
Cache sync 64 at Sun Jun 28 18:05:23 UTC 2026
Cache sync 65 at Sun Jun 28 18:05:23 UTC 2026
Cache sync 66 at Sun Jun 28 18:05:23 UTC 2026
Cache sync 67 at Sun Jun 28 18:05:23 UTC 2026
Cache sync 68 at Sun Jun 28 18:05:23 UTC 2026
Cache sync 69 at Sun Jun 28 18:05:23 UTC 2026
Cache sync 70 at Sun Jun 28 18:05:23 UTC 2026
Cache sync 71 at Sun Jun 28 18:05:23 UTC 2026
Cache sync 72 at Sun Jun 28 18:05:23 UTC 2026
Cache sync 73 at Sun Jun 28 18:05:23 UTC 2026
Cache sync 74 at Sun Jun 28 18:05:23 UTC 2026
Cache sync 75 at Sun Jun 28 18:05:23 UTC 2026
Cache sync 76 at Sun Jun 28 18:05:23 UTC 2026
Cache sync 77 at Sun Jun 28 18:05:23 UTC 2026
Cache sync 78 at Sun Jun 28 18:05:23 UTC 2026
Cache sync 79 at Sun Jun 28 18:05:23 UTC 2026
Cache sync 80 at Sun Jun 28 18:05:23 UTC 2026
Cache sync 81 at Sun Jun 28 18:05:23 UTC 2026
Cache sync 82 at Sun Jun 28 18:05:23 UTC 2026
Cache sync 83 at Sun Jun 28 18:05:23 UTC 2026
Cache sync 84 at Sun Jun 28 18:05:23 UTC 2026
Cache sync 1 at Mon Jun 29 19:04:24 UTC 2026
Cache sync 2 at Mon Jun 29 19:04:24 UTC 2026
Cache sync 3 at Mon Jun 29 19:04:24 UTC 2026
Cache sync 4 at Mon Jun 29 19:04:24 UTC 2026
Cache sync 5 at Mon Jun 29 19:04:24 UTC 2026
Cache sync 6 at Mon Jun 29 19:04:24 UTC 2026
Cache sync 7 at Mon Jun 29 19:04:24 UTC 2026
Cache sync 8 at Mon Jun 29 19:04:24 UTC 2026
Cache sync 9 at Mon Jun 29 19:04:24 UTC 2026
Cache sync 10 at Mon Jun 29 19:04:24 UTC 2026
Cache sync 11 at Mon Jun 29 19:04:24 UTC 2026
Cache sync 12 at Mon Jun 29 19:04:24 UTC 2026
Cache sync 13 at Mon Jun 29 19:04:24 UTC 2026
Cache sync 14 at Mon Jun 29 19:04:24 UTC 2026
Cache sync 15 at Mon Jun 29 19:04:25 UTC 2026
Cache sync 16 at Mon Jun 29 19:04:25 UTC 2026
Cache sync 17 at Mon Jun 29 19:04:25 UTC 2026
Cache sync 18 at Mon Jun 29 19:04:25 UTC 2026
Cache sync 19 at Mon Jun 29 19:04:25 UTC 2026
Cache sync 20 at Mon Jun 29 19:04:25 UTC 2026
Cache sync 21 at Mon Jun 29 19:04:25 UTC 2026
Cache sync 22 at Mon Jun 29 19:04:25 UTC 2026
Cache sync 23 at Mon Jun 29 19:04:25 UTC 2026
Cache sync 24 at Mon Jun 29 19:04:25 UTC 2026
Cache sync 25 at Mon Jun 29 19:04:25 UTC 2026
Cache sync 26 at Mon Jun 29 19:04:25 UTC 2026
Cache sync 27 at Mon Jun 29 19:04:25 UTC 2026
Cache sync 28 at Mon Jun 29 19:04:25 UTC 2026
Cache sync 29 at Mon Jun 29 19:04:25 UTC 2026
Cache sync 30 at Mon Jun 29 19:04:25 UTC 2026
Cache sync 31 at Mon Jun 29 19:04:25 UTC 2026
Cache sync 32 at Mon Jun 29 19:04:25 UTC 2026
Cache sync 33 at Mon Jun 29 19:04:25 UTC 2026
Cache sync 34 at Mon Jun 29 19:04:25 UTC 2026
Cache sync 35 at Mon Jun 29 19:04:25 UTC 2026
Cache sync 36 at Mon Jun 29 19:04:25 UTC 2026
Cache sync 37 at Mon Jun 29 19:04:25 UTC 2026
Cache sync 38 at Mon Jun 29 19:04:25 UTC 2026
Cache sync 39 at Mon Jun 29 19:04:25 UTC 2026
Cache sync 40 at Mon Jun 29 19:04:25 UTC 2026
Cache sync 41 at Mon Jun 29 19:04:25 UTC 2026
Cache sync 42 at Mon Jun 29 19:04:25 UTC 2026
Cache sync 43 at Mon Jun 29 19:04:25 UTC 2026
Cache sync 44 at Mon Jun 29 19:04:25 UTC 2026
Cache sync 45 at Mon Jun 29 19:04:25 UTC 2026
Cache sync 46 at Mon Jun 29 19:04:25 UTC 2026
Cache sync 47 at Mon Jun 29 19:04:25 UTC 2026
Cache sync 48 at Mon Jun 29 19:04:25 UTC 2026
Cache sync 1 at Wed Jul  1 18:58:48 UTC 2026
Cache sync 2 at Wed Jul  1 18:58:48 UTC 2026
Cache sync 3 at Wed Jul  1 18:58:48 UTC 2026
Cache sync 4 at Wed Jul  1 18:58:48 UTC 2026
Cache sync 5 at Wed Jul  1 18:58:48 UTC 2026
Cache sync 6 at Wed Jul  1 18:58:48 UTC 2026
Cache sync 7 at Wed Jul  1 18:58:48 UTC 2026
Cache sync 8 at Wed Jul  1 18:58:48 UTC 2026
Cache sync 9 at Wed Jul  1 18:58:48 UTC 2026
Cache sync 10 at Wed Jul  1 18:58:48 UTC 2026
Cache sync 11 at Wed Jul  1 18:58:48 UTC 2026
Cache sync 12 at Wed Jul  1 18:58:48 UTC 2026
Cache sync 13 at Wed Jul  1 18:58:48 UTC 2026
Cache sync 14 at Wed Jul  1 18:58:48 UTC 2026
Cache sync 15 at Wed Jul  1 18:58:48 UTC 2026
Cache sync 16 at Wed Jul  1 18:58:48 UTC 2026
Cache sync 17 at Wed Jul  1 18:58:48 UTC 2026
Cache sync 18 at Wed Jul  1 18:58:48 UTC 2026
Cache sync 19 at Wed Jul  1 18:58:48 UTC 2026
Cache sync 20 at Wed Jul  1 18:58:48 UTC 2026
Cache sync 21 at Wed Jul  1 18:58:48 UTC 2026
Cache sync 22 at Wed Jul  1 18:58:48 UTC 2026
Cache sync 23 at Wed Jul  1 18:58:48 UTC 2026
Cache sync 24 at Wed Jul  1 18:58:48 UTC 2026
Cache sync 25 at Wed Jul  1 18:58:49 UTC 2026
Cache sync 26 at Wed Jul  1 18:58:49 UTC 2026
Cache sync 27 at Wed Jul  1 18:58:49 UTC 2026
Cache sync 28 at Wed Jul  1 18:58:49 UTC 2026
Cache sync 29 at Wed Jul  1 18:58:49 UTC 2026
Cache sync 30 at Wed Jul  1 18:58:49 UTC 2026
Cache sync 31 at Wed Jul  1 18:58:49 UTC 2026
Cache sync 32 at Wed Jul  1 18:58:49 UTC 2026
Cache sync 33 at Wed Jul  1 18:58:49 UTC 2026
Cache sync 1 at Thu Jul  2 18:25:07 UTC 2026
Cache sync 2 at Thu Jul  2 18:25:07 UTC 2026
Cache sync 3 at Thu Jul  2 18:25:07 UTC 2026
Cache sync 4 at Thu Jul  2 18:25:07 UTC 2026
Cache sync 5 at Thu Jul  2 18:25:07 UTC 2026
Cache sync 6 at Thu Jul  2 18:25:07 UTC 2026
Cache sync 7 at Thu Jul  2 18:25:07 UTC 2026
Cache sync 8 at Thu Jul  2 18:25:07 UTC 2026
Cache sync 9 at Thu Jul  2 18:25:07 UTC 2026
Cache sync 10 at Thu Jul  2 18:25:07 UTC 2026
Cache sync 11 at Thu Jul  2 18:25:07 UTC 2026
Cache sync 12 at Thu Jul  2 18:25:07 UTC 2026
Cache sync 13 at Thu Jul  2 18:25:07 UTC 2026
Cache sync 14 at Thu Jul  2 18:25:07 UTC 2026
Cache sync 15 at Thu Jul  2 18:25:07 UTC 2026
Cache sync 16 at Thu Jul  2 18:25:07 UTC 2026
Cache sync 17 at Thu Jul  2 18:25:07 UTC 2026
Cache sync 18 at Thu Jul  2 18:25:07 UTC 2026
Cache sync 19 at Thu Jul  2 18:25:07 UTC 2026
Cache sync 20 at Thu Jul  2 18:25:07 UTC 2026
Cache sync 21 at Thu Jul  2 18:25:07 UTC 2026
Cache sync 22 at Thu Jul  2 18:25:07 UTC 2026
Cache sync 23 at Thu Jul  2 18:25:07 UTC 2026
Cache sync 24 at Thu Jul  2 18:25:07 UTC 2026
Cache sync 25 at Thu Jul  2 18:25:07 UTC 2026
Cache sync 26 at Thu Jul  2 18:25:07 UTC 2026
Cache sync 27 at Thu Jul  2 18:25:07 UTC 2026
Cache sync 28 at Thu Jul  2 18:25:07 UTC 2026
Cache sync 29 at Thu Jul  2 18:25:07 UTC 2026
Cache sync 30 at Thu Jul  2 18:25:07 UTC 2026
Cache sync 31 at Thu Jul  2 18:25:07 UTC 2026
Cache sync 32 at Thu Jul  2 18:25:07 UTC 2026
Cache sync 33 at Thu Jul  2 18:25:07 UTC 2026
Cache sync 34 at Thu Jul  2 18:25:07 UTC 2026
Cache sync 35 at Thu Jul  2 18:25:07 UTC 2026
Cache sync 36 at Thu Jul  2 18:25:07 UTC 2026
Cache sync 37 at Thu Jul  2 18:25:07 UTC 2026
Cache sync 38 at Thu Jul  2 18:25:07 UTC 2026
Cache sync 39 at Thu Jul  2 18:25:07 UTC 2026
Cache sync 40 at Thu Jul  2 18:25:07 UTC 2026
Cache sync 41 at Thu Jul  2 18:25:07 UTC 2026
Cache sync 42 at Thu Jul  2 18:25:07 UTC 2026
Cache sync 43 at Thu Jul  2 18:25:07 UTC 2026
Cache sync 44 at Thu Jul  2 18:25:07 UTC 2026
Cache sync 45 at Thu Jul  2 18:25:07 UTC 2026
Cache sync 46 at Thu Jul  2 18:25:07 UTC 2026
Cache sync 47 at Thu Jul  2 18:25:07 UTC 2026
Cache sync 48 at Thu Jul  2 18:25:07 UTC 2026
Cache sync 49 at Thu Jul  2 18:25:07 UTC 2026
Cache sync 50 at Thu Jul  2 18:25:07 UTC 2026
Cache sync 51 at Thu Jul  2 18:25:07 UTC 2026
Cache sync 52 at Thu Jul  2 18:25:07 UTC 2026
Cache sync 53 at Thu Jul  2 18:25:07 UTC 2026
Cache sync 54 at Thu Jul  2 18:25:07 UTC 2026
Cache sync 55 at Thu Jul  2 18:25:07 UTC 2026
Cache sync 56 at Thu Jul  2 18:25:07 UTC 2026
Cache sync 57 at Thu Jul  2 18:25:07 UTC 2026
Cache sync 58 at Thu Jul  2 18:25:07 UTC 2026
Cache sync 59 at Thu Jul  2 18:25:07 UTC 2026
Cache sync 60 at Thu Jul  2 18:25:07 UTC 2026
Cache sync 61 at Thu Jul  2 18:25:07 UTC 2026
Cache sync 1 at Fri Jul  3 18:12:45 UTC 2026
Cache sync 2 at Fri Jul  3 18:12:45 UTC 2026
Cache sync 3 at Fri Jul  3 18:12:45 UTC 2026
Cache sync 4 at Fri Jul  3 18:12:45 UTC 2026
Cache sync 5 at Fri Jul  3 18:12:45 UTC 2026
Cache sync 6 at Fri Jul  3 18:12:45 UTC 2026
Cache sync 7 at Fri Jul  3 18:12:45 UTC 2026
Cache sync 8 at Fri Jul  3 18:12:45 UTC 2026
Cache sync 9 at Fri Jul  3 18:12:45 UTC 2026
Cache sync 10 at Fri Jul  3 18:12:45 UTC 2026
Cache sync 11 at Fri Jul  3 18:12:45 UTC 2026
Cache sync 12 at Fri Jul  3 18:12:45 UTC 2026
Cache sync 13 at Fri Jul  3 18:12:45 UTC 2026
Cache sync 14 at Fri Jul  3 18:12:45 UTC 2026
Cache sync 15 at Fri Jul  3 18:12:45 UTC 2026
Cache sync 16 at Fri Jul  3 18:12:45 UTC 2026
Cache sync 17 at Fri Jul  3 18:12:45 UTC 2026
Cache sync 18 at Fri Jul  3 18:12:45 UTC 2026
Cache sync 19 at Fri Jul  3 18:12:45 UTC 2026
Cache sync 20 at Fri Jul  3 18:12:45 UTC 2026
Cache sync 1 at Sat Jul  4 18:01:22 UTC 2026
Cache sync 2 at Sat Jul  4 18:01:22 UTC 2026
Cache sync 3 at Sat Jul  4 18:01:22 UTC 2026
Cache sync 4 at Sat Jul  4 18:01:22 UTC 2026
Cache sync 5 at Sat Jul  4 18:01:22 UTC 2026
Cache sync 6 at Sat Jul  4 18:01:22 UTC 2026
Cache sync 7 at Sat Jul  4 18:01:22 UTC 2026
Cache sync 8 at Sat Jul  4 18:01:22 UTC 2026
Cache sync 9 at Sat Jul  4 18:01:22 UTC 2026
Cache sync 10 at Sat Jul  4 18:01:22 UTC 2026
Cache sync 11 at Sat Jul  4 18:01:22 UTC 2026
Cache sync 1 at Sun Jul  5 18:03:48 UTC 2026
Cache sync 2 at Sun Jul  5 18:03:48 UTC 2026
Cache sync 3 at Sun Jul  5 18:03:48 UTC 2026
Cache sync 4 at Sun Jul  5 18:03:48 UTC 2026
Cache sync 5 at Sun Jul  5 18:03:48 UTC 2026
Cache sync 6 at Sun Jul  5 18:03:48 UTC 2026
Cache sync 7 at Sun Jul  5 18:03:48 UTC 2026
Cache sync 8 at Sun Jul  5 18:03:48 UTC 2026
Cache sync 9 at Sun Jul  5 18:03:48 UTC 2026
Cache sync 10 at Sun Jul  5 18:03:48 UTC 2026
Cache sync 11 at Sun Jul  5 18:03:48 UTC 2026
Cache sync 12 at Sun Jul  5 18:03:48 UTC 2026
Cache sync 13 at Sun Jul  5 18:03:48 UTC 2026
Cache sync 14 at Sun Jul  5 18:03:48 UTC 2026
Cache sync 15 at Sun Jul  5 18:03:48 UTC 2026
Cache sync 16 at Sun Jul  5 18:03:48 UTC 2026
Cache sync 17 at Sun Jul  5 18:03:48 UTC 2026
Cache sync 18 at Sun Jul  5 18:03:48 UTC 2026
Cache sync 19 at Sun Jul  5 18:03:48 UTC 2026
Cache sync 20 at Sun Jul  5 18:03:48 UTC 2026
Cache sync 21 at Sun Jul  5 18:03:48 UTC 2026
Cache sync 1 at Tue Jul  7 19:02:33 UTC 2026
Cache sync 2 at Tue Jul  7 19:02:33 UTC 2026
Cache sync 3 at Tue Jul  7 19:02:33 UTC 2026
Cache sync 4 at Tue Jul  7 19:02:33 UTC 2026
Cache sync 5 at Tue Jul  7 19:02:33 UTC 2026
Cache sync 6 at Tue Jul  7 19:02:33 UTC 2026
Cache sync 7 at Tue Jul  7 19:02:33 UTC 2026
Cache sync 8 at Tue Jul  7 19:02:33 UTC 2026
Cache sync 9 at Tue Jul  7 19:02:33 UTC 2026
Cache sync 10 at Tue Jul  7 19:02:33 UTC 2026
Cache sync 11 at Tue Jul  7 19:02:33 UTC 2026
Cache sync 12 at Tue Jul  7 19:02:33 UTC 2026
Cache sync 13 at Tue Jul  7 19:02:33 UTC 2026
Cache sync 14 at Tue Jul  7 19:02:33 UTC 2026
Cache sync 15 at Tue Jul  7 19:02:33 UTC 2026
Cache sync 16 at Tue Jul  7 19:02:33 UTC 2026
Cache sync 17 at Tue Jul  7 19:02:33 UTC 2026
Cache sync 18 at Tue Jul  7 19:02:33 UTC 2026
Cache sync 19 at Tue Jul  7 19:02:33 UTC 2026
Cache sync 20 at Tue Jul  7 19:02:33 UTC 2026
Cache sync 21 at Tue Jul  7 19:02:33 UTC 2026
Cache sync 22 at Tue Jul  7 19:02:33 UTC 2026
Cache sync 23 at Tue Jul  7 19:02:33 UTC 2026
Cache sync 24 at Tue Jul  7 19:02:33 UTC 2026
Cache sync 25 at Tue Jul  7 19:02:33 UTC 2026
Cache sync 26 at Tue Jul  7 19:02:33 UTC 2026
Cache sync 27 at Tue Jul  7 19:02:33 UTC 2026
Cache sync 28 at Tue Jul  7 19:02:34 UTC 2026
Cache sync 29 at Tue Jul  7 19:02:34 UTC 2026
Cache sync 30 at Tue Jul  7 19:02:34 UTC 2026
Cache sync 31 at Tue Jul  7 19:02:34 UTC 2026
Cache sync 32 at Tue Jul  7 19:02:34 UTC 2026
Cache sync 33 at Tue Jul  7 19:02:34 UTC 2026
Cache sync 34 at Tue Jul  7 19:02:34 UTC 2026
Cache sync 35 at Tue Jul  7 19:02:34 UTC 2026
Cache sync 36 at Tue Jul  7 19:02:34 UTC 2026
Cache sync 37 at Tue Jul  7 19:02:34 UTC 2026
Cache sync 1 at Thu Jul  9 18:50:07 UTC 2026
Cache sync 2 at Thu Jul  9 18:50:07 UTC 2026
Cache sync 3 at Thu Jul  9 18:50:07 UTC 2026
Cache sync 4 at Thu Jul  9 18:50:07 UTC 2026
Cache sync 5 at Thu Jul  9 18:50:07 UTC 2026
Cache sync 6 at Thu Jul  9 18:50:07 UTC 2026
Cache sync 7 at Thu Jul  9 18:50:07 UTC 2026
Cache sync 8 at Thu Jul  9 18:50:07 UTC 2026
Cache sync 9 at Thu Jul  9 18:50:07 UTC 2026
Cache sync 10 at Thu Jul  9 18:50:07 UTC 2026
Cache sync 11 at Thu Jul  9 18:50:07 UTC 2026
Cache sync 12 at Thu Jul  9 18:50:07 UTC 2026
Cache sync 13 at Thu Jul  9 18:50:07 UTC 2026
Cache sync 14 at Thu Jul  9 18:50:07 UTC 2026
Cache sync 15 at Thu Jul  9 18:50:07 UTC 2026
Cache sync 16 at Thu Jul  9 18:50:07 UTC 2026
Cache sync 17 at Thu Jul  9 18:50:07 UTC 2026
Cache sync 18 at Thu Jul  9 18:50:07 UTC 2026
Cache sync 19 at Thu Jul  9 18:50:07 UTC 2026
Cache sync 20 at Thu Jul  9 18:50:07 UTC 2026
Cache sync 21 at Thu Jul  9 18:50:07 UTC 2026
Cache sync 22 at Thu Jul  9 18:50:07 UTC 2026
Cache sync 23 at Thu Jul  9 18:50:07 UTC 2026
Cache sync 24 at Thu Jul  9 18:50:07 UTC 2026
Cache sync 25 at Thu Jul  9 18:50:07 UTC 2026
Cache sync 26 at Thu Jul  9 18:50:07 UTC 2026
Cache sync 27 at Thu Jul  9 18:50:07 UTC 2026
Cache sync 28 at Thu Jul  9 18:50:07 UTC 2026
Cache sync 29 at Thu Jul  9 18:50:07 UTC 2026
Cache sync 30 at Thu Jul  9 18:50:07 UTC 2026
Cache sync 31 at Thu Jul  9 18:50:07 UTC 2026
Cache sync 32 at Thu Jul  9 18:50:07 UTC 2026
Cache sync 33 at Thu Jul  9 18:50:07 UTC 2026
Cache sync 34 at Thu Jul  9 18:50:07 UTC 2026
Cache sync 35 at Thu Jul  9 18:50:07 UTC 2026
Cache sync 36 at Thu Jul  9 18:50:07 UTC 2026
Cache sync 37 at Thu Jul  9 18:50:07 UTC 2026
Cache sync 38 at Thu Jul  9 18:50:07 UTC 2026
Cache sync 39 at Thu Jul  9 18:50:07 UTC 2026
Cache sync 40 at Thu Jul  9 18:50:07 UTC 2026
Cache sync 41 at Thu Jul  9 18:50:07 UTC 2026
Cache sync 42 at Thu Jul  9 18:50:07 UTC 2026
Cache sync 43 at Thu Jul  9 18:50:07 UTC 2026
Cache sync 44 at Thu Jul  9 18:50:07 UTC 2026
Cache sync 45 at Thu Jul  9 18:50:07 UTC 2026
Cache sync 46 at Thu Jul  9 18:50:07 UTC 2026
Cache sync 47 at Thu Jul  9 18:50:07 UTC 2026
Cache sync 48 at Thu Jul  9 18:50:07 UTC 2026
Cache sync 49 at Thu Jul  9 18:50:07 UTC 2026
Cache sync 50 at Thu Jul  9 18:50:07 UTC 2026
Cache sync 51 at Thu Jul  9 18:50:07 UTC 2026
Cache sync 52 at Thu Jul  9 18:50:07 UTC 2026
Cache sync 1 at Sat Jul 11 17:54:43 UTC 2026
Cache sync 2 at Sat Jul 11 17:54:43 UTC 2026
Cache sync 3 at Sat Jul 11 17:54:43 UTC 2026
Cache sync 4 at Sat Jul 11 17:54:43 UTC 2026
Cache sync 5 at Sat Jul 11 17:54:43 UTC 2026
Cache sync 6 at Sat Jul 11 17:54:43 UTC 2026
Cache sync 7 at Sat Jul 11 17:54:43 UTC 2026
Cache sync 8 at Sat Jul 11 17:54:43 UTC 2026
Cache sync 9 at Sat Jul 11 17:54:43 UTC 2026
Cache sync 10 at Sat Jul 11 17:54:43 UTC 2026
Cache sync 11 at Sat Jul 11 17:54:43 UTC 2026
Cache sync 12 at Sat Jul 11 17:54:43 UTC 2026
Cache sync 13 at Sat Jul 11 17:54:43 UTC 2026
Cache sync 14 at Sat Jul 11 17:54:43 UTC 2026
Cache sync 15 at Sat Jul 11 17:54:44 UTC 2026
Cache sync 16 at Sat Jul 11 17:54:44 UTC 2026
Cache sync 17 at Sat Jul 11 17:54:44 UTC 2026
Cache sync 18 at Sat Jul 11 17:54:44 UTC 2026
Cache sync 19 at Sat Jul 11 17:54:44 UTC 2026
Cache sync 20 at Sat Jul 11 17:54:44 UTC 2026
Cache sync 21 at Sat Jul 11 17:54:44 UTC 2026
Cache sync 22 at Sat Jul 11 17:54:44 UTC 2026
Cache sync 23 at Sat Jul 11 17:54:44 UTC 2026
Cache sync 24 at Sat Jul 11 17:54:44 UTC 2026
Cache sync 25 at Sat Jul 11 17:54:44 UTC 2026
Cache sync 26 at Sat Jul 11 17:54:44 UTC 2026
Cache sync 27 at Sat Jul 11 17:54:44 UTC 2026
Cache sync 28 at Sat Jul 11 17:54:44 UTC 2026
Cache sync 29 at Sat Jul 11 17:54:44 UTC 2026
Cache sync 30 at Sat Jul 11 17:54:44 UTC 2026
Cache sync 31 at Sat Jul 11 17:54:44 UTC 2026
Cache sync 32 at Sat Jul 11 17:54:44 UTC 2026
Cache sync 33 at Sat Jul 11 17:54:44 UTC 2026
Cache sync 34 at Sat Jul 11 17:54:44 UTC 2026
Cache sync 35 at Sat Jul 11 17:54:44 UTC 2026
Cache sync 36 at Sat Jul 11 17:54:44 UTC 2026
Cache sync 37 at Sat Jul 11 17:54:44 UTC 2026
Cache sync 38 at Sat Jul 11 17:54:44 UTC 2026
Cache sync 39 at Sat Jul 11 17:54:44 UTC 2026
Cache sync 40 at Sat Jul 11 17:54:44 UTC 2026
Cache sync 41 at Sat Jul 11 17:54:44 UTC 2026
Cache sync 42 at Sat Jul 11 17:54:44 UTC 2026
Cache sync 43 at Sat Jul 11 17:54:44 UTC 2026
Cache sync 44 at Sat Jul 11 17:54:44 UTC 2026
Cache sync 45 at Sat Jul 11 17:54:44 UTC 2026
Cache sync 46 at Sat Jul 11 17:54:44 UTC 2026
Cache sync 47 at Sat Jul 11 17:54:44 UTC 2026
Cache sync 48 at Sat Jul 11 17:54:44 UTC 2026
Cache sync 49 at Sat Jul 11 17:54:44 UTC 2026
Cache sync 1 at Sun Jul 12 17:58:27 UTC 2026
Cache sync 2 at Sun Jul 12 17:58:27 UTC 2026
Cache sync 3 at Sun Jul 12 17:58:27 UTC 2026
Cache sync 4 at Sun Jul 12 17:58:27 UTC 2026
Cache sync 5 at Sun Jul 12 17:58:27 UTC 2026
Cache sync 6 at Sun Jul 12 17:58:27 UTC 2026
Cache sync 7 at Sun Jul 12 17:58:27 UTC 2026
Cache sync 8 at Sun Jul 12 17:58:27 UTC 2026
Cache sync 9 at Sun Jul 12 17:58:27 UTC 2026
Cache sync 10 at Sun Jul 12 17:58:27 UTC 2026
Cache sync 11 at Sun Jul 12 17:58:27 UTC 2026
Cache sync 12 at Sun Jul 12 17:58:27 UTC 2026
Cache sync 13 at Sun Jul 12 17:58:27 UTC 2026
Cache sync 14 at Sun Jul 12 17:58:27 UTC 2026
Cache sync 15 at Sun Jul 12 17:58:27 UTC 2026
Cache sync 16 at Sun Jul 12 17:58:27 UTC 2026
Cache sync 17 at Sun Jul 12 17:58:27 UTC 2026
Cache sync 18 at Sun Jul 12 17:58:27 UTC 2026
Cache sync 19 at Sun Jul 12 17:58:27 UTC 2026
Cache sync 20 at Sun Jul 12 17:58:27 UTC 2026
Cache sync 21 at Sun Jul 12 17:58:27 UTC 2026
Cache sync 22 at Sun Jul 12 17:58:27 UTC 2026
Cache sync 23 at Sun Jul 12 17:58:27 UTC 2026
Cache sync 24 at Sun Jul 12 17:58:27 UTC 2026
Cache sync 25 at Sun Jul 12 17:58:27 UTC 2026
Cache sync 26 at Sun Jul 12 17:58:27 UTC 2026
Cache sync 27 at Sun Jul 12 17:58:27 UTC 2026
Cache sync 28 at Sun Jul 12 17:58:27 UTC 2026
Cache sync 29 at Sun Jul 12 17:58:27 UTC 2026
Cache sync 30 at Sun Jul 12 17:58:27 UTC 2026
Cache sync 31 at Sun Jul 12 17:58:27 UTC 2026
Cache sync 32 at Sun Jul 12 17:58:27 UTC 2026
Cache sync 33 at Sun Jul 12 17:58:27 UTC 2026
Cache sync 34 at Sun Jul 12 17:58:27 UTC 2026
Cache sync 35 at Sun Jul 12 17:58:27 UTC 2026
Cache sync 36 at Sun Jul 12 17:58:27 UTC 2026
Cache sync 37 at Sun Jul 12 17:58:27 UTC 2026
Cache sync 38 at Sun Jul 12 17:58:27 UTC 2026
Cache sync 39 at Sun Jul 12 17:58:27 UTC 2026
Cache sync 40 at Sun Jul 12 17:58:27 UTC 2026
Cache sync 41 at Sun Jul 12 17:58:27 UTC 2026
Cache sync 42 at Sun Jul 12 17:58:27 UTC 2026
Cache sync 43 at Sun Jul 12 17:58:27 UTC 2026
Cache sync 44 at Sun Jul 12 17:58:27 UTC 2026
Cache sync 45 at Sun Jul 12 17:58:27 UTC 2026
Cache sync 46 at Sun Jul 12 17:58:27 UTC 2026
Cache sync 47 at Sun Jul 12 17:58:27 UTC 2026
Cache sync 48 at Sun Jul 12 17:58:27 UTC 2026
Cache sync 49 at Sun Jul 12 17:58:27 UTC 2026
Cache sync 50 at Sun Jul 12 17:58:27 UTC 2026
Cache sync 51 at Sun Jul 12 17:58:27 UTC 2026
Cache sync 52 at Sun Jul 12 17:58:27 UTC 2026
Cache sync 53 at Sun Jul 12 17:58:27 UTC 2026
Cache sync 54 at Sun Jul 12 17:58:27 UTC 2026
Cache sync 55 at Sun Jul 12 17:58:27 UTC 2026
Cache sync 56 at Sun Jul 12 17:58:28 UTC 2026
Cache sync 57 at Sun Jul 12 17:58:28 UTC 2026
Cache sync 58 at Sun Jul 12 17:58:28 UTC 2026
Cache sync 59 at Sun Jul 12 17:58:28 UTC 2026
Cache sync 60 at Sun Jul 12 17:58:28 UTC 2026
Cache sync 61 at Sun Jul 12 17:58:28 UTC 2026
Cache sync 62 at Sun Jul 12 17:58:28 UTC 2026
Cache sync 63 at Sun Jul 12 17:58:28 UTC 2026
Cache sync 64 at Sun Jul 12 17:58:28 UTC 2026
Cache sync 65 at Sun Jul 12 17:58:28 UTC 2026
Cache sync 66 at Sun Jul 12 17:58:28 UTC 2026
Cache sync 67 at Sun Jul 12 17:58:28 UTC 2026
Cache sync 1 at Tue Jul 14 18:03:24 UTC 2026
Cache sync 2 at Tue Jul 14 18:03:24 UTC 2026
Cache sync 3 at Tue Jul 14 18:03:24 UTC 2026
Cache sync 4 at Tue Jul 14 18:03:24 UTC 2026
Cache sync 5 at Tue Jul 14 18:03:24 UTC 2026
Cache sync 6 at Tue Jul 14 18:03:24 UTC 2026
Cache sync 7 at Tue Jul 14 18:03:24 UTC 2026
Cache sync 8 at Tue Jul 14 18:03:24 UTC 2026
Cache sync 9 at Tue Jul 14 18:03:24 UTC 2026
Cache sync 10 at Tue Jul 14 18:03:24 UTC 2026
Cache sync 11 at Tue Jul 14 18:03:24 UTC 2026
Cache sync 12 at Tue Jul 14 18:03:24 UTC 2026
Cache sync 13 at Tue Jul 14 18:03:24 UTC 2026
Cache sync 14 at Tue Jul 14 18:03:24 UTC 2026
Cache sync 15 at Tue Jul 14 18:03:24 UTC 2026
Cache sync 16 at Tue Jul 14 18:03:24 UTC 2026
Cache sync 17 at Tue Jul 14 18:03:24 UTC 2026
Cache sync 18 at Tue Jul 14 18:03:24 UTC 2026
Cache sync 19 at Tue Jul 14 18:03:24 UTC 2026
Cache sync 20 at Tue Jul 14 18:03:24 UTC 2026
Cache sync 21 at Tue Jul 14 18:03:24 UTC 2026
Cache sync 22 at Tue Jul 14 18:03:24 UTC 2026
Cache sync 23 at Tue Jul 14 18:03:24 UTC 2026
Cache sync 24 at Tue Jul 14 18:03:24 UTC 2026
Cache sync 25 at Tue Jul 14 18:03:24 UTC 2026
Cache sync 26 at Tue Jul 14 18:03:24 UTC 2026
Cache sync 27 at Tue Jul 14 18:03:24 UTC 2026
Cache sync 28 at Tue Jul 14 18:03:24 UTC 2026
Cache sync 29 at Tue Jul 14 18:03:24 UTC 2026
Cache sync 30 at Tue Jul 14 18:03:24 UTC 2026
Cache sync 31 at Tue Jul 14 18:03:24 UTC 2026
Cache sync 32 at Tue Jul 14 18:03:24 UTC 2026
Cache sync 33 at Tue Jul 14 18:03:24 UTC 2026
Cache sync 34 at Tue Jul 14 18:03:24 UTC 2026
Cache sync 35 at Tue Jul 14 18:03:24 UTC 2026
Cache sync 36 at Tue Jul 14 18:03:24 UTC 2026
Cache sync 37 at Tue Jul 14 18:03:24 UTC 2026
Cache sync 38 at Tue Jul 14 18:03:24 UTC 2026
Cache sync 39 at Tue Jul 14 18:03:24 UTC 2026
Cache sync 40 at Tue Jul 14 18:03:24 UTC 2026
Cache sync 41 at Tue Jul 14 18:03:24 UTC 2026
Cache sync 42 at Tue Jul 14 18:03:24 UTC 2026
Cache sync 43 at Tue Jul 14 18:03:24 UTC 2026
Cache sync 44 at Tue Jul 14 18:03:24 UTC 2026
Cache sync 45 at Tue Jul 14 18:03:24 UTC 2026
Cache sync 46 at Tue Jul 14 18:03:24 UTC 2026
Cache sync 47 at Tue Jul 14 18:03:24 UTC 2026
Cache sync 48 at Tue Jul 14 18:03:24 UTC 2026
Cache sync 49 at Tue Jul 14 18:03:25 UTC 2026
Cache sync 50 at Tue Jul 14 18:03:25 UTC 2026
Cache sync 51 at Tue Jul 14 18:03:25 UTC 2026
Cache sync 52 at Tue Jul 14 18:03:25 UTC 2026
Cache sync 53 at Tue Jul 14 18:03:25 UTC 2026
Cache sync 54 at Tue Jul 14 18:03:25 UTC 2026
Cache sync 55 at Tue Jul 14 18:03:25 UTC 2026
Cache sync 56 at Tue Jul 14 18:03:25 UTC 2026
Cache sync 57 at Tue Jul 14 18:03:25 UTC 2026
Cache sync 58 at Tue Jul 14 18:03:25 UTC 2026
Cache sync 59 at Tue Jul 14 18:03:25 UTC 2026
Cache sync 60 at Tue Jul 14 18:03:25 UTC 2026
Cache sync 61 at Tue Jul 14 18:03:25 UTC 2026
Cache sync 62 at Tue Jul 14 18:03:25 UTC 2026
Cache sync 63 at Tue Jul 14 18:03:25 UTC 2026
Cache sync 64 at Tue Jul 14 18:03:25 UTC 2026
Cache sync 65 at Tue Jul 14 18:03:25 UTC 2026
Cache sync 66 at Tue Jul 14 18:03:25 UTC 2026
Cache sync 67 at Tue Jul 14 18:03:25 UTC 2026
Cache sync 68 at Tue Jul 14 18:03:25 UTC 2026
Cache sync 69 at Tue Jul 14 18:03:25 UTC 2026
Cache sync 70 at Tue Jul 14 18:03:25 UTC 2026
Cache sync 71 at Tue Jul 14 18:03:25 UTC 2026
Cache sync 72 at Tue Jul 14 18:03:25 UTC 2026
Cache sync 73 at Tue Jul 14 18:03:25 UTC 2026
Cache sync 74 at Tue Jul 14 18:03:25 UTC 2026
Cache sync 75 at Tue Jul 14 18:03:25 UTC 2026
Cache sync 76 at Tue Jul 14 18:03:25 UTC 2026
Cache sync 77 at Tue Jul 14 18:03:25 UTC 2026
Cache sync 78 at Tue Jul 14 18:03:25 UTC 2026
Cache sync 79 at Tue Jul 14 18:03:25 UTC 2026
Cache sync 80 at Tue Jul 14 18:03:25 UTC 2026
Cache sync 81 at Tue Jul 14 18:03:25 UTC 2026
Cache sync 82 at Tue Jul 14 18:03:25 UTC 2026
Cache sync 83 at Tue Jul 14 18:03:25 UTC 2026
Cache sync 84 at Tue Jul 14 18:03:25 UTC 2026
Cache sync 85 at Tue Jul 14 18:03:25 UTC 2026
Cache sync 1 at Wed Jul 15 18:07:53 UTC 2026
Cache sync 2 at Wed Jul 15 18:07:53 UTC 2026
Cache sync 3 at Wed Jul 15 18:07:53 UTC 2026
Cache sync 4 at Wed Jul 15 18:07:53 UTC 2026
Cache sync 5 at Wed Jul 15 18:07:53 UTC 2026
Cache sync 6 at Wed Jul 15 18:07:53 UTC 2026
Cache sync 7 at Wed Jul 15 18:07:53 UTC 2026
Cache sync 8 at Wed Jul 15 18:07:53 UTC 2026
Cache sync 9 at Wed Jul 15 18:07:53 UTC 2026
Cache sync 10 at Wed Jul 15 18:07:53 UTC 2026
Cache sync 11 at Wed Jul 15 18:07:53 UTC 2026
Cache sync 12 at Wed Jul 15 18:07:53 UTC 2026
Cache sync 13 at Wed Jul 15 18:07:53 UTC 2026
Cache sync 14 at Wed Jul 15 18:07:53 UTC 2026
Cache sync 15 at Wed Jul 15 18:07:53 UTC 2026
Cache sync 16 at Wed Jul 15 18:07:53 UTC 2026
Cache sync 17 at Wed Jul 15 18:07:53 UTC 2026
Cache sync 18 at Wed Jul 15 18:07:53 UTC 2026
Cache sync 19 at Wed Jul 15 18:07:53 UTC 2026
Cache sync 20 at Wed Jul 15 18:07:53 UTC 2026
Cache sync 21 at Wed Jul 15 18:07:53 UTC 2026
Cache sync 22 at Wed Jul 15 18:07:53 UTC 2026
Cache sync 23 at Wed Jul 15 18:07:53 UTC 2026
Cache sync 24 at Wed Jul 15 18:07:53 UTC 2026
Cache sync 25 at Wed Jul 15 18:07:53 UTC 2026
Cache sync 26 at Wed Jul 15 18:07:53 UTC 2026
Cache sync 27 at Wed Jul 15 18:07:54 UTC 2026
Cache sync 28 at Wed Jul 15 18:07:54 UTC 2026
Cache sync 29 at Wed Jul 15 18:07:54 UTC 2026
Cache sync 30 at Wed Jul 15 18:07:54 UTC 2026
Cache sync 31 at Wed Jul 15 18:07:54 UTC 2026
Cache sync 32 at Wed Jul 15 18:07:54 UTC 2026
Cache sync 33 at Wed Jul 15 18:07:54 UTC 2026
Cache sync 34 at Wed Jul 15 18:07:54 UTC 2026
Cache sync 35 at Wed Jul 15 18:07:54 UTC 2026
Cache sync 36 at Wed Jul 15 18:07:54 UTC 2026
Cache sync 37 at Wed Jul 15 18:07:54 UTC 2026
Cache sync 38 at Wed Jul 15 18:07:54 UTC 2026
Cache sync 39 at Wed Jul 15 18:07:54 UTC 2026
Cache sync 40 at Wed Jul 15 18:07:54 UTC 2026
Cache sync 41 at Wed Jul 15 18:07:54 UTC 2026
Cache sync 42 at Wed Jul 15 18:07:54 UTC 2026
Cache sync 43 at Wed Jul 15 18:07:54 UTC 2026
Cache sync 44 at Wed Jul 15 18:07:54 UTC 2026
Cache sync 45 at Wed Jul 15 18:07:54 UTC 2026
Cache sync 46 at Wed Jul 15 18:07:54 UTC 2026
Cache sync 47 at Wed Jul 15 18:07:54 UTC 2026
Cache sync 48 at Wed Jul 15 18:07:54 UTC 2026
Cache sync 49 at Wed Jul 15 18:07:54 UTC 2026
Cache sync 50 at Wed Jul 15 18:07:54 UTC 2026
Cache sync 51 at Wed Jul 15 18:07:54 UTC 2026
Cache sync 52 at Wed Jul 15 18:07:54 UTC 2026
Cache sync 53 at Wed Jul 15 18:07:54 UTC 2026
Cache sync 54 at Wed Jul 15 18:07:54 UTC 2026
Cache sync 55 at Wed Jul 15 18:07:54 UTC 2026
Cache sync 56 at Wed Jul 15 18:07:54 UTC 2026
Cache sync 57 at Wed Jul 15 18:07:54 UTC 2026
Cache sync 58 at Wed Jul 15 18:07:54 UTC 2026
Cache sync 59 at Wed Jul 15 18:07:54 UTC 2026
Cache sync 1 at Thu Jul 16 18:07:00 UTC 2026
Cache sync 2 at Thu Jul 16 18:07:00 UTC 2026
Cache sync 3 at Thu Jul 16 18:07:00 UTC 2026
Cache sync 4 at Thu Jul 16 18:07:00 UTC 2026
Cache sync 5 at Thu Jul 16 18:07:00 UTC 2026
Cache sync 6 at Thu Jul 16 18:07:00 UTC 2026
Cache sync 7 at Thu Jul 16 18:07:00 UTC 2026
Cache sync 8 at Thu Jul 16 18:07:00 UTC 2026
Cache sync 9 at Thu Jul 16 18:07:00 UTC 2026
Cache sync 10 at Thu Jul 16 18:07:00 UTC 2026
Cache sync 11 at Thu Jul 16 18:07:00 UTC 2026
Cache sync 12 at Thu Jul 16 18:07:00 UTC 2026
Cache sync 13 at Thu Jul 16 18:07:00 UTC 2026
Cache sync 14 at Thu Jul 16 18:07:00 UTC 2026
Cache sync 15 at Thu Jul 16 18:07:00 UTC 2026
Cache sync 16 at Thu Jul 16 18:07:00 UTC 2026
Cache sync 17 at Thu Jul 16 18:07:00 UTC 2026
Cache sync 18 at Thu Jul 16 18:07:00 UTC 2026
Cache sync 19 at Thu Jul 16 18:07:00 UTC 2026
Cache sync 20 at Thu Jul 16 18:07:00 UTC 2026
Cache sync 21 at Thu Jul 16 18:07:00 UTC 2026
Cache sync 22 at Thu Jul 16 18:07:00 UTC 2026
Cache sync 23 at Thu Jul 16 18:07:00 UTC 2026
Cache sync 24 at Thu Jul 16 18:07:00 UTC 2026
Cache sync 25 at Thu Jul 16 18:07:00 UTC 2026
Cache sync 26 at Thu Jul 16 18:07:00 UTC 2026
Cache sync 27 at Thu Jul 16 18:07:01 UTC 2026
Cache sync 28 at Thu Jul 16 18:07:01 UTC 2026
Cache sync 29 at Thu Jul 16 18:07:01 UTC 2026
Cache sync 30 at Thu Jul 16 18:07:01 UTC 2026
Cache sync 31 at Thu Jul 16 18:07:01 UTC 2026
Cache sync 32 at Thu Jul 16 18:07:01 UTC 2026
Cache sync 33 at Thu Jul 16 18:07:01 UTC 2026
Cache sync 34 at Thu Jul 16 18:07:01 UTC 2026
Cache sync 35 at Thu Jul 16 18:07:01 UTC 2026
Cache sync 36 at Thu Jul 16 18:07:01 UTC 2026
Cache sync 37 at Thu Jul 16 18:07:01 UTC 2026
Cache sync 38 at Thu Jul 16 18:07:01 UTC 2026
Cache sync 39 at Thu Jul 16 18:07:01 UTC 2026
Cache sync 40 at Thu Jul 16 18:07:01 UTC 2026
Cache sync 41 at Thu Jul 16 18:07:01 UTC 2026
Cache sync 42 at Thu Jul 16 18:07:01 UTC 2026
Cache sync 43 at Thu Jul 16 18:07:01 UTC 2026
Cache sync 44 at Thu Jul 16 18:07:01 UTC 2026
Cache sync 45 at Thu Jul 16 18:07:01 UTC 2026
Cache sync 46 at Thu Jul 16 18:07:01 UTC 2026
Cache sync 47 at Thu Jul 16 18:07:01 UTC 2026
Cache sync 48 at Thu Jul 16 18:07:01 UTC 2026
Cache sync 49 at Thu Jul 16 18:07:01 UTC 2026
Cache sync 50 at Thu Jul 16 18:07:01 UTC 2026
Cache sync 51 at Thu Jul 16 18:07:01 UTC 2026
Cache sync 52 at Thu Jul 16 18:07:01 UTC 2026
Cache sync 53 at Thu Jul 16 18:07:01 UTC 2026
Cache sync 54 at Thu Jul 16 18:07:01 UTC 2026
Cache sync 55 at Thu Jul 16 18:07:01 UTC 2026
Cache sync 56 at Thu Jul 16 18:07:01 UTC 2026
Cache sync 57 at Thu Jul 16 18:07:01 UTC 2026
Cache sync 58 at Thu Jul 16 18:07:01 UTC 2026
Cache sync 59 at Thu Jul 16 18:07:01 UTC 2026
Cache sync 60 at Thu Jul 16 18:07:01 UTC 2026
Cache sync 61 at Thu Jul 16 18:07:01 UTC 2026
Cache sync 62 at Thu Jul 16 18:07:01 UTC 2026
Cache sync 63 at Thu Jul 16 18:07:01 UTC 2026
Cache sync 64 at Thu Jul 16 18:07:01 UTC 2026
Cache sync 1 at Fri Jul 17 18:05:40 UTC 2026
Cache sync 2 at Fri Jul 17 18:05:40 UTC 2026
Cache sync 3 at Fri Jul 17 18:05:40 UTC 2026
Cache sync 4 at Fri Jul 17 18:05:41 UTC 2026
Cache sync 5 at Fri Jul 17 18:05:41 UTC 2026
Cache sync 6 at Fri Jul 17 18:05:41 UTC 2026
Cache sync 7 at Fri Jul 17 18:05:41 UTC 2026
Cache sync 8 at Fri Jul 17 18:05:41 UTC 2026
Cache sync 9 at Fri Jul 17 18:05:41 UTC 2026
Cache sync 10 at Fri Jul 17 18:05:41 UTC 2026
Cache sync 11 at Fri Jul 17 18:05:41 UTC 2026
Cache sync 12 at Fri Jul 17 18:05:41 UTC 2026
Cache sync 13 at Fri Jul 17 18:05:41 UTC 2026
Cache sync 14 at Fri Jul 17 18:05:41 UTC 2026
Cache sync 15 at Fri Jul 17 18:05:41 UTC 2026
Cache sync 16 at Fri Jul 17 18:05:41 UTC 2026
Cache sync 17 at Fri Jul 17 18:05:41 UTC 2026
Cache sync 18 at Fri Jul 17 18:05:41 UTC 2026
Cache sync 19 at Fri Jul 17 18:05:41 UTC 2026
Cache sync 20 at Fri Jul 17 18:05:41 UTC 2026
Cache sync 21 at Fri Jul 17 18:05:41 UTC 2026
Cache sync 22 at Fri Jul 17 18:05:41 UTC 2026
Cache sync 23 at Fri Jul 17 18:05:41 UTC 2026
Cache sync 24 at Fri Jul 17 18:05:41 UTC 2026
Cache sync 25 at Fri Jul 17 18:05:41 UTC 2026
Cache sync 26 at Fri Jul 17 18:05:41 UTC 2026
Cache sync 27 at Fri Jul 17 18:05:41 UTC 2026
Cache sync 28 at Fri Jul 17 18:05:41 UTC 2026
Cache sync 29 at Fri Jul 17 18:05:41 UTC 2026
Cache sync 30 at Fri Jul 17 18:05:41 UTC 2026
Cache sync 31 at Fri Jul 17 18:05:41 UTC 2026
Cache sync 32 at Fri Jul 17 18:05:41 UTC 2026
Cache sync 33 at Fri Jul 17 18:05:41 UTC 2026
Cache sync 34 at Fri Jul 17 18:05:41 UTC 2026
Cache sync 35 at Fri Jul 17 18:05:41 UTC 2026
Cache sync 36 at Fri Jul 17 18:05:41 UTC 2026
Cache sync 37 at Fri Jul 17 18:05:41 UTC 2026
Cache sync 38 at Fri Jul 17 18:05:41 UTC 2026
Cache sync 39 at Fri Jul 17 18:05:41 UTC 2026
Cache sync 40 at Fri Jul 17 18:05:41 UTC 2026
Cache sync 41 at Fri Jul 17 18:05:41 UTC 2026
Cache sync 42 at Fri Jul 17 18:05:41 UTC 2026
Cache sync 43 at Fri Jul 17 18:05:41 UTC 2026
Cache sync 44 at Fri Jul 17 18:05:41 UTC 2026
Cache sync 45 at Fri Jul 17 18:05:41 UTC 2026
Cache sync 46 at Fri Jul 17 18:05:41 UTC 2026
Cache sync 47 at Fri Jul 17 18:05:41 UTC 2026
Cache sync 48 at Fri Jul 17 18:05:41 UTC 2026
Cache sync 49 at Fri Jul 17 18:05:41 UTC 2026
Cache sync 50 at Fri Jul 17 18:05:41 UTC 2026
Cache sync 51 at Fri Jul 17 18:05:41 UTC 2026
Cache sync 52 at Fri Jul 17 18:05:41 UTC 2026
Cache sync 53 at Fri Jul 17 18:05:41 UTC 2026
Cache sync 54 at Fri Jul 17 18:05:41 UTC 2026
Cache sync 55 at Fri Jul 17 18:05:41 UTC 2026
Cache sync 56 at Fri Jul 17 18:05:41 UTC 2026
Cache sync 57 at Fri Jul 17 18:05:41 UTC 2026
Cache sync 58 at Fri Jul 17 18:05:41 UTC 2026
Cache sync 59 at Fri Jul 17 18:05:41 UTC 2026
Cache sync 60 at Fri Jul 17 18:05:41 UTC 2026
Cache sync 61 at Fri Jul 17 18:05:41 UTC 2026
Cache sync 62 at Fri Jul 17 18:05:41 UTC 2026
Cache sync 63 at Fri Jul 17 18:05:41 UTC 2026
Cache sync 64 at Fri Jul 17 18:05:41 UTC 2026
Cache sync 65 at Fri Jul 17 18:05:41 UTC 2026
Cache sync 66 at Fri Jul 17 18:05:41 UTC 2026
Cache sync 67 at Fri Jul 17 18:05:41 UTC 2026
Cache sync 68 at Fri Jul 17 18:05:41 UTC 2026
Cache sync 69 at Fri Jul 17 18:05:41 UTC 2026
Cache sync 70 at Fri Jul 17 18:05:41 UTC 2026
Cache sync 1 at Sat Jul 18 17:55:47 UTC 2026
Cache sync 2 at Sat Jul 18 17:55:47 UTC 2026
Cache sync 3 at Sat Jul 18 17:55:47 UTC 2026
Cache sync 4 at Sat Jul 18 17:55:47 UTC 2026
Cache sync 5 at Sat Jul 18 17:55:47 UTC 2026
Cache sync 6 at Sat Jul 18 17:55:47 UTC 2026
Cache sync 7 at Sat Jul 18 17:55:47 UTC 2026
Cache sync 8 at Sat Jul 18 17:55:47 UTC 2026
Cache sync 9 at Sat Jul 18 17:55:47 UTC 2026
Cache sync 10 at Sat Jul 18 17:55:47 UTC 2026
Cache sync 1 at Sun Jul 19 17:57:04 UTC 2026
Cache sync 2 at Sun Jul 19 17:57:04 UTC 2026
Cache sync 3 at Sun Jul 19 17:57:05 UTC 2026
Cache sync 4 at Sun Jul 19 17:57:05 UTC 2026
Cache sync 5 at Sun Jul 19 17:57:05 UTC 2026
Cache sync 6 at Sun Jul 19 17:57:05 UTC 2026
Cache sync 7 at Sun Jul 19 17:57:05 UTC 2026
Cache sync 8 at Sun Jul 19 17:57:05 UTC 2026
Cache sync 9 at Sun Jul 19 17:57:05 UTC 2026
Cache sync 10 at Sun Jul 19 17:57:05 UTC 2026
Cache sync 11 at Sun Jul 19 17:57:05 UTC 2026
Cache sync 12 at Sun Jul 19 17:57:05 UTC 2026
Cache sync 13 at Sun Jul 19 17:57:05 UTC 2026
Cache sync 14 at Sun Jul 19 17:57:05 UTC 2026
Cache sync 15 at Sun Jul 19 17:57:05 UTC 2026
Cache sync 16 at Sun Jul 19 17:57:05 UTC 2026
Cache sync 1 at Mon Jul 20 18:52:20 UTC 2026
Cache sync 2 at Mon Jul 20 18:52:20 UTC 2026
Cache sync 3 at Mon Jul 20 18:52:20 UTC 2026
Cache sync 4 at Mon Jul 20 18:52:20 UTC 2026
Cache sync 5 at Mon Jul 20 18:52:20 UTC 2026
Cache sync 6 at Mon Jul 20 18:52:20 UTC 2026
Cache sync 7 at Mon Jul 20 18:52:20 UTC 2026
Cache sync 8 at Mon Jul 20 18:52:21 UTC 2026
Cache sync 9 at Mon Jul 20 18:52:21 UTC 2026
Cache sync 10 at Mon Jul 20 18:52:21 UTC 2026
Cache sync 11 at Mon Jul 20 18:52:21 UTC 2026
Cache sync 12 at Mon Jul 20 18:52:21 UTC 2026
Cache sync 13 at Mon Jul 20 18:52:21 UTC 2026
Cache sync 14 at Mon Jul 20 18:52:21 UTC 2026
Cache sync 15 at Mon Jul 20 18:52:21 UTC 2026
Cache sync 16 at Mon Jul 20 18:52:21 UTC 2026
Cache sync 17 at Mon Jul 20 18:52:21 UTC 2026
Cache sync 18 at Mon Jul 20 18:52:21 UTC 2026
Cache sync 19 at Mon Jul 20 18:52:21 UTC 2026
Cache sync 20 at Mon Jul 20 18:52:21 UTC 2026
Cache sync 21 at Mon Jul 20 18:52:21 UTC 2026
Cache sync 22 at Mon Jul 20 18:52:21 UTC 2026
Cache sync 23 at Mon Jul 20 18:52:21 UTC 2026
Cache sync 24 at Mon Jul 20 18:52:21 UTC 2026
Cache sync 1 at Tue Jul 21 18:15:35 UTC 2026
Cache sync 2 at Tue Jul 21 18:15:35 UTC 2026
Cache sync 3 at Tue Jul 21 18:15:35 UTC 2026
Cache sync 4 at Tue Jul 21 18:15:35 UTC 2026
Cache sync 5 at Tue Jul 21 18:15:35 UTC 2026
Cache sync 6 at Tue Jul 21 18:15:35 UTC 2026
Cache sync 7 at Tue Jul 21 18:15:35 UTC 2026
Cache sync 8 at Tue Jul 21 18:15:35 UTC 2026
Cache sync 9 at Tue Jul 21 18:15:35 UTC 2026
Cache sync 10 at Tue Jul 21 18:15:36 UTC 2026
Cache sync 11 at Tue Jul 21 18:15:36 UTC 2026
Cache sync 12 at Tue Jul 21 18:15:36 UTC 2026
Cache sync 13 at Tue Jul 21 18:15:36 UTC 2026
Cache sync 14 at Tue Jul 21 18:15:36 UTC 2026
Cache sync 15 at Tue Jul 21 18:15:36 UTC 2026
Cache sync 16 at Tue Jul 21 18:15:36 UTC 2026
Cache sync 17 at Tue Jul 21 18:15:36 UTC 2026
Cache sync 18 at Tue Jul 21 18:15:36 UTC 2026
Cache sync 19 at Tue Jul 21 18:15:36 UTC 2026
Cache sync 20 at Tue Jul 21 18:15:36 UTC 2026
Cache sync 21 at Tue Jul 21 18:15:36 UTC 2026
Cache sync 22 at Tue Jul 21 18:15:36 UTC 2026
Cache sync 1 at Wed Jul 22 18:07:40 UTC 2026
Cache sync 2 at Wed Jul 22 18:07:40 UTC 2026
Cache sync 3 at Wed Jul 22 18:07:40 UTC 2026
Cache sync 4 at Wed Jul 22 18:07:40 UTC 2026
Cache sync 5 at Wed Jul 22 18:07:40 UTC 2026
Cache sync 6 at Wed Jul 22 18:07:40 UTC 2026
Cache sync 7 at Wed Jul 22 18:07:40 UTC 2026
Cache sync 8 at Wed Jul 22 18:07:40 UTC 2026
Cache sync 9 at Wed Jul 22 18:07:40 UTC 2026
Cache sync 10 at Wed Jul 22 18:07:40 UTC 2026
Cache sync 11 at Wed Jul 22 18:07:40 UTC 2026
Cache sync 12 at Wed Jul 22 18:07:40 UTC 2026
Cache sync 13 at Wed Jul 22 18:07:40 UTC 2026
Cache sync 14 at Wed Jul 22 18:07:40 UTC 2026
Cache sync 15 at Wed Jul 22 18:07:40 UTC 2026
Cache sync 16 at Wed Jul 22 18:07:40 UTC 2026
Cache sync 17 at Wed Jul 22 18:07:40 UTC 2026
Cache sync 18 at Wed Jul 22 18:07:40 UTC 2026
Cache sync 19 at Wed Jul 22 18:07:40 UTC 2026
Cache sync 20 at Wed Jul 22 18:07:40 UTC 2026
Cache sync 21 at Wed Jul 22 18:07:40 UTC 2026
Cache sync 22 at Wed Jul 22 18:07:40 UTC 2026
Cache sync 23 at Wed Jul 22 18:07:40 UTC 2026
Cache sync 24 at Wed Jul 22 18:07:40 UTC 2026
Cache sync 25 at Wed Jul 22 18:07:40 UTC 2026
Cache sync 26 at Wed Jul 22 18:07:40 UTC 2026
Cache sync 27 at Wed Jul 22 18:07:40 UTC 2026
Cache sync 28 at Wed Jul 22 18:07:40 UTC 2026
Cache sync 29 at Wed Jul 22 18:07:40 UTC 2026
Cache sync 30 at Wed Jul 22 18:07:40 UTC 2026
Cache sync 31 at Wed Jul 22 18:07:40 UTC 2026
Cache sync 32 at Wed Jul 22 18:07:40 UTC 2026
Cache sync 33 at Wed Jul 22 18:07:40 UTC 2026
Cache sync 34 at Wed Jul 22 18:07:40 UTC 2026
Cache sync 35 at Wed Jul 22 18:07:40 UTC 2026
Cache sync 36 at Wed Jul 22 18:07:40 UTC 2026
Cache sync 37 at Wed Jul 22 18:07:40 UTC 2026
Cache sync 38 at Wed Jul 22 18:07:40 UTC 2026
Cache sync 39 at Wed Jul 22 18:07:40 UTC 2026
Cache sync 40 at Wed Jul 22 18:07:40 UTC 2026
Cache sync 41 at Wed Jul 22 18:07:40 UTC 2026
Cache sync 42 at Wed Jul 22 18:07:40 UTC 2026
Cache sync 43 at Wed Jul 22 18:07:40 UTC 2026
Cache sync 44 at Wed Jul 22 18:07:40 UTC 2026
Cache sync 45 at Wed Jul 22 18:07:40 UTC 2026
Cache sync 1 at Thu Jul 23 18:12:25 UTC 2026
Cache sync 2 at Thu Jul 23 18:12:25 UTC 2026
Cache sync 3 at Thu Jul 23 18:12:25 UTC 2026
Cache sync 4 at Thu Jul 23 18:12:25 UTC 2026
Cache sync 5 at Thu Jul 23 18:12:25 UTC 2026
Cache sync 6 at Thu Jul 23 18:12:25 UTC 2026
Cache sync 7 at Thu Jul 23 18:12:25 UTC 2026
Cache sync 8 at Thu Jul 23 18:12:25 UTC 2026
Cache sync 9 at Thu Jul 23 18:12:25 UTC 2026
Cache sync 10 at Thu Jul 23 18:12:25 UTC 2026
Cache sync 11 at Thu Jul 23 18:12:25 UTC 2026
Cache sync 12 at Thu Jul 23 18:12:25 UTC 2026
Cache sync 1 at Fri Jul 24 18:17:58 UTC 2026
Cache sync 2 at Fri Jul 24 18:17:58 UTC 2026
Cache sync 3 at Fri Jul 24 18:17:58 UTC 2026
Cache sync 4 at Fri Jul 24 18:17:58 UTC 2026
Cache sync 5 at Fri Jul 24 18:17:58 UTC 2026
Cache sync 6 at Fri Jul 24 18:17:58 UTC 2026
Cache sync 7 at Fri Jul 24 18:17:58 UTC 2026
Cache sync 8 at Fri Jul 24 18:17:58 UTC 2026
Cache sync 9 at Fri Jul 24 18:17:58 UTC 2026
Cache sync 10 at Fri Jul 24 18:17:58 UTC 2026
Cache sync 11 at Fri Jul 24 18:17:58 UTC 2026
Cache sync 12 at Fri Jul 24 18:17:58 UTC 2026
Cache sync 13 at Fri Jul 24 18:17:58 UTC 2026
Cache sync 14 at Fri Jul 24 18:17:58 UTC 2026
Cache sync 15 at Fri Jul 24 18:17:58 UTC 2026
Cache sync 16 at Fri Jul 24 18:17:58 UTC 2026
Cache sync 17 at Fri Jul 24 18:17:58 UTC 2026
Cache sync 18 at Fri Jul 24 18:17:58 UTC 2026
Cache sync 19 at Fri Jul 24 18:17:58 UTC 2026
Cache sync 20 at Fri Jul 24 18:17:58 UTC 2026
Cache sync 21 at Fri Jul 24 18:17:58 UTC 2026
Cache sync 22 at Fri Jul 24 18:17:58 UTC 2026
Cache sync 23 at Fri Jul 24 18:17:58 UTC 2026
Cache sync 24 at Fri Jul 24 18:17:58 UTC 2026
Cache sync 25 at Fri Jul 24 18:17:58 UTC 2026
Cache sync 26 at Fri Jul 24 18:17:58 UTC 2026
Cache sync 27 at Fri Jul 24 18:17:58 UTC 2026
Cache sync 28 at Fri Jul 24 18:17:58 UTC 2026
Cache sync 29 at Fri Jul 24 18:17:58 UTC 2026
Cache sync 30 at Fri Jul 24 18:17:58 UTC 2026
Cache sync 31 at Fri Jul 24 18:17:58 UTC 2026
Cache sync 1 at Sat Jul 25 17:58:19 UTC 2026
Cache sync 2 at Sat Jul 25 17:58:19 UTC 2026
Cache sync 3 at Sat Jul 25 17:58:19 UTC 2026
Cache sync 4 at Sat Jul 25 17:58:19 UTC 2026
Cache sync 5 at Sat Jul 25 17:58:19 UTC 2026
Cache sync 6 at Sat Jul 25 17:58:19 UTC 2026
Cache sync 7 at Sat Jul 25 17:58:19 UTC 2026
Cache sync 8 at Sat Jul 25 17:58:19 UTC 2026
Cache sync 9 at Sat Jul 25 17:58:19 UTC 2026
Cache sync 10 at Sat Jul 25 17:58:19 UTC 2026
Cache sync 11 at Sat Jul 25 17:58:19 UTC 2026
Cache sync 12 at Sat Jul 25 17:58:19 UTC 2026
Cache sync 13 at Sat Jul 25 17:58:19 UTC 2026
Cache sync 14 at Sat Jul 25 17:58:19 UTC 2026
Cache sync 15 at Sat Jul 25 17:58:19 UTC 2026
Cache sync 16 at Sat Jul 25 17:58:19 UTC 2026
Cache sync 17 at Sat Jul 25 17:58:20 UTC 2026
Cache sync 1 at Mon Jul 27 18:24:02 UTC 2026
Cache sync 2 at Mon Jul 27 18:24:02 UTC 2026
Cache sync 3 at Mon Jul 27 18:24:02 UTC 2026
Cache sync 4 at Mon Jul 27 18:24:02 UTC 2026
Cache sync 5 at Mon Jul 27 18:24:02 UTC 2026
Cache sync 6 at Mon Jul 27 18:24:02 UTC 2026
Cache sync 7 at Mon Jul 27 18:24:02 UTC 2026
Cache sync 8 at Mon Jul 27 18:24:02 UTC 2026
Cache sync 9 at Mon Jul 27 18:24:02 UTC 2026
Cache sync 10 at Mon Jul 27 18:24:02 UTC 2026
Cache sync 11 at Mon Jul 27 18:24:02 UTC 2026
Cache sync 12 at Mon Jul 27 18:24:02 UTC 2026
Cache sync 13 at Mon Jul 27 18:24:02 UTC 2026
Cache sync 14 at Mon Jul 27 18:24:02 UTC 2026
Cache sync 15 at Mon Jul 27 18:24:02 UTC 2026
Cache sync 16 at Mon Jul 27 18:24:02 UTC 2026
Cache sync 17 at Mon Jul 27 18:24:02 UTC 2026
Cache sync 18 at Mon Jul 27 18:24:03 UTC 2026
Cache sync 19 at Mon Jul 27 18:24:03 UTC 2026
Cache sync 20 at Mon Jul 27 18:24:03 UTC 2026
Cache sync 21 at Mon Jul 27 18:24:03 UTC 2026
Cache sync 22 at Mon Jul 27 18:24:03 UTC 2026
Cache sync 23 at Mon Jul 27 18:24:03 UTC 2026
Cache sync 24 at Mon Jul 27 18:24:03 UTC 2026
Cache sync 25 at Mon Jul 27 18:24:03 UTC 2026
Cache sync 26 at Mon Jul 27 18:24:03 UTC 2026
Cache sync 27 at Mon Jul 27 18:24:03 UTC 2026
Cache sync 28 at Mon Jul 27 18:24:03 UTC 2026
Cache sync 29 at Mon Jul 27 18:24:03 UTC 2026
Cache sync 30 at Mon Jul 27 18:24:03 UTC 2026
Cache sync 31 at Mon Jul 27 18:24:03 UTC 2026
Cache sync 32 at Mon Jul 27 18:24:03 UTC 2026
Cache sync 33 at Mon Jul 27 18:24:03 UTC 2026
Cache sync 34 at Mon Jul 27 18:24:03 UTC 2026
Cache sync 35 at Mon Jul 27 18:24:03 UTC 2026
Cache sync 36 at Mon Jul 27 18:24:03 UTC 2026
Cache sync 37 at Mon Jul 27 18:24:03 UTC 2026
Cache sync 38 at Mon Jul 27 18:24:03 UTC 2026
Cache sync 39 at Mon Jul 27 18:24:03 UTC 2026
Cache sync 40 at Mon Jul 27 18:24:03 UTC 2026
Cache sync 41 at Mon Jul 27 18:24:03 UTC 2026
Cache sync 42 at Mon Jul 27 18:24:03 UTC 2026
Cache sync 43 at Mon Jul 27 18:24:03 UTC 2026
Cache sync 44 at Mon Jul 27 18:24:03 UTC 2026
Cache sync 45 at Mon Jul 27 18:24:03 UTC 2026
Cache sync 46 at Mon Jul 27 18:24:03 UTC 2026
Cache sync 47 at Mon Jul 27 18:24:03 UTC 2026
Cache sync 48 at Mon Jul 27 18:24:03 UTC 2026
Cache sync 49 at Mon Jul 27 18:24:03 UTC 2026
Cache sync 50 at Mon Jul 27 18:24:03 UTC 2026
Cache sync 51 at Mon Jul 27 18:24:03 UTC 2026
Cache sync 52 at Mon Jul 27 18:24:03 UTC 2026
Cache sync 53 at Mon Jul 27 18:24:03 UTC 2026
Cache sync 54 at Mon Jul 27 18:24:03 UTC 2026
Cache sync 1 at Tue Jul 28 18:14:20 UTC 2026
Cache sync 2 at Tue Jul 28 18:14:20 UTC 2026
Cache sync 3 at Tue Jul 28 18:14:20 UTC 2026
Cache sync 4 at Tue Jul 28 18:14:20 UTC 2026
Cache sync 5 at Tue Jul 28 18:14:20 UTC 2026
Cache sync 6 at Tue Jul 28 18:14:20 UTC 2026
Cache sync 7 at Tue Jul 28 18:14:20 UTC 2026
Cache sync 8 at Tue Jul 28 18:14:20 UTC 2026
Cache sync 9 at Tue Jul 28 18:14:20 UTC 2026
Cache sync 10 at Tue Jul 28 18:14:20 UTC 2026
Cache sync 11 at Tue Jul 28 18:14:20 UTC 2026
Cache sync 12 at Tue Jul 28 18:14:20 UTC 2026
Cache sync 13 at Tue Jul 28 18:14:20 UTC 2026
Cache sync 14 at Tue Jul 28 18:14:20 UTC 2026
Cache sync 15 at Tue Jul 28 18:14:20 UTC 2026
Cache sync 16 at Tue Jul 28 18:14:20 UTC 2026
Cache sync 17 at Tue Jul 28 18:14:20 UTC 2026
Cache sync 18 at Tue Jul 28 18:14:20 UTC 2026
Cache sync 19 at Tue Jul 28 18:14:20 UTC 2026
Cache sync 20 at Tue Jul 28 18:14:20 UTC 2026
Cache sync 21 at Tue Jul 28 18:14:20 UTC 2026
Cache sync 22 at Tue Jul 28 18:14:20 UTC 2026
Cache sync 23 at Tue Jul 28 18:14:20 UTC 2026
Cache sync 24 at Tue Jul 28 18:14:20 UTC 2026
Cache sync 25 at Tue Jul 28 18:14:20 UTC 2026
Cache sync 26 at Tue Jul 28 18:14:20 UTC 2026
Cache sync 27 at Tue Jul 28 18:14:20 UTC 2026
Cache sync 28 at Tue Jul 28 18:14:20 UTC 2026
Cache sync 29 at Tue Jul 28 18:14:20 UTC 2026
Cache sync 30 at Tue Jul 28 18:14:20 UTC 2026
Cache sync 31 at Tue Jul 28 18:14:20 UTC 2026
Cache sync 32 at Tue Jul 28 18:14:20 UTC 2026
Cache sync 33 at Tue Jul 28 18:14:20 UTC 2026
Cache sync 34 at Tue Jul 28 18:14:20 UTC 2026
Cache sync 35 at Tue Jul 28 18:14:20 UTC 2026
Cache sync 36 at Tue Jul 28 18:14:20 UTC 2026
Cache sync 37 at Tue Jul 28 18:14:20 UTC 2026
Cache sync 38 at Tue Jul 28 18:14:20 UTC 2026
Cache sync 39 at Tue Jul 28 18:14:20 UTC 2026
Cache sync 40 at Tue Jul 28 18:14:20 UTC 2026
Cache sync 41 at Tue Jul 28 18:14:20 UTC 2026
Cache sync 42 at Tue Jul 28 18:14:21 UTC 2026
Cache sync 43 at Tue Jul 28 18:14:21 UTC 2026
Cache sync 44 at Tue Jul 28 18:14:21 UTC 2026
Cache sync 45 at Tue Jul 28 18:14:21 UTC 2026
Cache sync 46 at Tue Jul 28 18:14:21 UTC 2026
Cache sync 47 at Tue Jul 28 18:14:21 UTC 2026
Cache sync 48 at Tue Jul 28 18:14:21 UTC 2026
Cache sync 49 at Tue Jul 28 18:14:21 UTC 2026
Cache sync 1 at Wed Jul 29 18:07:51 UTC 2026
Cache sync 2 at Wed Jul 29 18:07:51 UTC 2026
Cache sync 3 at Wed Jul 29 18:07:51 UTC 2026
Cache sync 4 at Wed Jul 29 18:07:51 UTC 2026
Cache sync 5 at Wed Jul 29 18:07:51 UTC 2026
Cache sync 6 at Wed Jul 29 18:07:51 UTC 2026
Cache sync 7 at Wed Jul 29 18:07:51 UTC 2026
Cache sync 8 at Wed Jul 29 18:07:51 UTC 2026
Cache sync 9 at Wed Jul 29 18:07:51 UTC 2026
Cache sync 10 at Wed Jul 29 18:07:51 UTC 2026
Cache sync 11 at Wed Jul 29 18:07:51 UTC 2026
Cache sync 12 at Wed Jul 29 18:07:51 UTC 2026
Cache sync 13 at Wed Jul 29 18:07:51 UTC 2026
Cache sync 14 at Wed Jul 29 18:07:51 UTC 2026
Cache sync 15 at Wed Jul 29 18:07:51 UTC 2026
Cache sync 16 at Wed Jul 29 18:07:51 UTC 2026
Cache sync 17 at Wed Jul 29 18:07:51 UTC 2026
Cache sync 18 at Wed Jul 29 18:07:51 UTC 2026
Cache sync 19 at Wed Jul 29 18:07:51 UTC 2026
Cache sync 20 at Wed Jul 29 18:07:51 UTC 2026
Cache sync 1 at Fri Jul 31 18:20:23 UTC 2026
Cache sync 2 at Fri Jul 31 18:20:23 UTC 2026
Cache sync 3 at Fri Jul 31 18:20:23 UTC 2026
Cache sync 4 at Fri Jul 31 18:20:23 UTC 2026
Cache sync 5 at Fri Jul 31 18:20:23 UTC 2026
Cache sync 6 at Fri Jul 31 18:20:23 UTC 2026
Cache sync 7 at Fri Jul 31 18:20:23 UTC 2026
Cache sync 8 at Fri Jul 31 18:20:23 UTC 2026
Cache sync 9 at Fri Jul 31 18:20:23 UTC 2026
Cache sync 1 at Sat Aug  1 18:01:59 UTC 2026
Cache sync 2 at Sat Aug  1 18:01:59 UTC 2026
Cache sync 3 at Sat Aug  1 18:01:59 UTC 2026
Cache sync 4 at Sat Aug  1 18:01:59 UTC 2026
Cache sync 5 at Sat Aug  1 18:01:59 UTC 2026
Cache sync 6 at Sat Aug  1 18:01:59 UTC 2026
Cache sync 7 at Sat Aug  1 18:01:59 UTC 2026
Cache sync 8 at Sat Aug  1 18:01:59 UTC 2026
Cache sync 9 at Sat Aug  1 18:01:59 UTC 2026
Cache sync 10 at Sat Aug  1 18:02:00 UTC 2026
Cache sync 11 at Sat Aug  1 18:02:00 UTC 2026
Cache sync 12 at Sat Aug  1 18:02:00 UTC 2026
Cache sync 1 at Sun Aug  2 18:00:20 UTC 2026
Cache sync 2 at Sun Aug  2 18:00:20 UTC 2026
Cache sync 3 at Sun Aug  2 18:00:20 UTC 2026
Cache sync 4 at Sun Aug  2 18:00:20 UTC 2026
Cache sync 5 at Sun Aug  2 18:00:20 UTC 2026
Cache sync 6 at Sun Aug  2 18:00:20 UTC 2026
Cache sync 7 at Sun Aug  2 18:00:21 UTC 2026
Cache sync 1 at Mon Aug  3 18:50:41 UTC 2026
Cache sync 2 at Mon Aug  3 18:50:41 UTC 2026
Cache sync 3 at Mon Aug  3 18:50:41 UTC 2026
Cache sync 4 at Mon Aug  3 18:50:41 UTC 2026
Cache sync 5 at Mon Aug  3 18:50:41 UTC 2026
Cache sync 6 at Mon Aug  3 18:50:41 UTC 2026
Cache sync 7 at Mon Aug  3 18:50:41 UTC 2026
Cache sync 8 at Mon Aug  3 18:50:42 UTC 2026
Cache sync 9 at Mon Aug  3 18:50:42 UTC 2026
Cache sync 10 at Mon Aug  3 18:50:42 UTC 2026
Cache sync 11 at Mon Aug  3 18:50:42 UTC 2026
Cache sync 12 at Mon Aug  3 18:50:42 UTC 2026
Cache sync 13 at Mon Aug  3 18:50:42 UTC 2026
Cache sync 14 at Mon Aug  3 18:50:42 UTC 2026
Cache sync 15 at Mon Aug  3 18:50:42 UTC 2026
Cache sync 16 at Mon Aug  3 18:50:42 UTC 2026
Cache sync 17 at Mon Aug  3 18:50:42 UTC 2026
Cache sync 18 at Mon Aug  3 18:50:42 UTC 2026
Cache sync 19 at Mon Aug  3 18:50:42 UTC 2026
Cache sync 20 at Mon Aug  3 18:50:42 UTC 2026
Cache sync 21 at Mon Aug  3 18:50:42 UTC 2026
Cache sync 22 at Mon Aug  3 18:50:42 UTC 2026
Cache sync 23 at Mon Aug  3 18:50:42 UTC 2026
Cache sync 24 at Mon Aug  3 18:50:42 UTC 2026
Cache sync 25 at Mon Aug  3 18:50:42 UTC 2026
Cache sync 26 at Mon Aug  3 18:50:42 UTC 2026
Cache sync 27 at Mon Aug  3 18:50:42 UTC 2026
Cache sync 28 at Mon Aug  3 18:50:42 UTC 2026
Cache sync 29 at Mon Aug  3 18:50:42 UTC 2026
Cache sync 30 at Mon Aug  3 18:50:42 UTC 2026
Cache sync 31 at Mon Aug  3 18:50:42 UTC 2026
Cache sync 32 at Mon Aug  3 18:50:42 UTC 2026
Cache sync 33 at Mon Aug  3 18:50:42 UTC 2026
Cache sync 34 at Mon Aug  3 18:50:42 UTC 2026
Cache sync 35 at Mon Aug  3 18:50:42 UTC 2026
Cache sync 36 at Mon Aug  3 18:50:42 UTC 2026
Cache sync 37 at Mon Aug  3 18:50:42 UTC 2026
Cache sync 38 at Mon Aug  3 18:50:42 UTC 2026
Cache sync 39 at Mon Aug  3 18:50:42 UTC 2026
Cache sync 40 at Mon Aug  3 18:50:42 UTC 2026
Cache sync 41 at Mon Aug  3 18:50:42 UTC 2026
Cache sync 42 at Mon Aug  3 18:50:42 UTC 2026
Cache sync 43 at Mon Aug  3 18:50:42 UTC 2026
Cache sync 44 at Mon Aug  3 18:50:42 UTC 2026
Cache sync 45 at Mon Aug  3 18:50:42 UTC 2026
Cache sync 46 at Mon Aug  3 18:50:42 UTC 2026
Cache sync 47 at Mon Aug  3 18:50:42 UTC 2026
Cache sync 48 at Mon Aug  3 18:50:42 UTC 2026
Cache sync 49 at Mon Aug  3 18:50:42 UTC 2026
Cache sync 50 at Mon Aug  3 18:50:42 UTC 2026
Cache sync 1 at Tue Aug  4 18:27:13 UTC 2026
Cache sync 2 at Tue Aug  4 18:27:13 UTC 2026
Cache sync 3 at Tue Aug  4 18:27:13 UTC 2026
Cache sync 4 at Tue Aug  4 18:27:13 UTC 2026
Cache sync 5 at Tue Aug  4 18:27:13 UTC 2026
Cache sync 6 at Tue Aug  4 18:27:13 UTC 2026
Cache sync 7 at Tue Aug  4 18:27:13 UTC 2026
Cache sync 8 at Tue Aug  4 18:27:13 UTC 2026
Cache sync 9 at Tue Aug  4 18:27:13 UTC 2026
Cache sync 10 at Tue Aug  4 18:27:13 UTC 2026
Cache sync 11 at Tue Aug  4 18:27:13 UTC 2026
Cache sync 12 at Tue Aug  4 18:27:13 UTC 2026
Cache sync 13 at Tue Aug  4 18:27:13 UTC 2026
Cache sync 14 at Tue Aug  4 18:27:13 UTC 2026
Cache sync 15 at Tue Aug  4 18:27:13 UTC 2026
Cache sync 16 at Tue Aug  4 18:27:13 UTC 2026
Cache sync 17 at Tue Aug  4 18:27:13 UTC 2026
Cache sync 18 at Tue Aug  4 18:27:13 UTC 2026
Cache sync 19 at Tue Aug  4 18:27:13 UTC 2026
Cache sync 20 at Tue Aug  4 18:27:13 UTC 2026
Cache sync 21 at Tue Aug  4 18:27:13 UTC 2026
Cache sync 22 at Tue Aug  4 18:27:13 UTC 2026
Cache sync 23 at Tue Aug  4 18:27:13 UTC 2026
Cache sync 24 at Tue Aug  4 18:27:13 UTC 2026
Cache sync 25 at Tue Aug  4 18:27:13 UTC 2026
Cache sync 26 at Tue Aug  4 18:27:13 UTC 2026
Cache sync 27 at Tue Aug  4 18:27:13 UTC 2026
Cache sync 28 at Tue Aug  4 18:27:13 UTC 2026
Cache sync 29 at Tue Aug  4 18:27:13 UTC 2026
Cache sync 30 at Tue Aug  4 18:27:14 UTC 2026
Cache sync 31 at Tue Aug  4 18:27:14 UTC 2026
Cache sync 32 at Tue Aug  4 18:27:14 UTC 2026
Cache sync 33 at Tue Aug  4 18:27:14 UTC 2026
Cache sync 34 at Tue Aug  4 18:27:14 UTC 2026
Cache sync 35 at Tue Aug  4 18:27:14 UTC 2026
Cache sync 36 at Tue Aug  4 18:27:14 UTC 2026
Cache sync 37 at Tue Aug  4 18:27:14 UTC 2026
Cache sync 38 at Tue Aug  4 18:27:14 UTC 2026
Cache sync 39 at Tue Aug  4 18:27:14 UTC 2026
Cache sync 40 at Tue Aug  4 18:27:14 UTC 2026
Cache sync 41 at Tue Aug  4 18:27:14 UTC 2026
Cache sync 42 at Tue Aug  4 18:27:14 UTC 2026
Cache sync 43 at Tue Aug  4 18:27:14 UTC 2026
Cache sync 44 at Tue Aug  4 18:27:14 UTC 2026
Cache sync 45 at Tue Aug  4 18:27:14 UTC 2026
Cache sync 46 at Tue Aug  4 18:27:14 UTC 2026
Cache sync 47 at Tue Aug  4 18:27:14 UTC 2026
Cache sync 48 at Tue Aug  4 18:27:14 UTC 2026
Cache sync 49 at Tue Aug  4 18:27:14 UTC 2026
Cache sync 50 at Tue Aug  4 18:27:14 UTC 2026
Cache sync 51 at Tue Aug  4 18:27:14 UTC 2026
Cache sync 52 at Tue Aug  4 18:27:14 UTC 2026
Cache sync 53 at Tue Aug  4 18:27:14 UTC 2026
Cache sync 54 at Tue Aug  4 18:27:14 UTC 2026
Cache sync 55 at Tue Aug  4 18:27:14 UTC 2026
Cache sync 56 at Tue Aug  4 18:27:14 UTC 2026
Cache sync 57 at Tue Aug  4 18:27:14 UTC 2026
Cache sync 58 at Tue Aug  4 18:27:14 UTC 2026
Cache sync 59 at Tue Aug  4 18:27:14 UTC 2026
Cache sync 60 at Tue Aug  4 18:27:14 UTC 2026
Cache sync 61 at Tue Aug  4 18:27:14 UTC 2026
Cache sync 62 at Tue Aug  4 18:27:14 UTC 2026
Cache sync 63 at Tue Aug  4 18:27:14 UTC 2026
Cache sync 64 at Tue Aug  4 18:27:14 UTC 2026
Cache sync 65 at Tue Aug  4 18:27:14 UTC 2026
Cache sync 66 at Tue Aug  4 18:27:14 UTC 2026
Cache sync 67 at Tue Aug  4 18:27:14 UTC 2026
Cache sync 68 at Tue Aug  4 18:27:14 UTC 2026
Cache sync 69 at Tue Aug  4 18:27:14 UTC 2026
Cache sync 70 at Tue Aug  4 18:27:14 UTC 2026
Cache sync 71 at Tue Aug  4 18:27:14 UTC 2026
Cache sync 72 at Tue Aug  4 18:27:14 UTC 2026
Cache sync 73 at Tue Aug  4 18:27:14 UTC 2026
Cache sync 74 at Tue Aug  4 18:27:14 UTC 2026
Cache sync 75 at Tue Aug  4 18:27:14 UTC 2026
Cache sync 76 at Tue Aug  4 18:27:14 UTC 2026
Cache sync 77 at Tue Aug  4 18:27:14 UTC 2026
Cache sync 78 at Tue Aug  4 18:27:14 UTC 2026
Cache sync 79 at Tue Aug  4 18:27:14 UTC 2026
Cache sync 80 at Tue Aug  4 18:27:14 UTC 2026
Cache sync 81 at Tue Aug  4 18:27:14 UTC 2026
Cache sync 82 at Tue Aug  4 18:27:14 UTC 2026
Cache sync 1 at Wed Aug  5 18:21:40 UTC 2026
Cache sync 2 at Wed Aug  5 18:21:40 UTC 2026
Cache sync 3 at Wed Aug  5 18:21:40 UTC 2026
Cache sync 4 at Wed Aug  5 18:21:40 UTC 2026
Cache sync 5 at Wed Aug  5 18:21:40 UTC 2026
Cache sync 6 at Wed Aug  5 18:21:40 UTC 2026
Cache sync 7 at Wed Aug  5 18:21:40 UTC 2026
Cache sync 8 at Wed Aug  5 18:21:40 UTC 2026
Cache sync 9 at Wed Aug  5 18:21:40 UTC 2026
Cache sync 10 at Wed Aug  5 18:21:40 UTC 2026
Cache sync 11 at Wed Aug  5 18:21:40 UTC 2026
Cache sync 12 at Wed Aug  5 18:21:40 UTC 2026
Cache sync 13 at Wed Aug  5 18:21:40 UTC 2026
Cache sync 14 at Wed Aug  5 18:21:40 UTC 2026
Cache sync 15 at Wed Aug  5 18:21:40 UTC 2026
Cache sync 16 at Wed Aug  5 18:21:40 UTC 2026
Cache sync 17 at Wed Aug  5 18:21:40 UTC 2026
Cache sync 18 at Wed Aug  5 18:21:40 UTC 2026
Cache sync 19 at Wed Aug  5 18:21:40 UTC 2026
Cache sync 20 at Wed Aug  5 18:21:40 UTC 2026
Cache sync 21 at Wed Aug  5 18:21:40 UTC 2026
Cache sync 22 at Wed Aug  5 18:21:40 UTC 2026
Cache sync 23 at Wed Aug  5 18:21:40 UTC 2026
Cache sync 24 at Wed Aug  5 18:21:40 UTC 2026
Cache sync 25 at Wed Aug  5 18:21:40 UTC 2026
Cache sync 26 at Wed Aug  5 18:21:41 UTC 2026
Cache sync 27 at Wed Aug  5 18:21:41 UTC 2026
Cache sync 28 at Wed Aug  5 18:21:41 UTC 2026
Cache sync 29 at Wed Aug  5 18:21:41 UTC 2026
Cache sync 30 at Wed Aug  5 18:21:41 UTC 2026
Cache sync 31 at Wed Aug  5 18:21:41 UTC 2026
Cache sync 32 at Wed Aug  5 18:21:41 UTC 2026
Cache sync 33 at Wed Aug  5 18:21:41 UTC 2026
Cache sync 34 at Wed Aug  5 18:21:41 UTC 2026
Cache sync 35 at Wed Aug  5 18:21:41 UTC 2026
Cache sync 36 at Wed Aug  5 18:21:41 UTC 2026
Cache sync 37 at Wed Aug  5 18:21:41 UTC 2026
Cache sync 38 at Wed Aug  5 18:21:41 UTC 2026
Cache sync 39 at Wed Aug  5 18:21:41 UTC 2026
Cache sync 40 at Wed Aug  5 18:21:41 UTC 2026
Cache sync 41 at Wed Aug  5 18:21:41 UTC 2026
Cache sync 42 at Wed Aug  5 18:21:41 UTC 2026
Cache sync 43 at Wed Aug  5 18:21:41 UTC 2026
Cache sync 44 at Wed Aug  5 18:21:41 UTC 2026
Cache sync 45 at Wed Aug  5 18:21:41 UTC 2026
Cache sync 46 at Wed Aug  5 18:21:41 UTC 2026
Cache sync 47 at Wed Aug  5 18:21:41 UTC 2026
Cache sync 48 at Wed Aug  5 18:21:41 UTC 2026
Cache sync 49 at Wed Aug  5 18:21:41 UTC 2026
Cache sync 50 at Wed Aug  5 18:21:41 UTC 2026
Cache sync 51 at Wed Aug  5 18:21:41 UTC 2026
Cache sync 52 at Wed Aug  5 18:21:41 UTC 2026
Cache sync 53 at Wed Aug  5 18:21:41 UTC 2026
Cache sync 54 at Wed Aug  5 18:21:41 UTC 2026
Cache sync 55 at Wed Aug  5 18:21:41 UTC 2026
Cache sync 56 at Wed Aug  5 18:21:41 UTC 2026
Cache sync 57 at Wed Aug  5 18:21:41 UTC 2026
Cache sync 58 at Wed Aug  5 18:21:41 UTC 2026
Cache sync 59 at Wed Aug  5 18:21:41 UTC 2026
Cache sync 60 at Wed Aug  5 18:21:41 UTC 2026
Cache sync 61 at Wed Aug  5 18:21:41 UTC 2026
Cache sync 62 at Wed Aug  5 18:21:41 UTC 2026
Cache sync 63 at Wed Aug  5 18:21:41 UTC 2026
Cache sync 64 at Wed Aug  5 18:21:41 UTC 2026
Cache sync 65 at Wed Aug  5 18:21:41 UTC 2026
Cache sync 66 at Wed Aug  5 18:21:41 UTC 2026
Cache sync 67 at Wed Aug  5 18:21:41 UTC 2026
Cache sync 68 at Wed Aug  5 18:21:41 UTC 2026
Cache sync 69 at Wed Aug  5 18:21:41 UTC 2026
Cache sync 70 at Wed Aug  5 18:21:41 UTC 2026
Cache sync 71 at Wed Aug  5 18:21:41 UTC 2026
Cache sync 72 at Wed Aug  5 18:21:41 UTC 2026
Cache sync 73 at Wed Aug  5 18:21:41 UTC 2026
Cache sync 74 at Wed Aug  5 18:21:41 UTC 2026
Cache sync 75 at Wed Aug  5 18:21:41 UTC 2026
Cache sync 1 at Fri Aug  7 17:49:48 UTC 2026
Cache sync 2 at Fri Aug  7 17:49:48 UTC 2026
Cache sync 3 at Fri Aug  7 17:49:48 UTC 2026
Cache sync 4 at Fri Aug  7 17:49:48 UTC 2026
Cache sync 5 at Fri Aug  7 17:49:48 UTC 2026
Cache sync 6 at Fri Aug  7 17:49:48 UTC 2026
Cache sync 7 at Fri Aug  7 17:49:48 UTC 2026
Cache sync 8 at Fri Aug  7 17:49:48 UTC 2026
Cache sync 9 at Fri Aug  7 17:49:48 UTC 2026
Cache sync 10 at Fri Aug  7 17:49:48 UTC 2026
Cache sync 11 at Fri Aug  7 17:49:48 UTC 2026
Cache sync 12 at Fri Aug  7 17:49:48 UTC 2026
Cache sync 13 at Fri Aug  7 17:49:48 UTC 2026
Cache sync 14 at Fri Aug  7 17:49:48 UTC 2026
Cache sync 15 at Fri Aug  7 17:49:48 UTC 2026
Cache sync 16 at Fri Aug  7 17:49:48 UTC 2026
Cache sync 17 at Fri Aug  7 17:49:48 UTC 2026
Cache sync 18 at Fri Aug  7 17:49:48 UTC 2026
Cache sync 19 at Fri Aug  7 17:49:48 UTC 2026
Cache sync 20 at Fri Aug  7 17:49:48 UTC 2026
Cache sync 21 at Fri Aug  7 17:49:48 UTC 2026
Cache sync 22 at Fri Aug  7 17:49:48 UTC 2026
Cache sync 23 at Fri Aug  7 17:49:48 UTC 2026
Cache sync 24 at Fri Aug  7 17:49:49 UTC 2026
Cache sync 25 at Fri Aug  7 17:49:49 UTC 2026
Cache sync 26 at Fri Aug  7 17:49:49 UTC 2026
Cache sync 27 at Fri Aug  7 17:49:49 UTC 2026
Cache sync 28 at Fri Aug  7 17:49:49 UTC 2026
Cache sync 29 at Fri Aug  7 17:49:49 UTC 2026
Cache sync 30 at Fri Aug  7 17:49:49 UTC 2026
Cache sync 31 at Fri Aug  7 17:49:49 UTC 2026
Cache sync 32 at Fri Aug  7 17:49:49 UTC 2026
Cache sync 33 at Fri Aug  7 17:49:49 UTC 2026
Cache sync 34 at Fri Aug  7 17:49:49 UTC 2026
Cache sync 35 at Fri Aug  7 17:49:49 UTC 2026
Cache sync 36 at Fri Aug  7 17:49:49 UTC 2026
Cache sync 37 at Fri Aug  7 17:49:49 UTC 2026
Cache sync 38 at Fri Aug  7 17:49:49 UTC 2026
Cache sync 39 at Fri Aug  7 17:49:49 UTC 2026
Cache sync 40 at Fri Aug  7 17:49:49 UTC 2026
Cache sync 41 at Fri Aug  7 17:49:49 UTC 2026
Cache sync 42 at Fri Aug  7 17:49:49 UTC 2026
Cache sync 43 at Fri Aug  7 17:49:49 UTC 2026
Cache sync 44 at Fri Aug  7 17:49:49 UTC 2026
Cache sync 45 at Fri Aug  7 17:49:49 UTC 2026
Cache sync 1 at Sat Aug  8 17:30:29 UTC 2026
Cache sync 2 at Sat Aug  8 17:30:29 UTC 2026
Cache sync 3 at Sat Aug  8 17:30:29 UTC 2026
Cache sync 4 at Sat Aug  8 17:30:29 UTC 2026
Cache sync 5 at Sat Aug  8 17:30:29 UTC 2026
Cache sync 6 at Sat Aug  8 17:30:29 UTC 2026
Cache sync 7 at Sat Aug  8 17:30:29 UTC 2026
Cache sync 8 at Sat Aug  8 17:30:29 UTC 2026
Cache sync 9 at Sat Aug  8 17:30:29 UTC 2026
Cache sync 10 at Sat Aug  8 17:30:29 UTC 2026
Cache sync 11 at Sat Aug  8 17:30:29 UTC 2026
Cache sync 12 at Sat Aug  8 17:30:29 UTC 2026
Cache sync 13 at Sat Aug  8 17:30:29 UTC 2026
Cache sync 14 at Sat Aug  8 17:30:29 UTC 2026
Cache sync 15 at Sat Aug  8 17:30:29 UTC 2026
Cache sync 16 at Sat Aug  8 17:30:29 UTC 2026
Cache sync 17 at Sat Aug  8 17:30:29 UTC 2026
Cache sync 18 at Sat Aug  8 17:30:29 UTC 2026
Cache sync 19 at Sat Aug  8 17:30:29 UTC 2026
Cache sync 20 at Sat Aug  8 17:30:29 UTC 2026
Cache sync 21 at Sat Aug  8 17:30:29 UTC 2026
Cache sync 22 at Sat Aug  8 17:30:29 UTC 2026
Cache sync 23 at Sat Aug  8 17:30:29 UTC 2026
Cache sync 24 at Sat Aug  8 17:30:29 UTC 2026
Cache sync 25 at Sat Aug  8 17:30:29 UTC 2026
Cache sync 26 at Sat Aug  8 17:30:29 UTC 2026
Cache sync 27 at Sat Aug  8 17:30:29 UTC 2026
Cache sync 28 at Sat Aug  8 17:30:29 UTC 2026
Cache sync 29 at Sat Aug  8 17:30:29 UTC 2026
Cache sync 30 at Sat Aug  8 17:30:29 UTC 2026
Cache sync 31 at Sat Aug  8 17:30:29 UTC 2026
Cache sync 32 at Sat Aug  8 17:30:29 UTC 2026
Cache sync 33 at Sat Aug  8 17:30:29 UTC 2026
Cache sync 34 at Sat Aug  8 17:30:29 UTC 2026
Cache sync 35 at Sat Aug  8 17:30:29 UTC 2026
Cache sync 36 at Sat Aug  8 17:30:29 UTC 2026
Cache sync 37 at Sat Aug  8 17:30:29 UTC 2026
Cache sync 38 at Sat Aug  8 17:30:29 UTC 2026
Cache sync 39 at Sat Aug  8 17:30:29 UTC 2026
Cache sync 40 at Sat Aug  8 17:30:29 UTC 2026
Cache sync 41 at Sat Aug  8 17:30:29 UTC 2026
Cache sync 42 at Sat Aug  8 17:30:29 UTC 2026
Cache sync 43 at Sat Aug  8 17:30:29 UTC 2026
Cache sync 44 at Sat Aug  8 17:30:29 UTC 2026
Cache sync 45 at Sat Aug  8 17:30:29 UTC 2026
Cache sync 46 at Sat Aug  8 17:30:29 UTC 2026
Cache sync 47 at Sat Aug  8 17:30:29 UTC 2026
Cache sync 48 at Sat Aug  8 17:30:29 UTC 2026
Cache sync 49 at Sat Aug  8 17:30:29 UTC 2026
Cache sync 1 at Sun Aug  9 17:31:23 UTC 2026
Cache sync 2 at Sun Aug  9 17:31:23 UTC 2026
Cache sync 3 at Sun Aug  9 17:31:23 UTC 2026
Cache sync 4 at Sun Aug  9 17:31:23 UTC 2026
Cache sync 5 at Sun Aug  9 17:31:23 UTC 2026
Cache sync 6 at Sun Aug  9 17:31:23 UTC 2026
Cache sync 7 at Sun Aug  9 17:31:23 UTC 2026
Cache sync 1 at Mon Aug 10 17:51:19 UTC 2026
Cache sync 2 at Mon Aug 10 17:51:19 UTC 2026
Cache sync 3 at Mon Aug 10 17:51:19 UTC 2026
Cache sync 4 at Mon Aug 10 17:51:19 UTC 2026
Cache sync 5 at Mon Aug 10 17:51:19 UTC 2026
Cache sync 6 at Mon Aug 10 17:51:19 UTC 2026
Cache sync 7 at Mon Aug 10 17:51:19 UTC 2026
Cache sync 8 at Mon Aug 10 17:51:19 UTC 2026
Cache sync 9 at Mon Aug 10 17:51:19 UTC 2026
Cache sync 10 at Mon Aug 10 17:51:19 UTC 2026
Cache sync 11 at Mon Aug 10 17:51:19 UTC 2026
Cache sync 12 at Mon Aug 10 17:51:19 UTC 2026
Cache sync 13 at Mon Aug 10 17:51:19 UTC 2026
Cache sync 14 at Mon Aug 10 17:51:19 UTC 2026
Cache sync 15 at Mon Aug 10 17:51:19 UTC 2026
Cache sync 16 at Mon Aug 10 17:51:19 UTC 2026
Cache sync 17 at Mon Aug 10 17:51:19 UTC 2026
Cache sync 18 at Mon Aug 10 17:51:19 UTC 2026
Cache sync 19 at Mon Aug 10 17:51:19 UTC 2026
Cache sync 20 at Mon Aug 10 17:51:19 UTC 2026
Cache sync 21 at Mon Aug 10 17:51:19 UTC 2026
Cache sync 22 at Mon Aug 10 17:51:19 UTC 2026
Cache sync 23 at Mon Aug 10 17:51:19 UTC 2026
Cache sync 24 at Mon Aug 10 17:51:19 UTC 2026
Cache sync 25 at Mon Aug 10 17:51:19 UTC 2026
Cache sync 26 at Mon Aug 10 17:51:19 UTC 2026
Cache sync 27 at Mon Aug 10 17:51:19 UTC 2026
Cache sync 28 at Mon Aug 10 17:51:19 UTC 2026
Cache sync 29 at Mon Aug 10 17:51:19 UTC 2026
Cache sync 30 at Mon Aug 10 17:51:19 UTC 2026
Cache sync 31 at Mon Aug 10 17:51:19 UTC 2026
Cache sync 32 at Mon Aug 10 17:51:19 UTC 2026
Cache sync 33 at Mon Aug 10 17:51:19 UTC 2026
Cache sync 34 at Mon Aug 10 17:51:19 UTC 2026
Cache sync 35 at Mon Aug 10 17:51:19 UTC 2026
Cache sync 36 at Mon Aug 10 17:51:19 UTC 2026
Cache sync 37 at Mon Aug 10 17:51:19 UTC 2026
Cache sync 38 at Mon Aug 10 17:51:19 UTC 2026
Cache sync 39 at Mon Aug 10 17:51:19 UTC 2026
Cache sync 40 at Mon Aug 10 17:51:19 UTC 2026
Cache sync 41 at Mon Aug 10 17:51:19 UTC 2026
Cache sync 42 at Mon Aug 10 17:51:19 UTC 2026
Cache sync 43 at Mon Aug 10 17:51:19 UTC 2026
Cache sync 44 at Mon Aug 10 17:51:19 UTC 2026
Cache sync 45 at Mon Aug 10 17:51:19 UTC 2026
Cache sync 46 at Mon Aug 10 17:51:20 UTC 2026
Cache sync 47 at Mon Aug 10 17:51:20 UTC 2026
Cache sync 48 at Mon Aug 10 17:51:20 UTC 2026
Cache sync 49 at Mon Aug 10 17:51:20 UTC 2026
Cache sync 50 at Mon Aug 10 17:51:20 UTC 2026
Cache sync 51 at Mon Aug 10 17:51:20 UTC 2026
Cache sync 52 at Mon Aug 10 17:51:20 UTC 2026
Cache sync 1 at Tue Aug 11 17:56:32 UTC 2026
Cache sync 2 at Tue Aug 11 17:56:32 UTC 2026
Cache sync 3 at Tue Aug 11 17:56:32 UTC 2026
Cache sync 4 at Tue Aug 11 17:56:32 UTC 2026
Cache sync 5 at Tue Aug 11 17:56:32 UTC 2026
Cache sync 1 at Wed Aug 12 17:56:25 UTC 2026
Cache sync 2 at Wed Aug 12 17:56:25 UTC 2026
Cache sync 3 at Wed Aug 12 17:56:26 UTC 2026
Cache sync 4 at Wed Aug 12 17:56:26 UTC 2026
Cache sync 5 at Wed Aug 12 17:56:26 UTC 2026
Cache sync 6 at Wed Aug 12 17:56:26 UTC 2026
Cache sync 7 at Wed Aug 12 17:56:26 UTC 2026
Cache sync 8 at Wed Aug 12 17:56:26 UTC 2026
Cache sync 9 at Wed Aug 12 17:56:26 UTC 2026
Cache sync 10 at Wed Aug 12 17:56:26 UTC 2026
Cache sync 11 at Wed Aug 12 17:56:26 UTC 2026
Cache sync 12 at Wed Aug 12 17:56:26 UTC 2026
Cache sync 13 at Wed Aug 12 17:56:26 UTC 2026
Cache sync 14 at Wed Aug 12 17:56:26 UTC 2026
Cache sync 15 at Wed Aug 12 17:56:26 UTC 2026
Cache sync 16 at Wed Aug 12 17:56:26 UTC 2026
Cache sync 17 at Wed Aug 12 17:56:26 UTC 2026
Cache sync 18 at Wed Aug 12 17:56:26 UTC 2026
Cache sync 19 at Wed Aug 12 17:56:26 UTC 2026
Cache sync 20 at Wed Aug 12 17:56:26 UTC 2026
Cache sync 21 at Wed Aug 12 17:56:26 UTC 2026
Cache sync 22 at Wed Aug 12 17:56:26 UTC 2026
Cache sync 23 at Wed Aug 12 17:56:26 UTC 2026
Cache sync 24 at Wed Aug 12 17:56:26 UTC 2026
Cache sync 25 at Wed Aug 12 17:56:26 UTC 2026
Cache sync 26 at Wed Aug 12 17:56:26 UTC 2026
Cache sync 27 at Wed Aug 12 17:56:26 UTC 2026
Cache sync 28 at Wed Aug 12 17:56:26 UTC 2026
Cache sync 29 at Wed Aug 12 17:56:26 UTC 2026
Cache sync 30 at Wed Aug 12 17:56:26 UTC 2026
Cache sync 31 at Wed Aug 12 17:56:26 UTC 2026
Cache sync 32 at Wed Aug 12 17:56:26 UTC 2026
Cache sync 33 at Wed Aug 12 17:56:26 UTC 2026
Cache sync 34 at Wed Aug 12 17:56:26 UTC 2026
Cache sync 35 at Wed Aug 12 17:56:26 UTC 2026
Cache sync 36 at Wed Aug 12 17:56:26 UTC 2026
Cache sync 37 at Wed Aug 12 17:56:26 UTC 2026
Cache sync 38 at Wed Aug 12 17:56:26 UTC 2026
Cache sync 39 at Wed Aug 12 17:56:26 UTC 2026
Cache sync 40 at Wed Aug 12 17:56:26 UTC 2026
Cache sync 41 at Wed Aug 12 17:56:26 UTC 2026
Cache sync 42 at Wed Aug 12 17:56:26 UTC 2026
Cache sync 43 at Wed Aug 12 17:56:26 UTC 2026
Cache sync 44 at Wed Aug 12 17:56:26 UTC 2026
Cache sync 45 at Wed Aug 12 17:56:26 UTC 2026
Cache sync 46 at Wed Aug 12 17:56:26 UTC 2026
Cache sync 47 at Wed Aug 12 17:56:26 UTC 2026
Cache sync 48 at Wed Aug 12 17:56:26 UTC 2026
Cache sync 49 at Wed Aug 12 17:56:26 UTC 2026
Cache sync 50 at Wed Aug 12 17:56:26 UTC 2026
Cache sync 51 at Wed Aug 12 17:56:26 UTC 2026
Cache sync 52 at Wed Aug 12 17:56:26 UTC 2026
Cache sync 53 at Wed Aug 12 17:56:26 UTC 2026
Cache sync 54 at Wed Aug 12 17:56:26 UTC 2026
Cache sync 55 at Wed Aug 12 17:56:26 UTC 2026
Cache sync 56 at Wed Aug 12 17:56:26 UTC 2026
Cache sync 57 at Wed Aug 12 17:56:26 UTC 2026
Cache sync 58 at Wed Aug 12 17:56:26 UTC 2026
Cache sync 59 at Wed Aug 12 17:56:26 UTC 2026
Cache sync 60 at Wed Aug 12 17:56:26 UTC 2026
Cache sync 61 at Wed Aug 12 17:56:26 UTC 2026
Cache sync 62 at Wed Aug 12 17:56:26 UTC 2026
Cache sync 63 at Wed Aug 12 17:56:26 UTC 2026
Cache sync 64 at Wed Aug 12 17:56:26 UTC 2026
Cache sync 65 at Wed Aug 12 17:56:26 UTC 2026
Cache sync 66 at Wed Aug 12 17:56:26 UTC 2026
Cache sync 67 at Wed Aug 12 17:56:26 UTC 2026
Cache sync 68 at Wed Aug 12 17:56:26 UTC 2026
Cache sync 69 at Wed Aug 12 17:56:26 UTC 2026
Cache sync 70 at Wed Aug 12 17:56:26 UTC 2026
Cache sync 71 at Wed Aug 12 17:56:26 UTC 2026
Cache sync 1 at Thu Aug 13 17:56:52 UTC 2026
Cache sync 2 at Thu Aug 13 17:56:52 UTC 2026
Cache sync 3 at Thu Aug 13 17:56:52 UTC 2026
Cache sync 4 at Thu Aug 13 17:56:52 UTC 2026
Cache sync 5 at Thu Aug 13 17:56:52 UTC 2026
Cache sync 6 at Thu Aug 13 17:56:52 UTC 2026
Cache sync 7 at Thu Aug 13 17:56:52 UTC 2026
Cache sync 8 at Thu Aug 13 17:56:52 UTC 2026
Cache sync 9 at Thu Aug 13 17:56:52 UTC 2026
Cache sync 10 at Thu Aug 13 17:56:52 UTC 2026
Cache sync 11 at Thu Aug 13 17:56:52 UTC 2026
Cache sync 12 at Thu Aug 13 17:56:52 UTC 2026
Cache sync 13 at Thu Aug 13 17:56:52 UTC 2026
Cache sync 14 at Thu Aug 13 17:56:52 UTC 2026
Cache sync 15 at Thu Aug 13 17:56:52 UTC 2026
Cache sync 16 at Thu Aug 13 17:56:52 UTC 2026
Cache sync 17 at Thu Aug 13 17:56:52 UTC 2026
Cache sync 18 at Thu Aug 13 17:56:52 UTC 2026
Cache sync 19 at Thu Aug 13 17:56:52 UTC 2026
Cache sync 20 at Thu Aug 13 17:56:52 UTC 2026
Cache sync 21 at Thu Aug 13 17:56:52 UTC 2026
Cache sync 22 at Thu Aug 13 17:56:52 UTC 2026
Cache sync 23 at Thu Aug 13 17:56:52 UTC 2026
Cache sync 24 at Thu Aug 13 17:56:52 UTC 2026
Cache sync 25 at Thu Aug 13 17:56:52 UTC 2026
Cache sync 26 at Thu Aug 13 17:56:52 UTC 2026
Cache sync 27 at Thu Aug 13 17:56:52 UTC 2026
Cache sync 28 at Thu Aug 13 17:56:52 UTC 2026
Cache sync 29 at Thu Aug 13 17:56:52 UTC 2026
Cache sync 30 at Thu Aug 13 17:56:52 UTC 2026
Cache sync 31 at Thu Aug 13 17:56:52 UTC 2026
Cache sync 32 at Thu Aug 13 17:56:52 UTC 2026
Cache sync 33 at Thu Aug 13 17:56:52 UTC 2026
Cache sync 34 at Thu Aug 13 17:56:52 UTC 2026
Cache sync 35 at Thu Aug 13 17:56:52 UTC 2026
Cache sync 36 at Thu Aug 13 17:56:52 UTC 2026
Cache sync 37 at Thu Aug 13 17:56:52 UTC 2026
Cache sync 38 at Thu Aug 13 17:56:52 UTC 2026
Cache sync 39 at Thu Aug 13 17:56:52 UTC 2026
Cache sync 40 at Thu Aug 13 17:56:52 UTC 2026
Cache sync 41 at Thu Aug 13 17:56:52 UTC 2026
Cache sync 42 at Thu Aug 13 17:56:52 UTC 2026
Cache sync 43 at Thu Aug 13 17:56:52 UTC 2026
Cache sync 44 at Thu Aug 13 17:56:52 UTC 2026
Cache sync 45 at Thu Aug 13 17:56:52 UTC 2026
Cache sync 46 at Thu Aug 13 17:56:52 UTC 2026
Cache sync 47 at Thu Aug 13 17:56:52 UTC 2026
Cache sync 48 at Thu Aug 13 17:56:52 UTC 2026
Cache sync 49 at Thu Aug 13 17:56:52 UTC 2026
Cache sync 50 at Thu Aug 13 17:56:52 UTC 2026
Cache sync 51 at Thu Aug 13 17:56:52 UTC 2026
Cache sync 52 at Thu Aug 13 17:56:52 UTC 2026
Cache sync 53 at Thu Aug 13 17:56:52 UTC 2026
Cache sync 54 at Thu Aug 13 17:56:52 UTC 2026
Cache sync 55 at Thu Aug 13 17:56:52 UTC 2026
Cache sync 56 at Thu Aug 13 17:56:52 UTC 2026
Cache sync 57 at Thu Aug 13 17:56:52 UTC 2026
Cache sync 58 at Thu Aug 13 17:56:52 UTC 2026
Cache sync 59 at Thu Aug 13 17:56:52 UTC 2026
Cache sync 60 at Thu Aug 13 17:56:52 UTC 2026
Cache sync 61 at Thu Aug 13 17:56:52 UTC 2026
Cache sync 62 at Thu Aug 13 17:56:52 UTC 2026
Cache sync 63 at Thu Aug 13 17:56:52 UTC 2026
Cache sync 64 at Thu Aug 13 17:56:52 UTC 2026
Cache sync 65 at Thu Aug 13 17:56:52 UTC 2026
Cache sync 66 at Thu Aug 13 17:56:52 UTC 2026
Cache sync 1 at Fri Aug 14 17:52:29 UTC 2026
Cache sync 2 at Fri Aug 14 17:52:29 UTC 2026
Cache sync 3 at Fri Aug 14 17:52:29 UTC 2026
Cache sync 4 at Fri Aug 14 17:52:29 UTC 2026
Cache sync 5 at Fri Aug 14 17:52:29 UTC 2026
Cache sync 6 at Fri Aug 14 17:52:29 UTC 2026
Cache sync 7 at Fri Aug 14 17:52:29 UTC 2026
Cache sync 8 at Fri Aug 14 17:52:29 UTC 2026
Cache sync 9 at Fri Aug 14 17:52:29 UTC 2026
Cache sync 10 at Fri Aug 14 17:52:29 UTC 2026
Cache sync 11 at Fri Aug 14 17:52:29 UTC 2026
Cache sync 12 at Fri Aug 14 17:52:29 UTC 2026
Cache sync 13 at Fri Aug 14 17:52:29 UTC 2026
Cache sync 14 at Fri Aug 14 17:52:29 UTC 2026
Cache sync 15 at Fri Aug 14 17:52:29 UTC 2026
Cache sync 16 at Fri Aug 14 17:52:29 UTC 2026
Cache sync 17 at Fri Aug 14 17:52:29 UTC 2026
Cache sync 18 at Fri Aug 14 17:52:29 UTC 2026
Cache sync 19 at Fri Aug 14 17:52:29 UTC 2026
Cache sync 20 at Fri Aug 14 17:52:29 UTC 2026
Cache sync 21 at Fri Aug 14 17:52:29 UTC 2026
Cache sync 22 at Fri Aug 14 17:52:29 UTC 2026
Cache sync 23 at Fri Aug 14 17:52:29 UTC 2026
Cache sync 24 at Fri Aug 14 17:52:29 UTC 2026
Cache sync 25 at Fri Aug 14 17:52:29 UTC 2026
Cache sync 26 at Fri Aug 14 17:52:29 UTC 2026
Cache sync 27 at Fri Aug 14 17:52:29 UTC 2026
Cache sync 28 at Fri Aug 14 17:52:29 UTC 2026
Cache sync 29 at Fri Aug 14 17:52:29 UTC 2026
Cache sync 30 at Fri Aug 14 17:52:29 UTC 2026
Cache sync 31 at Fri Aug 14 17:52:29 UTC 2026
Cache sync 32 at Fri Aug 14 17:52:29 UTC 2026
Cache sync 33 at Fri Aug 14 17:52:29 UTC 2026
Cache sync 34 at Fri Aug 14 17:52:29 UTC 2026
Cache sync 35 at Fri Aug 14 17:52:29 UTC 2026
Cache sync 36 at Fri Aug 14 17:52:29 UTC 2026
Cache sync 37 at Fri Aug 14 17:52:29 UTC 2026
Cache sync 38 at Fri Aug 14 17:52:29 UTC 2026
Cache sync 39 at Fri Aug 14 17:52:29 UTC 2026
Cache sync 40 at Fri Aug 14 17:52:29 UTC 2026
Cache sync 41 at Fri Aug 14 17:52:29 UTC 2026
Cache sync 42 at Fri Aug 14 17:52:29 UTC 2026
Cache sync 43 at Fri Aug 14 17:52:29 UTC 2026
Cache sync 44 at Fri Aug 14 17:52:29 UTC 2026
Cache sync 45 at Fri Aug 14 17:52:29 UTC 2026
Cache sync 46 at Fri Aug 14 17:52:29 UTC 2026
Cache sync 47 at Fri Aug 14 17:52:29 UTC 2026
Cache sync 48 at Fri Aug 14 17:52:29 UTC 2026
Cache sync 49 at Fri Aug 14 17:52:29 UTC 2026
Cache sync 50 at Fri Aug 14 17:52:29 UTC 2026
Cache sync 51 at Fri Aug 14 17:52:29 UTC 2026
Cache sync 52 at Fri Aug 14 17:52:29 UTC 2026
Cache sync 53 at Fri Aug 14 17:52:29 UTC 2026
Cache sync 54 at Fri Aug 14 17:52:29 UTC 2026
Cache sync 55 at Fri Aug 14 17:52:29 UTC 2026
Cache sync 56 at Fri Aug 14 17:52:29 UTC 2026
Cache sync 57 at Fri Aug 14 17:52:29 UTC 2026
Cache sync 58 at Fri Aug 14 17:52:29 UTC 2026
Cache sync 59 at Fri Aug 14 17:52:29 UTC 2026
Cache sync 60 at Fri Aug 14 17:52:29 UTC 2026
Cache sync 61 at Fri Aug 14 17:52:29 UTC 2026
Cache sync 62 at Fri Aug 14 17:52:29 UTC 2026
Cache sync 63 at Fri Aug 14 17:52:30 UTC 2026
Cache sync 64 at Fri Aug 14 17:52:30 UTC 2026
Cache sync 65 at Fri Aug 14 17:52:30 UTC 2026
Cache sync 66 at Fri Aug 14 17:52:30 UTC 2026
Cache sync 67 at Fri Aug 14 17:52:30 UTC 2026
Cache sync 68 at Fri Aug 14 17:52:30 UTC 2026
Cache sync 69 at Fri Aug 14 17:52:30 UTC 2026
Cache sync 70 at Fri Aug 14 17:52:30 UTC 2026
Cache sync 71 at Fri Aug 14 17:52:30 UTC 2026
Cache sync 72 at Fri Aug 14 17:52:30 UTC 2026
Cache sync 73 at Fri Aug 14 17:52:30 UTC 2026
Cache sync 1 at Sat Aug 15 17:20:11 UTC 2026
Cache sync 2 at Sat Aug 15 17:20:11 UTC 2026
Cache sync 3 at Sat Aug 15 17:20:11 UTC 2026
Cache sync 4 at Sat Aug 15 17:20:11 UTC 2026
Cache sync 5 at Sat Aug 15 17:20:11 UTC 2026
Cache sync 6 at Sat Aug 15 17:20:11 UTC 2026
Cache sync 7 at Sat Aug 15 17:20:11 UTC 2026
Cache sync 8 at Sat Aug 15 17:20:11 UTC 2026
Cache sync 9 at Sat Aug 15 17:20:11 UTC 2026
Cache sync 10 at Sat Aug 15 17:20:11 UTC 2026
Cache sync 11 at Sat Aug 15 17:20:11 UTC 2026
Cache sync 12 at Sat Aug 15 17:20:11 UTC 2026
Cache sync 13 at Sat Aug 15 17:20:11 UTC 2026
Cache sync 14 at Sat Aug 15 17:20:12 UTC 2026
Cache sync 15 at Sat Aug 15 17:20:12 UTC 2026
Cache sync 16 at Sat Aug 15 17:20:12 UTC 2026
Cache sync 17 at Sat Aug 15 17:20:12 UTC 2026
Cache sync 18 at Sat Aug 15 17:20:12 UTC 2026
Cache sync 19 at Sat Aug 15 17:20:12 UTC 2026
Cache sync 20 at Sat Aug 15 17:20:12 UTC 2026
Cache sync 21 at Sat Aug 15 17:20:12 UTC 2026
Cache sync 22 at Sat Aug 15 17:20:12 UTC 2026
Cache sync 23 at Sat Aug 15 17:20:12 UTC 2026
Cache sync 24 at Sat Aug 15 17:20:12 UTC 2026
Cache sync 25 at Sat Aug 15 17:20:12 UTC 2026
Cache sync 26 at Sat Aug 15 17:20:12 UTC 2026
Cache sync 27 at Sat Aug 15 17:20:12 UTC 2026
Cache sync 28 at Sat Aug 15 17:20:12 UTC 2026
Cache sync 29 at Sat Aug 15 17:20:12 UTC 2026
Cache sync 30 at Sat Aug 15 17:20:12 UTC 2026
Cache sync 31 at Sat Aug 15 17:20:12 UTC 2026
Cache sync 32 at Sat Aug 15 17:20:12 UTC 2026
Cache sync 33 at Sat Aug 15 17:20:12 UTC 2026
Cache sync 34 at Sat Aug 15 17:20:12 UTC 2026
Cache sync 35 at Sat Aug 15 17:20:12 UTC 2026
Cache sync 36 at Sat Aug 15 17:20:12 UTC 2026
Cache sync 37 at Sat Aug 15 17:20:12 UTC 2026
Cache sync 38 at Sat Aug 15 17:20:12 UTC 2026
Cache sync 39 at Sat Aug 15 17:20:12 UTC 2026
Cache sync 40 at Sat Aug 15 17:20:12 UTC 2026
Cache sync 41 at Sat Aug 15 17:20:12 UTC 2026
Cache sync 1 at Mon Aug 17 17:26:44 UTC 2026
Cache sync 2 at Mon Aug 17 17:26:44 UTC 2026
Cache sync 3 at Mon Aug 17 17:26:44 UTC 2026
Cache sync 4 at Mon Aug 17 17:26:44 UTC 2026
Cache sync 1 at Tue Aug 18 17:26:57 UTC 2026
Cache sync 2 at Tue Aug 18 17:26:57 UTC 2026
Cache sync 3 at Tue Aug 18 17:26:57 UTC 2026
Cache sync 4 at Tue Aug 18 17:26:57 UTC 2026
Cache sync 5 at Tue Aug 18 17:26:57 UTC 2026
Cache sync 6 at Tue Aug 18 17:26:57 UTC 2026
Cache sync 7 at Tue Aug 18 17:26:57 UTC 2026
Cache sync 8 at Tue Aug 18 17:26:57 UTC 2026
Cache sync 9 at Tue Aug 18 17:26:57 UTC 2026
Cache sync 10 at Tue Aug 18 17:26:57 UTC 2026
Cache sync 11 at Tue Aug 18 17:26:57 UTC 2026
Cache sync 12 at Tue Aug 18 17:26:57 UTC 2026
Cache sync 13 at Tue Aug 18 17:26:57 UTC 2026
Cache sync 14 at Tue Aug 18 17:26:57 UTC 2026
Cache sync 15 at Tue Aug 18 17:26:57 UTC 2026
Cache sync 16 at Tue Aug 18 17:26:57 UTC 2026
Cache sync 17 at Tue Aug 18 17:26:57 UTC 2026
Cache sync 18 at Tue Aug 18 17:26:57 UTC 2026
Cache sync 19 at Tue Aug 18 17:26:57 UTC 2026
Cache sync 20 at Tue Aug 18 17:26:57 UTC 2026
Cache sync 21 at Tue Aug 18 17:26:57 UTC 2026
Cache sync 22 at Tue Aug 18 17:26:57 UTC 2026
Cache sync 23 at Tue Aug 18 17:26:57 UTC 2026
Cache sync 24 at Tue Aug 18 17:26:57 UTC 2026
Cache sync 25 at Tue Aug 18 17:26:57 UTC 2026
Cache sync 26 at Tue Aug 18 17:26:57 UTC 2026
Cache sync 27 at Tue Aug 18 17:26:57 UTC 2026
Cache sync 28 at Tue Aug 18 17:26:57 UTC 2026
Cache sync 29 at Tue Aug 18 17:26:57 UTC 2026
Cache sync 30 at Tue Aug 18 17:26:57 UTC 2026
Cache sync 31 at Tue Aug 18 17:26:57 UTC 2026
Cache sync 32 at Tue Aug 18 17:26:57 UTC 2026
Cache sync 33 at Tue Aug 18 17:26:57 UTC 2026
Cache sync 34 at Tue Aug 18 17:26:57 UTC 2026
Cache sync 35 at Tue Aug 18 17:26:57 UTC 2026
Cache sync 1 at Wed Aug 19 17:26:34 UTC 2026
Cache sync 2 at Wed Aug 19 17:26:34 UTC 2026
Cache sync 3 at Wed Aug 19 17:26:34 UTC 2026
Cache sync 4 at Wed Aug 19 17:26:34 UTC 2026
Cache sync 5 at Wed Aug 19 17:26:34 UTC 2026
Cache sync 6 at Wed Aug 19 17:26:34 UTC 2026
Cache sync 7 at Wed Aug 19 17:26:34 UTC 2026
Cache sync 8 at Wed Aug 19 17:26:34 UTC 2026
Cache sync 9 at Wed Aug 19 17:26:34 UTC 2026
Cache sync 10 at Wed Aug 19 17:26:34 UTC 2026
Cache sync 11 at Wed Aug 19 17:26:34 UTC 2026
Cache sync 12 at Wed Aug 19 17:26:34 UTC 2026
Cache sync 13 at Wed Aug 19 17:26:34 UTC 2026
Cache sync 14 at Wed Aug 19 17:26:34 UTC 2026
Cache sync 15 at Wed Aug 19 17:26:34 UTC 2026
Cache sync 16 at Wed Aug 19 17:26:34 UTC 2026
Cache sync 17 at Wed Aug 19 17:26:34 UTC 2026
Cache sync 18 at Wed Aug 19 17:26:34 UTC 2026
Cache sync 19 at Wed Aug 19 17:26:35 UTC 2026
Cache sync 20 at Wed Aug 19 17:26:35 UTC 2026
Cache sync 21 at Wed Aug 19 17:26:35 UTC 2026
Cache sync 22 at Wed Aug 19 17:26:35 UTC 2026
Cache sync 23 at Wed Aug 19 17:26:35 UTC 2026
Cache sync 24 at Wed Aug 19 17:26:35 UTC 2026
Cache sync 25 at Wed Aug 19 17:26:35 UTC 2026
Cache sync 26 at Wed Aug 19 17:26:35 UTC 2026
Cache sync 27 at Wed Aug 19 17:26:35 UTC 2026
Cache sync 28 at Wed Aug 19 17:26:35 UTC 2026
Cache sync 29 at Wed Aug 19 17:26:35 UTC 2026
Cache sync 30 at Wed Aug 19 17:26:35 UTC 2026
Cache sync 31 at Wed Aug 19 17:26:35 UTC 2026
Cache sync 32 at Wed Aug 19 17:26:35 UTC 2026
Cache sync 33 at Wed Aug 19 17:26:35 UTC 2026
Cache sync 34 at Wed Aug 19 17:26:35 UTC 2026
Cache sync 35 at Wed Aug 19 17:26:35 UTC 2026
Cache sync 36 at Wed Aug 19 17:26:35 UTC 2026
Cache sync 37 at Wed Aug 19 17:26:35 UTC 2026
Cache sync 38 at Wed Aug 19 17:26:35 UTC 2026
Cache sync 39 at Wed Aug 19 17:26:35 UTC 2026
Cache sync 40 at Wed Aug 19 17:26:35 UTC 2026
Cache sync 41 at Wed Aug 19 17:26:35 UTC 2026
Cache sync 42 at Wed Aug 19 17:26:35 UTC 2026
Cache sync 43 at Wed Aug 19 17:26:35 UTC 2026
Cache sync 44 at Wed Aug 19 17:26:35 UTC 2026
Cache sync 45 at Wed Aug 19 17:26:35 UTC 2026
Cache sync 46 at Wed Aug 19 17:26:35 UTC 2026
Cache sync 47 at Wed Aug 19 17:26:35 UTC 2026
Cache sync 48 at Wed Aug 19 17:26:35 UTC 2026
Cache sync 49 at Wed Aug 19 17:26:35 UTC 2026
Cache sync 50 at Wed Aug 19 17:26:35 UTC 2026
Cache sync 51 at Wed Aug 19 17:26:35 UTC 2026
Cache sync 52 at Wed Aug 19 17:26:35 UTC 2026
Cache sync 53 at Wed Aug 19 17:26:35 UTC 2026
Cache sync 54 at Wed Aug 19 17:26:35 UTC 2026
Cache sync 55 at Wed Aug 19 17:26:35 UTC 2026
Cache sync 56 at Wed Aug 19 17:26:35 UTC 2026
Cache sync 57 at Wed Aug 19 17:26:35 UTC 2026
Cache sync 58 at Wed Aug 19 17:26:35 UTC 2026
Cache sync 59 at Wed Aug 19 17:26:35 UTC 2026
Cache sync 60 at Wed Aug 19 17:26:35 UTC 2026
Cache sync 61 at Wed Aug 19 17:26:35 UTC 2026
Cache sync 62 at Wed Aug 19 17:26:35 UTC 2026
Cache sync 63 at Wed Aug 19 17:26:35 UTC 2026
Cache sync 64 at Wed Aug 19 17:26:35 UTC 2026
Cache sync 65 at Wed Aug 19 17:26:35 UTC 2026
Cache sync 66 at Wed Aug 19 17:26:35 UTC 2026
Cache sync 67 at Wed Aug 19 17:26:35 UTC 2026
Cache sync 1 at Thu Aug 20 17:29:10 UTC 2026
Cache sync 2 at Thu Aug 20 17:29:10 UTC 2026
Cache sync 3 at Thu Aug 20 17:29:10 UTC 2026
Cache sync 4 at Thu Aug 20 17:29:10 UTC 2026
Cache sync 5 at Thu Aug 20 17:29:10 UTC 2026
Cache sync 6 at Thu Aug 20 17:29:10 UTC 2026
Cache sync 7 at Thu Aug 20 17:29:10 UTC 2026
Cache sync 8 at Thu Aug 20 17:29:10 UTC 2026
Cache sync 9 at Thu Aug 20 17:29:10 UTC 2026
Cache sync 10 at Thu Aug 20 17:29:10 UTC 2026
Cache sync 11 at Thu Aug 20 17:29:10 UTC 2026
Cache sync 12 at Thu Aug 20 17:29:10 UTC 2026
Cache sync 13 at Thu Aug 20 17:29:10 UTC 2026
Cache sync 14 at Thu Aug 20 17:29:10 UTC 2026
Cache sync 15 at Thu Aug 20 17:29:10 UTC 2026
Cache sync 16 at Thu Aug 20 17:29:10 UTC 2026
Cache sync 17 at Thu Aug 20 17:29:10 UTC 2026
Cache sync 18 at Thu Aug 20 17:29:10 UTC 2026
Cache sync 19 at Thu Aug 20 17:29:10 UTC 2026
Cache sync 20 at Thu Aug 20 17:29:10 UTC 2026
Cache sync 21 at Thu Aug 20 17:29:10 UTC 2026
Cache sync 22 at Thu Aug 20 17:29:10 UTC 2026
Cache sync 23 at Thu Aug 20 17:29:10 UTC 2026
Cache sync 24 at Thu Aug 20 17:29:10 UTC 2026
Cache sync 25 at Thu Aug 20 17:29:10 UTC 2026
Cache sync 26 at Thu Aug 20 17:29:10 UTC 2026
Cache sync 27 at Thu Aug 20 17:29:10 UTC 2026
Cache sync 28 at Thu Aug 20 17:29:10 UTC 2026
Cache sync 29 at Thu Aug 20 17:29:10 UTC 2026
Cache sync 30 at Thu Aug 20 17:29:10 UTC 2026
Cache sync 31 at Thu Aug 20 17:29:10 UTC 2026
Cache sync 32 at Thu Aug 20 17:29:10 UTC 2026
Cache sync 33 at Thu Aug 20 17:29:10 UTC 2026
Cache sync 34 at Thu Aug 20 17:29:10 UTC 2026
Cache sync 35 at Thu Aug 20 17:29:10 UTC 2026
Cache sync 1 at Fri Aug 21 17:28:45 UTC 2026
Cache sync 2 at Fri Aug 21 17:28:45 UTC 2026
Cache sync 3 at Fri Aug 21 17:28:45 UTC 2026
Cache sync 4 at Fri Aug 21 17:28:45 UTC 2026
Cache sync 5 at Fri Aug 21 17:28:45 UTC 2026
Cache sync 6 at Fri Aug 21 17:28:45 UTC 2026
Cache sync 7 at Fri Aug 21 17:28:45 UTC 2026
Cache sync 8 at Fri Aug 21 17:28:45 UTC 2026
Cache sync 9 at Fri Aug 21 17:28:45 UTC 2026
Cache sync 10 at Fri Aug 21 17:28:45 UTC 2026
Cache sync 11 at Fri Aug 21 17:28:45 UTC 2026
Cache sync 12 at Fri Aug 21 17:28:45 UTC 2026
Cache sync 13 at Fri Aug 21 17:28:45 UTC 2026
Cache sync 14 at Fri Aug 21 17:28:45 UTC 2026
Cache sync 15 at Fri Aug 21 17:28:45 UTC 2026
Cache sync 16 at Fri Aug 21 17:28:45 UTC 2026
Cache sync 17 at Fri Aug 21 17:28:45 UTC 2026
Cache sync 18 at Fri Aug 21 17:28:45 UTC 2026
Cache sync 19 at Fri Aug 21 17:28:45 UTC 2026
Cache sync 20 at Fri Aug 21 17:28:45 UTC 2026
Cache sync 21 at Fri Aug 21 17:28:45 UTC 2026
Cache sync 22 at Fri Aug 21 17:28:45 UTC 2026
Cache sync 23 at Fri Aug 21 17:28:45 UTC 2026
Cache sync 24 at Fri Aug 21 17:28:45 UTC 2026
Cache sync 25 at Fri Aug 21 17:28:45 UTC 2026
Cache sync 26 at Fri Aug 21 17:28:45 UTC 2026
Cache sync 27 at Fri Aug 21 17:28:45 UTC 2026
Cache sync 28 at Fri Aug 21 17:28:45 UTC 2026
Cache sync 29 at Fri Aug 21 17:28:45 UTC 2026
Cache sync 30 at Fri Aug 21 17:28:45 UTC 2026
Cache sync 31 at Fri Aug 21 17:28:45 UTC 2026
Cache sync 32 at Fri Aug 21 17:28:45 UTC 2026
Cache sync 33 at Fri Aug 21 17:28:45 UTC 2026
Cache sync 34 at Fri Aug 21 17:28:45 UTC 2026
Cache sync 35 at Fri Aug 21 17:28:45 UTC 2026
Cache sync 36 at Fri Aug 21 17:28:45 UTC 2026
Cache sync 37 at Fri Aug 21 17:28:45 UTC 2026
Cache sync 38 at Fri Aug 21 17:28:45 UTC 2026
Cache sync 39 at Fri Aug 21 17:28:45 UTC 2026
Cache sync 40 at Fri Aug 21 17:28:45 UTC 2026
Cache sync 41 at Fri Aug 21 17:28:45 UTC 2026
Cache sync 42 at Fri Aug 21 17:28:45 UTC 2026
Cache sync 43 at Fri Aug 21 17:28:45 UTC 2026
Cache sync 44 at Fri Aug 21 17:28:45 UTC 2026
Cache sync 45 at Fri Aug 21 17:28:45 UTC 2026
Cache sync 46 at Fri Aug 21 17:28:45 UTC 2026
Cache sync 47 at Fri Aug 21 17:28:45 UTC 2026
Cache sync 48 at Fri Aug 21 17:28:45 UTC 2026
Cache sync 49 at Fri Aug 21 17:28:45 UTC 2026
Cache sync 50 at Fri Aug 21 17:28:45 UTC 2026
Cache sync 51 at Fri Aug 21 17:28:45 UTC 2026
Cache sync 52 at Fri Aug 21 17:28:45 UTC 2026
Cache sync 53 at Fri Aug 21 17:28:45 UTC 2026
Cache sync 54 at Fri Aug 21 17:28:45 UTC 2026
Cache sync 55 at Fri Aug 21 17:28:45 UTC 2026
Cache sync 56 at Fri Aug 21 17:28:45 UTC 2026
Cache sync 57 at Fri Aug 21 17:28:45 UTC 2026
Cache sync 58 at Fri Aug 21 17:28:45 UTC 2026
Cache sync 59 at Fri Aug 21 17:28:45 UTC 2026
Cache sync 60 at Fri Aug 21 17:28:45 UTC 2026
Cache sync 61 at Fri Aug 21 17:28:45 UTC 2026
Cache sync 62 at Fri Aug 21 17:28:45 UTC 2026
Cache sync 63 at Fri Aug 21 17:28:45 UTC 2026
Cache sync 64 at Fri Aug 21 17:28:45 UTC 2026
Cache sync 65 at Fri Aug 21 17:28:45 UTC 2026
Cache sync 66 at Fri Aug 21 17:28:45 UTC 2026
Cache sync 67 at Fri Aug 21 17:28:45 UTC 2026
Cache sync 68 at Fri Aug 21 17:28:45 UTC 2026
Cache sync 69 at Fri Aug 21 17:28:45 UTC 2026
Cache sync 70 at Fri Aug 21 17:28:45 UTC 2026
Cache sync 71 at Fri Aug 21 17:28:45 UTC 2026
Cache sync 72 at Fri Aug 21 17:28:45 UTC 2026
Cache sync 1 at Sat Aug 22 17:20:12 UTC 2026
Cache sync 2 at Sat Aug 22 17:20:12 UTC 2026
Cache sync 3 at Sat Aug 22 17:20:12 UTC 2026
Cache sync 4 at Sat Aug 22 17:20:12 UTC 2026
Cache sync 5 at Sat Aug 22 17:20:12 UTC 2026
Cache sync 6 at Sat Aug 22 17:20:12 UTC 2026
Cache sync 7 at Sat Aug 22 17:20:12 UTC 2026
Cache sync 8 at Sat Aug 22 17:20:12 UTC 2026
Cache sync 9 at Sat Aug 22 17:20:12 UTC 2026
Cache sync 10 at Sat Aug 22 17:20:12 UTC 2026
Cache sync 11 at Sat Aug 22 17:20:12 UTC 2026
Cache sync 12 at Sat Aug 22 17:20:12 UTC 2026
Cache sync 13 at Sat Aug 22 17:20:12 UTC 2026
Cache sync 14 at Sat Aug 22 17:20:12 UTC 2026
Cache sync 15 at Sat Aug 22 17:20:12 UTC 2026
Cache sync 16 at Sat Aug 22 17:20:12 UTC 2026
Cache sync 17 at Sat Aug 22 17:20:12 UTC 2026
Cache sync 18 at Sat Aug 22 17:20:12 UTC 2026
Cache sync 19 at Sat Aug 22 17:20:12 UTC 2026
Cache sync 20 at Sat Aug 22 17:20:12 UTC 2026
Cache sync 21 at Sat Aug 22 17:20:12 UTC 2026
Cache sync 22 at Sat Aug 22 17:20:12 UTC 2026
Cache sync 23 at Sat Aug 22 17:20:12 UTC 2026
Cache sync 24 at Sat Aug 22 17:20:12 UTC 2026
Cache sync 25 at Sat Aug 22 17:20:12 UTC 2026
Cache sync 26 at Sat Aug 22 17:20:12 UTC 2026
Cache sync 27 at Sat Aug 22 17:20:12 UTC 2026
Cache sync 28 at Sat Aug 22 17:20:12 UTC 2026
Cache sync 29 at Sat Aug 22 17:20:12 UTC 2026
Cache sync 30 at Sat Aug 22 17:20:13 UTC 2026
Cache sync 31 at Sat Aug 22 17:20:13 UTC 2026
Cache sync 32 at Sat Aug 22 17:20:13 UTC 2026
Cache sync 33 at Sat Aug 22 17:20:13 UTC 2026
Cache sync 34 at Sat Aug 22 17:20:13 UTC 2026
Cache sync 35 at Sat Aug 22 17:20:13 UTC 2026
Cache sync 36 at Sat Aug 22 17:20:13 UTC 2026
Cache sync 37 at Sat Aug 22 17:20:13 UTC 2026
Cache sync 38 at Sat Aug 22 17:20:13 UTC 2026
Cache sync 39 at Sat Aug 22 17:20:13 UTC 2026
Cache sync 40 at Sat Aug 22 17:20:13 UTC 2026
Cache sync 41 at Sat Aug 22 17:20:13 UTC 2026
Cache sync 42 at Sat Aug 22 17:20:13 UTC 2026
Cache sync 43 at Sat Aug 22 17:20:13 UTC 2026
Cache sync 44 at Sat Aug 22 17:20:13 UTC 2026
Cache sync 45 at Sat Aug 22 17:20:13 UTC 2026
Cache sync 46 at Sat Aug 22 17:20:13 UTC 2026
Cache sync 47 at Sat Aug 22 17:20:13 UTC 2026
Cache sync 48 at Sat Aug 22 17:20:13 UTC 2026
Cache sync 49 at Sat Aug 22 17:20:13 UTC 2026
Cache sync 50 at Sat Aug 22 17:20:13 UTC 2026
Cache sync 51 at Sat Aug 22 17:20:13 UTC 2026
Cache sync 52 at Sat Aug 22 17:20:13 UTC 2026
Cache sync 53 at Sat Aug 22 17:20:13 UTC 2026
Cache sync 54 at Sat Aug 22 17:20:13 UTC 2026
Cache sync 55 at Sat Aug 22 17:20:13 UTC 2026
Cache sync 56 at Sat Aug 22 17:20:13 UTC 2026
Cache sync 57 at Sat Aug 22 17:20:13 UTC 2026
Cache sync 58 at Sat Aug 22 17:20:13 UTC 2026
Cache sync 59 at Sat Aug 22 17:20:13 UTC 2026
Cache sync 60 at Sat Aug 22 17:20:13 UTC 2026
Cache sync 61 at Sat Aug 22 17:20:13 UTC 2026
Cache sync 62 at Sat Aug 22 17:20:13 UTC 2026
Cache sync 63 at Sat Aug 22 17:20:13 UTC 2026
Cache sync 64 at Sat Aug 22 17:20:13 UTC 2026
Cache sync 65 at Sat Aug 22 17:20:13 UTC 2026
Cache sync 66 at Sat Aug 22 17:20:13 UTC 2026
Cache sync 67 at Sat Aug 22 17:20:13 UTC 2026
Cache sync 68 at Sat Aug 22 17:20:13 UTC 2026
Cache sync 1 at Sun Aug 23 17:20:14 UTC 2026
Cache sync 2 at Sun Aug 23 17:20:14 UTC 2026
Cache sync 3 at Sun Aug 23 17:20:14 UTC 2026
Cache sync 4 at Sun Aug 23 17:20:14 UTC 2026
Cache sync 5 at Sun Aug 23 17:20:14 UTC 2026
Cache sync 6 at Sun Aug 23 17:20:14 UTC 2026
Cache sync 7 at Sun Aug 23 17:20:14 UTC 2026
Cache sync 8 at Sun Aug 23 17:20:14 UTC 2026
Cache sync 9 at Sun Aug 23 17:20:14 UTC 2026
Cache sync 10 at Sun Aug 23 17:20:14 UTC 2026
Cache sync 11 at Sun Aug 23 17:20:14 UTC 2026
Cache sync 12 at Sun Aug 23 17:20:14 UTC 2026
Cache sync 13 at Sun Aug 23 17:20:14 UTC 2026
Cache sync 14 at Sun Aug 23 17:20:14 UTC 2026
Cache sync 15 at Sun Aug 23 17:20:14 UTC 2026
Cache sync 16 at Sun Aug 23 17:20:14 UTC 2026
Cache sync 17 at Sun Aug 23 17:20:14 UTC 2026
Cache sync 18 at Sun Aug 23 17:20:14 UTC 2026
Cache sync 19 at Sun Aug 23 17:20:14 UTC 2026
Cache sync 20 at Sun Aug 23 17:20:14 UTC 2026
Cache sync 21 at Sun Aug 23 17:20:14 UTC 2026
Cache sync 22 at Sun Aug 23 17:20:14 UTC 2026
Cache sync 23 at Sun Aug 23 17:20:14 UTC 2026
Cache sync 24 at Sun Aug 23 17:20:14 UTC 2026
Cache sync 25 at Sun Aug 23 17:20:14 UTC 2026
Cache sync 26 at Sun Aug 23 17:20:14 UTC 2026
Cache sync 27 at Sun Aug 23 17:20:14 UTC 2026
Cache sync 28 at Sun Aug 23 17:20:14 UTC 2026
Cache sync 29 at Sun Aug 23 17:20:14 UTC 2026
Cache sync 30 at Sun Aug 23 17:20:14 UTC 2026
Cache sync 31 at Sun Aug 23 17:20:14 UTC 2026
Cache sync 32 at Sun Aug 23 17:20:14 UTC 2026
Cache sync 33 at Sun Aug 23 17:20:15 UTC 2026
Cache sync 34 at Sun Aug 23 17:20:15 UTC 2026
Cache sync 35 at Sun Aug 23 17:20:15 UTC 2026
Cache sync 36 at Sun Aug 23 17:20:15 UTC 2026
Cache sync 37 at Sun Aug 23 17:20:15 UTC 2026
Cache sync 38 at Sun Aug 23 17:20:15 UTC 2026
Cache sync 39 at Sun Aug 23 17:20:15 UTC 2026
Cache sync 40 at Sun Aug 23 17:20:15 UTC 2026
Cache sync 41 at Sun Aug 23 17:20:15 UTC 2026
Cache sync 42 at Sun Aug 23 17:20:15 UTC 2026
Cache sync 43 at Sun Aug 23 17:20:15 UTC 2026
Cache sync 44 at Sun Aug 23 17:20:15 UTC 2026
Cache sync 45 at Sun Aug 23 17:20:15 UTC 2026
Cache sync 46 at Sun Aug 23 17:20:15 UTC 2026
Cache sync 47 at Sun Aug 23 17:20:15 UTC 2026
Cache sync 48 at Sun Aug 23 17:20:15 UTC 2026
Cache sync 49 at Sun Aug 23 17:20:15 UTC 2026
Cache sync 50 at Sun Aug 23 17:20:15 UTC 2026
Cache sync 51 at Sun Aug 23 17:20:15 UTC 2026
Cache sync 52 at Sun Aug 23 17:20:15 UTC 2026
Cache sync 53 at Sun Aug 23 17:20:15 UTC 2026
Cache sync 54 at Sun Aug 23 17:20:15 UTC 2026
Cache sync 1 at Mon Aug 24 17:30:59 UTC 2026
Cache sync 2 at Mon Aug 24 17:30:59 UTC 2026
Cache sync 3 at Mon Aug 24 17:30:59 UTC 2026
Cache sync 4 at Mon Aug 24 17:30:59 UTC 2026
Cache sync 5 at Mon Aug 24 17:30:59 UTC 2026
Cache sync 6 at Mon Aug 24 17:30:59 UTC 2026
Cache sync 7 at Mon Aug 24 17:30:59 UTC 2026
Cache sync 8 at Mon Aug 24 17:30:59 UTC 2026
Cache sync 9 at Mon Aug 24 17:30:59 UTC 2026
Cache sync 10 at Mon Aug 24 17:30:59 UTC 2026
Cache sync 11 at Mon Aug 24 17:30:59 UTC 2026
Cache sync 12 at Mon Aug 24 17:30:59 UTC 2026
Cache sync 13 at Mon Aug 24 17:30:59 UTC 2026
Cache sync 14 at Mon Aug 24 17:30:59 UTC 2026
Cache sync 15 at Mon Aug 24 17:30:59 UTC 2026
Cache sync 16 at Mon Aug 24 17:30:59 UTC 2026
Cache sync 17 at Mon Aug 24 17:30:59 UTC 2026
Cache sync 18 at Mon Aug 24 17:30:59 UTC 2026
Cache sync 19 at Mon Aug 24 17:30:59 UTC 2026
Cache sync 20 at Mon Aug 24 17:30:59 UTC 2026
Cache sync 21 at Mon Aug 24 17:30:59 UTC 2026
Cache sync 22 at Mon Aug 24 17:30:59 UTC 2026
Cache sync 23 at Mon Aug 24 17:30:59 UTC 2026
Cache sync 24 at Mon Aug 24 17:30:59 UTC 2026
Cache sync 25 at Mon Aug 24 17:30:59 UTC 2026
Cache sync 1 at Tue Aug 25 17:31:32 UTC 2026
Cache sync 2 at Tue Aug 25 17:31:32 UTC 2026
Cache sync 3 at Tue Aug 25 17:31:32 UTC 2026
Cache sync 4 at Tue Aug 25 17:31:32 UTC 2026
Cache sync 5 at Tue Aug 25 17:31:32 UTC 2026
Cache sync 6 at Tue Aug 25 17:31:32 UTC 2026
Cache sync 7 at Tue Aug 25 17:31:32 UTC 2026
Cache sync 8 at Tue Aug 25 17:31:32 UTC 2026
Cache sync 9 at Tue Aug 25 17:31:32 UTC 2026
Cache sync 10 at Tue Aug 25 17:31:32 UTC 2026
Cache sync 11 at Tue Aug 25 17:31:32 UTC 2026
Cache sync 12 at Tue Aug 25 17:31:32 UTC 2026
Cache sync 13 at Tue Aug 25 17:31:32 UTC 2026
Cache sync 14 at Tue Aug 25 17:31:32 UTC 2026
Cache sync 15 at Tue Aug 25 17:31:32 UTC 2026
Cache sync 16 at Tue Aug 25 17:31:33 UTC 2026
Cache sync 17 at Tue Aug 25 17:31:33 UTC 2026
Cache sync 18 at Tue Aug 25 17:31:33 UTC 2026
Cache sync 19 at Tue Aug 25 17:31:33 UTC 2026
Cache sync 20 at Tue Aug 25 17:31:33 UTC 2026
Cache sync 21 at Tue Aug 25 17:31:33 UTC 2026
Cache sync 22 at Tue Aug 25 17:31:33 UTC 2026
Cache sync 23 at Tue Aug 25 17:31:33 UTC 2026
Cache sync 24 at Tue Aug 25 17:31:33 UTC 2026
Cache sync 25 at Tue Aug 25 17:31:33 UTC 2026
Cache sync 26 at Tue Aug 25 17:31:33 UTC 2026
Cache sync 27 at Tue Aug 25 17:31:33 UTC 2026
Cache sync 28 at Tue Aug 25 17:31:33 UTC 2026
Cache sync 29 at Tue Aug 25 17:31:33 UTC 2026
Cache sync 30 at Tue Aug 25 17:31:33 UTC 2026
Cache sync 31 at Tue Aug 25 17:31:33 UTC 2026
Cache sync 32 at Tue Aug 25 17:31:33 UTC 2026
Cache sync 33 at Tue Aug 25 17:31:33 UTC 2026
Cache sync 34 at Tue Aug 25 17:31:33 UTC 2026
Cache sync 35 at Tue Aug 25 17:31:33 UTC 2026
Cache sync 36 at Tue Aug 25 17:31:33 UTC 2026
Cache sync 37 at Tue Aug 25 17:31:33 UTC 2026
Cache sync 38 at Tue Aug 25 17:31:33 UTC 2026
Cache sync 39 at Tue Aug 25 17:31:33 UTC 2026
Cache sync 40 at Tue Aug 25 17:31:33 UTC 2026
Cache sync 41 at Tue Aug 25 17:31:33 UTC 2026
Cache sync 42 at Tue Aug 25 17:31:33 UTC 2026
Cache sync 43 at Tue Aug 25 17:31:33 UTC 2026
Cache sync 44 at Tue Aug 25 17:31:33 UTC 2026
Cache sync 45 at Tue Aug 25 17:31:33 UTC 2026
Cache sync 46 at Tue Aug 25 17:31:33 UTC 2026
Cache sync 47 at Tue Aug 25 17:31:33 UTC 2026
Cache sync 48 at Tue Aug 25 17:31:33 UTC 2026
Cache sync 49 at Tue Aug 25 17:31:33 UTC 2026
Cache sync 50 at Tue Aug 25 17:31:33 UTC 2026
Cache sync 1 at Wed Aug 26 19:03:13 UTC 2026
Cache sync 2 at Wed Aug 26 19:03:13 UTC 2026
Cache sync 3 at Wed Aug 26 19:03:13 UTC 2026
Cache sync 4 at Wed Aug 26 19:03:13 UTC 2026
Cache sync 5 at Wed Aug 26 19:03:13 UTC 2026
Cache sync 6 at Wed Aug 26 19:03:13 UTC 2026
Cache sync 7 at Wed Aug 26 19:03:13 UTC 2026
Cache sync 8 at Wed Aug 26 19:03:13 UTC 2026
Cache sync 9 at Wed Aug 26 19:03:13 UTC 2026
Cache sync 10 at Wed Aug 26 19:03:13 UTC 2026
Cache sync 11 at Wed Aug 26 19:03:13 UTC 2026
Cache sync 12 at Wed Aug 26 19:03:13 UTC 2026
Cache sync 13 at Wed Aug 26 19:03:13 UTC 2026
Cache sync 14 at Wed Aug 26 19:03:13 UTC 2026
Cache sync 15 at Wed Aug 26 19:03:13 UTC 2026
Cache sync 16 at Wed Aug 26 19:03:13 UTC 2026
Cache sync 17 at Wed Aug 26 19:03:13 UTC 2026
Cache sync 18 at Wed Aug 26 19:03:13 UTC 2026
Cache sync 19 at Wed Aug 26 19:03:13 UTC 2026
Cache sync 20 at Wed Aug 26 19:03:13 UTC 2026
Cache sync 21 at Wed Aug 26 19:03:13 UTC 2026
Cache sync 22 at Wed Aug 26 19:03:13 UTC 2026
Cache sync 23 at Wed Aug 26 19:03:13 UTC 2026
Cache sync 24 at Wed Aug 26 19:03:13 UTC 2026
Cache sync 25 at Wed Aug 26 19:03:13 UTC 2026
Cache sync 26 at Wed Aug 26 19:03:13 UTC 2026
Cache sync 27 at Wed Aug 26 19:03:13 UTC 2026
Cache sync 28 at Wed Aug 26 19:03:13 UTC 2026
Cache sync 29 at Wed Aug 26 19:03:13 UTC 2026
Cache sync 30 at Wed Aug 26 19:03:13 UTC 2026
Cache sync 31 at Wed Aug 26 19:03:13 UTC 2026
Cache sync 32 at Wed Aug 26 19:03:13 UTC 2026
Cache sync 33 at Wed Aug 26 19:03:13 UTC 2026
Cache sync 34 at Wed Aug 26 19:03:13 UTC 2026
Cache sync 35 at Wed Aug 26 19:03:13 UTC 2026
Cache sync 36 at Wed Aug 26 19:03:13 UTC 2026
Cache sync 37 at Wed Aug 26 19:03:13 UTC 2026
Cache sync 38 at Wed Aug 26 19:03:13 UTC 2026
Cache sync 39 at Wed Aug 26 19:03:13 UTC 2026
Cache sync 40 at Wed Aug 26 19:03:13 UTC 2026
Cache sync 41 at Wed Aug 26 19:03:13 UTC 2026
Cache sync 42 at Wed Aug 26 19:03:13 UTC 2026
Cache sync 43 at Wed Aug 26 19:03:13 UTC 2026
Cache sync 44 at Wed Aug 26 19:03:13 UTC 2026
Cache sync 45 at Wed Aug 26 19:03:13 UTC 2026
Cache sync 46 at Wed Aug 26 19:03:13 UTC 2026
Cache sync 47 at Wed Aug 26 19:03:13 UTC 2026
Cache sync 48 at Wed Aug 26 19:03:13 UTC 2026
Cache sync 49 at Wed Aug 26 19:03:13 UTC 2026
Cache sync 50 at Wed Aug 26 19:03:13 UTC 2026
Cache sync 51 at Wed Aug 26 19:03:13 UTC 2026
Cache sync 52 at Wed Aug 26 19:03:13 UTC 2026
Cache sync 53 at Wed Aug 26 19:03:13 UTC 2026
Cache sync 54 at Wed Aug 26 19:03:13 UTC 2026
Cache sync 1 at Fri Aug 28 01:18:11 UTC 2026
Cache sync 2 at Fri Aug 28 01:18:11 UTC 2026
Cache sync 3 at Fri Aug 28 01:18:11 UTC 2026
Cache sync 4 at Fri Aug 28 01:18:11 UTC 2026
Cache sync 5 at Fri Aug 28 01:18:11 UTC 2026
Cache sync 6 at Fri Aug 28 01:18:11 UTC 2026
Cache sync 7 at Fri Aug 28 01:18:11 UTC 2026
Cache sync 8 at Fri Aug 28 01:18:11 UTC 2026
Cache sync 9 at Fri Aug 28 01:18:11 UTC 2026
Cache sync 10 at Fri Aug 28 01:18:11 UTC 2026
Cache sync 11 at Fri Aug 28 01:18:11 UTC 2026
Cache sync 12 at Fri Aug 28 01:18:11 UTC 2026
Cache sync 13 at Fri Aug 28 01:18:11 UTC 2026
Cache sync 14 at Fri Aug 28 01:18:11 UTC 2026
Cache sync 15 at Fri Aug 28 01:18:11 UTC 2026
Cache sync 16 at Fri Aug 28 01:18:11 UTC 2026
Cache sync 17 at Fri Aug 28 01:18:11 UTC 2026
Cache sync 18 at Fri Aug 28 01:18:11 UTC 2026
Cache sync 19 at Fri Aug 28 01:18:11 UTC 2026
Cache sync 20 at Fri Aug 28 01:18:11 UTC 2026
Cache sync 21 at Fri Aug 28 01:18:11 UTC 2026
Cache sync 22 at Fri Aug 28 01:18:11 UTC 2026
Cache sync 23 at Fri Aug 28 01:18:11 UTC 2026
Cache sync 24 at Fri Aug 28 01:18:11 UTC 2026
Cache sync 25 at Fri Aug 28 01:18:11 UTC 2026
Cache sync 26 at Fri Aug 28 01:18:11 UTC 2026
Cache sync 27 at Fri Aug 28 01:18:11 UTC 2026
Cache sync 28 at Fri Aug 28 01:18:11 UTC 2026
Cache sync 29 at Fri Aug 28 01:18:11 UTC 2026
Cache sync 30 at Fri Aug 28 01:18:11 UTC 2026
Cache sync 31 at Fri Aug 28 01:18:11 UTC 2026
Cache sync 32 at Fri Aug 28 01:18:11 UTC 2026
Cache sync 33 at Fri Aug 28 01:18:11 UTC 2026
Cache sync 34 at Fri Aug 28 01:18:11 UTC 2026
Cache sync 35 at Fri Aug 28 01:18:11 UTC 2026
Cache sync 36 at Fri Aug 28 01:18:11 UTC 2026
Cache sync 37 at Fri Aug 28 01:18:11 UTC 2026
Cache sync 38 at Fri Aug 28 01:18:11 UTC 2026
Cache sync 39 at Fri Aug 28 01:18:11 UTC 2026
Cache sync 40 at Fri Aug 28 01:18:11 UTC 2026
Cache sync 41 at Fri Aug 28 01:18:11 UTC 2026
Cache sync 42 at Fri Aug 28 01:18:11 UTC 2026
Cache sync 43 at Fri Aug 28 01:18:11 UTC 2026
Cache sync 44 at Fri Aug 28 01:18:11 UTC 2026
Cache sync 45 at Fri Aug 28 01:18:11 UTC 2026
Cache sync 46 at Fri Aug 28 01:18:11 UTC 2026
Cache sync 47 at Fri Aug 28 01:18:11 UTC 2026
Cache sync 48 at Fri Aug 28 01:18:11 UTC 2026
Cache sync 49 at Fri Aug 28 01:18:11 UTC 2026
Cache sync 1 at Mon Aug 31 21:44:35 UTC 2026
Cache sync 2 at Mon Aug 31 21:44:35 UTC 2026
Cache sync 1 at Tue Sep  1 19:45:16 UTC 2026
Cache sync 2 at Tue Sep  1 19:45:16 UTC 2026
Cache sync 3 at Tue Sep  1 19:45:16 UTC 2026
Cache sync 4 at Tue Sep  1 19:45:16 UTC 2026
Cache sync 5 at Tue Sep  1 19:45:16 UTC 2026
Cache sync 6 at Tue Sep  1 19:45:16 UTC 2026
Cache sync 7 at Tue Sep  1 19:45:16 UTC 2026
Cache sync 8 at Tue Sep  1 19:45:16 UTC 2026
Cache sync 9 at Tue Sep  1 19:45:16 UTC 2026
Cache sync 10 at Tue Sep  1 19:45:16 UTC 2026
Cache sync 11 at Tue Sep  1 19:45:16 UTC 2026
Cache sync 12 at Tue Sep  1 19:45:16 UTC 2026
Cache sync 13 at Tue Sep  1 19:45:16 UTC 2026
Cache sync 14 at Tue Sep  1 19:45:16 UTC 2026
Cache sync 15 at Tue Sep  1 19:45:16 UTC 2026
Cache sync 16 at Tue Sep  1 19:45:16 UTC 2026
Cache sync 17 at Tue Sep  1 19:45:16 UTC 2026
Cache sync 18 at Tue Sep  1 19:45:16 UTC 2026
Cache sync 19 at Tue Sep  1 19:45:16 UTC 2026
Cache sync 20 at Tue Sep  1 19:45:16 UTC 2026
Cache sync 21 at Tue Sep  1 19:45:16 UTC 2026
Cache sync 22 at Tue Sep  1 19:45:16 UTC 2026
Cache sync 23 at Tue Sep  1 19:45:16 UTC 2026
Cache sync 24 at Tue Sep  1 19:45:16 UTC 2026
Cache sync 25 at Tue Sep  1 19:45:16 UTC 2026
Cache sync 26 at Tue Sep  1 19:45:16 UTC 2026
Cache sync 27 at Tue Sep  1 19:45:16 UTC 2026
Cache sync 28 at Tue Sep  1 19:45:16 UTC 2026
Cache sync 29 at Tue Sep  1 19:45:16 UTC 2026
Cache sync 30 at Tue Sep  1 19:45:16 UTC 2026
Cache sync 31 at Tue Sep  1 19:45:16 UTC 2026
Cache sync 32 at Tue Sep  1 19:45:16 UTC 2026
Cache sync 33 at Tue Sep  1 19:45:16 UTC 2026
Cache sync 34 at Tue Sep  1 19:45:16 UTC 2026
Cache sync 35 at Tue Sep  1 19:45:16 UTC 2026
Cache sync 36 at Tue Sep  1 19:45:16 UTC 2026
Cache sync 37 at Tue Sep  1 19:45:16 UTC 2026
Cache sync 38 at Tue Sep  1 19:45:16 UTC 2026
Cache sync 39 at Tue Sep  1 19:45:16 UTC 2026
Cache sync 40 at Tue Sep  1 19:45:16 UTC 2026
Cache sync 41 at Tue Sep  1 19:45:16 UTC 2026
Cache sync 42 at Tue Sep  1 19:45:16 UTC 2026
Cache sync 43 at Tue Sep  1 19:45:16 UTC 2026
Cache sync 44 at Tue Sep  1 19:45:16 UTC 2026
Cache sync 45 at Tue Sep  1 19:45:16 UTC 2026
Cache sync 46 at Tue Sep  1 19:45:16 UTC 2026
Cache sync 47 at Tue Sep  1 19:45:16 UTC 2026
Cache sync 48 at Tue Sep  1 19:45:16 UTC 2026
Cache sync 49 at Tue Sep  1 19:45:16 UTC 2026
Cache sync 50 at Tue Sep  1 19:45:16 UTC 2026
Cache sync 51 at Tue Sep  1 19:45:16 UTC 2026
Cache sync 52 at Tue Sep  1 19:45:16 UTC 2026
Cache sync 53 at Tue Sep  1 19:45:16 UTC 2026
Cache sync 54 at Tue Sep  1 19:45:16 UTC 2026
Cache sync 55 at Tue Sep  1 19:45:16 UTC 2026
Cache sync 56 at Tue Sep  1 19:45:16 UTC 2026
Cache sync 57 at Tue Sep  1 19:45:16 UTC 2026
Cache sync 58 at Tue Sep  1 19:45:16 UTC 2026
Cache sync 59 at Tue Sep  1 19:45:16 UTC 2026
Cache sync 60 at Tue Sep  1 19:45:16 UTC 2026
Cache sync 61 at Tue Sep  1 19:45:16 UTC 2026
Cache sync 62 at Tue Sep  1 19:45:16 UTC 2026
Cache sync 63 at Tue Sep  1 19:45:16 UTC 2026
Cache sync 64 at Tue Sep  1 19:45:16 UTC 2026
Cache sync 65 at Tue Sep  1 19:45:16 UTC 2026
Cache sync 66 at Tue Sep  1 19:45:16 UTC 2026
Cache sync 67 at Tue Sep  1 19:45:16 UTC 2026
Cache sync 68 at Tue Sep  1 19:45:16 UTC 2026
Cache sync 69 at Tue Sep  1 19:45:16 UTC 2026
Cache sync 70 at Tue Sep  1 19:45:16 UTC 2026
Cache sync 71 at Tue Sep  1 19:45:16 UTC 2026
Cache sync 72 at Tue Sep  1 19:45:16 UTC 2026
Cache sync 73 at Tue Sep  1 19:45:16 UTC 2026
Cache sync 1 at Fri Sep  4 19:19:06 UTC 2026
Cache sync 2 at Fri Sep  4 19:19:06 UTC 2026
Cache sync 3 at Fri Sep  4 19:19:06 UTC 2026
Cache sync 4 at Fri Sep  4 19:19:06 UTC 2026
Cache sync 5 at Fri Sep  4 19:19:06 UTC 2026
Cache sync 6 at Fri Sep  4 19:19:06 UTC 2026
Cache sync 7 at Fri Sep  4 19:19:06 UTC 2026
Cache sync 8 at Fri Sep  4 19:19:06 UTC 2026
Cache sync 9 at Fri Sep  4 19:19:06 UTC 2026
Cache sync 10 at Fri Sep  4 19:19:06 UTC 2026
Cache sync 11 at Fri Sep  4 19:19:06 UTC 2026
Cache sync 12 at Fri Sep  4 19:19:06 UTC 2026
Cache sync 13 at Fri Sep  4 19:19:06 UTC 2026
Cache sync 14 at Fri Sep  4 19:19:06 UTC 2026
Cache sync 15 at Fri Sep  4 19:19:06 UTC 2026
Cache sync 16 at Fri Sep  4 19:19:06 UTC 2026
Cache sync 17 at Fri Sep  4 19:19:06 UTC 2026
Cache sync 1 at Sat Sep  5 18:48:28 UTC 2026
Cache sync 2 at Sat Sep  5 18:48:28 UTC 2026
Cache sync 3 at Sat Sep  5 18:48:28 UTC 2026
Cache sync 4 at Sat Sep  5 18:48:28 UTC 2026
Cache sync 5 at Sat Sep  5 18:48:28 UTC 2026
Cache sync 6 at Sat Sep  5 18:48:28 UTC 2026
Cache sync 7 at Sat Sep  5 18:48:28 UTC 2026
Cache sync 8 at Sat Sep  5 18:48:28 UTC 2026
Cache sync 9 at Sat Sep  5 18:48:28 UTC 2026
Cache sync 10 at Sat Sep  5 18:48:28 UTC 2026
Cache sync 11 at Sat Sep  5 18:48:28 UTC 2026
Cache sync 12 at Sat Sep  5 18:48:28 UTC 2026
Cache sync 13 at Sat Sep  5 18:48:28 UTC 2026
Cache sync 14 at Sat Sep  5 18:48:28 UTC 2026
Cache sync 15 at Sat Sep  5 18:48:28 UTC 2026
Cache sync 16 at Sat Sep  5 18:48:28 UTC 2026
Cache sync 17 at Sat Sep  5 18:48:28 UTC 2026
Cache sync 18 at Sat Sep  5 18:48:28 UTC 2026
Cache sync 19 at Sat Sep  5 18:48:28 UTC 2026
Cache sync 20 at Sat Sep  5 18:48:28 UTC 2026
Cache sync 21 at Sat Sep  5 18:48:28 UTC 2026
Cache sync 22 at Sat Sep  5 18:48:28 UTC 2026
Cache sync 23 at Sat Sep  5 18:48:28 UTC 2026
Cache sync 24 at Sat Sep  5 18:48:28 UTC 2026
Cache sync 25 at Sat Sep  5 18:48:28 UTC 2026
Cache sync 26 at Sat Sep  5 18:48:28 UTC 2026
Cache sync 27 at Sat Sep  5 18:48:28 UTC 2026
Cache sync 28 at Sat Sep  5 18:48:28 UTC 2026
Cache sync 29 at Sat Sep  5 18:48:28 UTC 2026
Cache sync 30 at Sat Sep  5 18:48:28 UTC 2026
Cache sync 31 at Sat Sep  5 18:48:28 UTC 2026
Cache sync 32 at Sat Sep  5 18:48:28 UTC 2026
Cache sync 33 at Sat Sep  5 18:48:28 UTC 2026
Cache sync 34 at Sat Sep  5 18:48:28 UTC 2026
Cache sync 35 at Sat Sep  5 18:48:28 UTC 2026
Cache sync 36 at Sat Sep  5 18:48:28 UTC 2026
Cache sync 37 at Sat Sep  5 18:48:28 UTC 2026
Cache sync 38 at Sat Sep  5 18:48:28 UTC 2026
Cache sync 39 at Sat Sep  5 18:48:28 UTC 2026
Cache sync 40 at Sat Sep  5 18:48:28 UTC 2026
Cache sync 41 at Sat Sep  5 18:48:28 UTC 2026
Cache sync 42 at Sat Sep  5 18:48:28 UTC 2026
Cache sync 43 at Sat Sep  5 18:48:28 UTC 2026
Cache sync 44 at Sat Sep  5 18:48:28 UTC 2026
Cache sync 45 at Sat Sep  5 18:48:28 UTC 2026
Cache sync 46 at Sat Sep  5 18:48:28 UTC 2026
Cache sync 47 at Sat Sep  5 18:48:28 UTC 2026
Cache sync 48 at Sat Sep  5 18:48:28 UTC 2026
Cache sync 49 at Sat Sep  5 18:48:28 UTC 2026
Cache sync 50 at Sat Sep  5 18:48:28 UTC 2026
Cache sync 51 at Sat Sep  5 18:48:28 UTC 2026
Cache sync 52 at Sat Sep  5 18:48:28 UTC 2026
Cache sync 53 at Sat Sep  5 18:48:28 UTC 2026
Cache sync 54 at Sat Sep  5 18:48:28 UTC 2026
Cache sync 55 at Sat Sep  5 18:48:28 UTC 2026
Cache sync 56 at Sat Sep  5 18:48:28 UTC 2026
Cache sync 57 at Sat Sep  5 18:48:28 UTC 2026
Cache sync 58 at Sat Sep  5 18:48:28 UTC 2026
Cache sync 59 at Sat Sep  5 18:48:28 UTC 2026
Cache sync 60 at Sat Sep  5 18:48:28 UTC 2026
Cache sync 1 at Sun Sep  6 18:53:18 UTC 2026
Cache sync 2 at Sun Sep  6 18:53:18 UTC 2026
Cache sync 3 at Sun Sep  6 18:53:18 UTC 2026
Cache sync 4 at Sun Sep  6 18:53:18 UTC 2026
Cache sync 5 at Sun Sep  6 18:53:18 UTC 2026
